ISO-10303-21;
HEADER;
FILE_DESCRIPTION((''),'2;1');
FILE_NAME('026605050','2015-04-21T',('me'),(''),
'PRO/ENGINEER BY PARAMETRIC TECHNOLOGY CORPORATION, 2011490',
'PRO/ENGINEER BY PARAMETRIC TECHNOLOGY CORPORATION, 2011490','');
FILE_SCHEMA(('CONFIG_CONTROL_DESIGN'));
ENDSEC;
DATA;
#1=DIRECTION('',(0.E0,0.E0,-1.E0));
#2=VECTOR('',#1,2.11E-1);
#3=CARTESIAN_POINT('',(-3.87E-1,-5.E-2,7.55E-2));
#4=LINE('',#3,#2);
#5=DIRECTION('',(0.E0,1.E0,0.E0));
#6=VECTOR('',#5,1.E-1);
#7=CARTESIAN_POINT('',(-3.87E-1,-5.E-2,-1.355E-1));
#8=LINE('',#7,#6);
#9=DIRECTION('',(0.E0,0.E0,1.E0));
#10=VECTOR('',#9,2.71E-1);
#11=CARTESIAN_POINT('',(-3.87E-1,5.E-2,-1.355E-1));
#12=LINE('',#11,#10);
#13=DIRECTION('',(0.E0,-1.E0,0.E0));
#14=VECTOR('',#13,3.5E-2);
#15=CARTESIAN_POINT('',(-3.87E-1,5.E-2,1.355E-1));
#16=LINE('',#15,#14);
#17=DIRECTION('',(0.E0,-8.660254037845E-1,-5.E-1));
#18=VECTOR('',#17,2.E-2);
#19=CARTESIAN_POINT('',(-3.87E-1,1.5E-2,1.355E-1));
#20=LINE('',#19,#18);
#21=DIRECTION('',(0.E0,-1.E0,0.E0));
#22=VECTOR('',#21,2.5E-2);
#23=CARTESIAN_POINT('',(-3.87E-1,-2.320508075690E-3,1.255E-1));
#24=LINE('',#23,#22);
#25=DIRECTION('',(0.E0,0.E0,1.E0));
#26=VECTOR('',#25,1.E-2);
#27=CARTESIAN_POINT('',(-3.87E-1,-2.732050807569E-2,1.255E-1));
#28=LINE('',#27,#26);
#29=DIRECTION('',(0.E0,-1.E0,0.E0));
#30=VECTOR('',#29,5.267949192431E-2);
#31=CARTESIAN_POINT('',(-3.87E-1,-2.732050807569E-2,1.355E-1));
#32=LINE('',#31,#30);
#33=DIRECTION('',(0.E0,0.E0,-1.E0));
#34=VECTOR('',#33,6.E-2);
#35=CARTESIAN_POINT('',(-3.87E-1,-8.E-2,1.355E-1));
#36=LINE('',#35,#34);
#37=DIRECTION('',(0.E0,1.E0,0.E0));
#38=VECTOR('',#37,3.E-2);
#39=CARTESIAN_POINT('',(-3.87E-1,-8.E-2,7.55E-2));
#40=LINE('',#39,#38);
#41=DIRECTION('',(1.E0,0.E0,0.E0));
#42=VECTOR('',#41,6.24E-1);
#43=CARTESIAN_POINT('',(-3.12E-1,-5.E-2,-1.355E-1));
#44=LINE('',#43,#42);
#45=DIRECTION('',(1.E0,0.E0,0.E0));
#46=VECTOR('',#45,2.3E-2);
#47=CARTESIAN_POINT('',(-3.87E-1,-5.E-2,7.55E-2));
#48=LINE('',#47,#46);
#49=DIRECTION('',(0.E0,0.E0,-1.E0));
#50=VECTOR('',#49,6.E-2);
#51=CARTESIAN_POINT('',(-2.6E-1,-5.E-2,1.355E-1));
#52=LINE('',#51,#50);
#53=DIRECTION('',(1.E0,0.E0,0.E0));
#54=VECTOR('',#53,5.2E-2);
#55=CARTESIAN_POINT('',(-2.6E-1,-5.E-2,7.55E-2));
#56=LINE('',#55,#54);
#57=DIRECTION('',(0.E0,0.E0,-1.E0));
#58=VECTOR('',#57,6.E-2);
#59=CARTESIAN_POINT('',(-1.04E-1,-5.E-2,1.355E-1));
#60=LINE('',#59,#58);
#61=DIRECTION('',(1.E0,0.E0,0.E0));
#62=VECTOR('',#61,5.2E-2);
#63=CARTESIAN_POINT('',(-1.04E-1,-5.E-2,7.55E-2));
#64=LINE('',#63,#62);
#65=DIRECTION('',(0.E0,0.E0,-1.E0));
#66=VECTOR('',#65,6.E-2);
#67=CARTESIAN_POINT('',(5.2E-2,-5.E-2,1.355E-1));
#68=LINE('',#67,#66);
#69=DIRECTION('',(1.E0,0.E0,0.E0));
#70=VECTOR('',#69,5.2E-2);
#71=CARTESIAN_POINT('',(5.2E-2,-5.E-2,7.55E-2));
#72=LINE('',#71,#70);
#73=DIRECTION('',(0.E0,0.E0,-1.E0));
#74=VECTOR('',#73,6.E-2);
#75=CARTESIAN_POINT('',(2.08E-1,-5.E-2,1.355E-1));
#76=LINE('',#75,#74);
#77=DIRECTION('',(1.E0,0.E0,0.E0));
#78=VECTOR('',#77,5.2E-2);
#79=CARTESIAN_POINT('',(2.08E-1,-5.E-2,7.55E-2));
#80=LINE('',#79,#78);
#81=DIRECTION('',(0.E0,0.E0,-1.E0));
#82=VECTOR('',#81,6.E-2);
#83=CARTESIAN_POINT('',(3.64E-1,-5.E-2,1.355E-1));
#84=LINE('',#83,#82);
#85=DIRECTION('',(1.E0,0.E0,0.E0));
#86=VECTOR('',#85,2.3E-2);
#87=CARTESIAN_POINT('',(3.64E-1,-5.E-2,7.55E-2));
#88=LINE('',#87,#86);
#89=DIRECTION('',(0.E0,0.E0,-1.E0));
#90=VECTOR('',#89,4.5E-2);
#91=CARTESIAN_POINT('',(2.875E-1,-5.E-2,-4.3E-2));
#92=LINE('',#91,#90);
#93=DIRECTION('',(-1.E0,0.E0,0.E0));
#94=VECTOR('',#93,4.5E-2);
#95=CARTESIAN_POINT('',(3.325E-1,-5.E-2,-8.8E-2));
#96=LINE('',#95,#94);
#97=DIRECTION('',(0.E0,0.E0,-1.E0));
#98=VECTOR('',#97,4.5E-2);
#99=CARTESIAN_POINT('',(3.325E-1,-5.E-2,-4.3E-2));
#100=LINE('',#99,#98);
#101=DIRECTION('',(1.E0,0.E0,0.E0));
#102=VECTOR('',#101,4.5E-2);
#103=CARTESIAN_POINT('',(2.875E-1,-5.E-2,-4.3E-2));
#104=LINE('',#103,#102);
#105=DIRECTION('',(0.E0,0.E0,-1.E0));
#106=VECTOR('',#105,4.5E-2);
#107=CARTESIAN_POINT('',(1.315E-1,-5.E-2,-4.3E-2));
#108=LINE('',#107,#106);
#109=DIRECTION('',(-1.E0,0.E0,0.E0));
#110=VECTOR('',#109,4.5E-2);
#111=CARTESIAN_POINT('',(1.765E-1,-5.E-2,-8.8E-2));
#112=LINE('',#111,#110);
#113=DIRECTION('',(0.E0,0.E0,-1.E0));
#114=VECTOR('',#113,4.5E-2);
#115=CARTESIAN_POINT('',(1.765E-1,-5.E-2,-4.3E-2));
#116=LINE('',#115,#114);
#117=DIRECTION('',(1.E0,0.E0,0.E0));
#118=VECTOR('',#117,4.5E-2);
#119=CARTESIAN_POINT('',(1.315E-1,-5.E-2,-4.3E-2));
#120=LINE('',#119,#118);
#121=DIRECTION('',(0.E0,0.E0,-1.E0));
#122=VECTOR('',#121,4.5E-2);
#123=CARTESIAN_POINT('',(-2.45E-2,-5.E-2,-4.3E-2));
#124=LINE('',#123,#122);
#125=DIRECTION('',(-1.E0,0.E0,0.E0));
#126=VECTOR('',#125,4.5E-2);
#127=CARTESIAN_POINT('',(2.05E-2,-5.E-2,-8.8E-2));
#128=LINE('',#127,#126);
#129=DIRECTION('',(0.E0,0.E0,-1.E0));
#130=VECTOR('',#129,4.5E-2);
#131=CARTESIAN_POINT('',(2.05E-2,-5.E-2,-4.3E-2));
#132=LINE('',#131,#130);
#133=DIRECTION('',(1.E0,0.E0,0.E0));
#134=VECTOR('',#133,4.5E-2);
#135=CARTESIAN_POINT('',(-2.45E-2,-5.E-2,-4.3E-2));
#136=LINE('',#135,#134);
#137=DIRECTION('',(0.E0,0.E0,-1.E0));
#138=VECTOR('',#137,4.5E-2);
#139=CARTESIAN_POINT('',(-1.805E-1,-5.E-2,-4.3E-2));
#140=LINE('',#139,#138);
#141=DIRECTION('',(-1.E0,0.E0,0.E0));
#142=VECTOR('',#141,4.5E-2);
#143=CARTESIAN_POINT('',(-1.355E-1,-5.E-2,-8.8E-2));
#144=LINE('',#143,#142);
#145=DIRECTION('',(0.E0,0.E0,-1.E0));
#146=VECTOR('',#145,4.5E-2);
#147=CARTESIAN_POINT('',(-1.355E-1,-5.E-2,-4.3E-2));
#148=LINE('',#147,#146);
#149=DIRECTION('',(1.E0,0.E0,0.E0));
#150=VECTOR('',#149,4.5E-2);
#151=CARTESIAN_POINT('',(-1.805E-1,-5.E-2,-4.3E-2));
#152=LINE('',#151,#150);
#153=DIRECTION('',(0.E0,0.E0,-1.E0));
#154=VECTOR('',#153,4.5E-2);
#155=CARTESIAN_POINT('',(-3.365E-1,-5.E-2,-4.3E-2));
#156=LINE('',#155,#154);
#157=DIRECTION('',(-1.E0,0.E0,0.E0));
#158=VECTOR('',#157,4.5E-2);
#159=CARTESIAN_POINT('',(-2.915E-1,-5.E-2,-8.8E-2));
#160=LINE('',#159,#158);
#161=DIRECTION('',(0.E0,0.E0,-1.E0));
#162=VECTOR('',#161,4.5E-2);
#163=CARTESIAN_POINT('',(-2.915E-1,-5.E-2,-4.3E-2));
#164=LINE('',#163,#162);
#165=DIRECTION('',(1.E0,0.E0,0.E0));
#166=VECTOR('',#165,4.5E-2);
#167=CARTESIAN_POINT('',(-3.365E-1,-5.E-2,-4.3E-2));
#168=LINE('',#167,#166);
#169=DIRECTION('',(0.E0,7.071067811865E-1,7.071067811865E-1));
#170=VECTOR('',#169,7.116652224137E-2);
#171=CARTESIAN_POINT('',(3.12E-1,-3.223304703376E-4,-1.858223304703E-1));
#172=LINE('',#171,#170);
#173=CARTESIAN_POINT('',(3.12E-1,1.735533905933E-2,-2.035E-1));
#174=DIRECTION('',(-1.E0,0.E0,0.E0));
#175=DIRECTION('',(0.E0,0.E0,-1.E0));
#176=AXIS2_PLACEMENT_3D('',#173,#174,#175);
#178=DIRECTION('',(0.E0,-1.E0,0.E0));
#179=VECTOR('',#178,9.551262658471E-2);
#180=CARTESIAN_POINT('',(3.12E-1,1.128679656440E-1,-2.285E-1));
#181=LINE('',#180,#179);
#182=CARTESIAN_POINT('',(3.12E-1,1.128679656440E-1,-1.535E-1));
#183=DIRECTION('',(-1.E0,0.E0,0.E0));
#184=DIRECTION('',(0.E0,7.071067811865E-1,-7.071067811865E-1));
#185=AXIS2_PLACEMENT_3D('',#182,#183,#184);
#187=DIRECTION('',(0.E0,-7.071067811865E-1,-7.071067811865E-1));
#188=VECTOR('',#187,3.403448788541E-2);
#189=CARTESIAN_POINT('',(3.12E-1,1.899669914110E-1,-1.824669914110E-1));
#190=LINE('',#189,#188);
#191=CARTESIAN_POINT('',(3.12E-1,2.43E-1,-2.355E-1));
#192=DIRECTION('',(1.E0,0.E0,0.E0));
#193=DIRECTION('',(0.E0,5.735764363510E-1,8.191520442890E-1));
#194=AXIS2_PLACEMENT_3D('',#191,#192,#193);
#196=DIRECTION('',(0.E0,-8.191520442890E-1,5.735764363510E-1));
#197=VECTOR('',#196,9.763970905193E-2);
#198=CARTESIAN_POINT('',(3.12E-1,3.66E-1,-2.300674330427E-1));
#199=LINE('',#198,#197);
#200=DIRECTION('',(0.E0,0.E0,1.E0));
#201=VECTOR('',#200,2.843256695732E-2);
#202=CARTESIAN_POINT('',(3.12E-1,3.66E-1,-2.585E-1));
#203=LINE('',#202,#201);
#204=DIRECTION('',(0.E0,1.E0,0.E0));
#205=VECTOR('',#204,3.71E-1);
#206=CARTESIAN_POINT('',(3.12E-1,-5.E-3,-2.585E-1));
#207=LINE('',#206,#205);
#208=CARTESIAN_POINT('',(3.12E-1,-5.E-3,-1.835E-1));
#209=DIRECTION('',(1.E0,0.E0,0.E0));
#210=DIRECTION('',(0.E0,-1.E0,0.E0));
#211=AXIS2_PLACEMENT_3D('',#208,#209,#210);
#213=DIRECTION('',(0.E0,0.E0,-1.E0));
#214=VECTOR('',#213,4.8E-2);
#215=CARTESIAN_POINT('',(3.12E-1,-8.E-2,-1.355E-1));
#216=LINE('',#215,#214);
#217=DIRECTION('',(0.E0,-1.E0,0.E0));
#218=VECTOR('',#217,3.E-2);
#219=CARTESIAN_POINT('',(3.12E-1,-5.E-2,-1.355E-1));
#220=LINE('',#219,#218);
#221=DIRECTION('',(0.E0,1.E0,0.E0));
#222=VECTOR('',#221,1.E-1);
#223=CARTESIAN_POINT('',(3.12E-1,-5.E-2,-1.355E-1));
#224=LINE('',#223,#222);
#225=DIRECTION('',(1.E0,0.E0,0.E0));
#226=VECTOR('',#225,7.5E-2);
#227=CARTESIAN_POINT('',(3.12E-1,-5.E-2,-1.355E-1));
#228=LINE('',#227,#226);
#229=DIRECTION('',(0.E0,1.E0,0.E0));
#230=VECTOR('',#229,1.E-1);
#231=CARTESIAN_POINT('',(-3.12E-1,-5.E-2,-1.355E-1));
#232=LINE('',#231,#230);
#233=DIRECTION('',(1.E0,0.E0,0.E0));
#234=VECTOR('',#233,7.5E-2);
#235=CARTESIAN_POINT('',(-3.87E-1,-5.E-2,-1.355E-1));
#236=LINE('',#235,#234);
#237=DIRECTION('',(0.E0,0.E0,-1.E0));
#238=VECTOR('',#237,2.11E-1);
#239=CARTESIAN_POINT('',(3.87E-1,-5.E-2,7.55E-2));
#240=LINE('',#239,#238);
#241=DIRECTION('',(0.E0,1.E0,0.E0));
#242=VECTOR('',#241,3.E-2);
#243=CARTESIAN_POINT('',(3.87E-1,-8.E-2,7.55E-2));
#244=LINE('',#243,#242);
#245=DIRECTION('',(0.E0,0.E0,-1.E0));
#246=VECTOR('',#245,6.E-2);
#247=CARTESIAN_POINT('',(3.87E-1,-8.E-2,1.355E-1));
#248=LINE('',#247,#246);
#249=DIRECTION('',(0.E0,-1.E0,0.E0));
#250=VECTOR('',#249,5.267949192431E-2);
#251=CARTESIAN_POINT('',(3.87E-1,-2.732050807569E-2,1.355E-1));
#252=LINE('',#251,#250);
#253=DIRECTION('',(0.E0,0.E0,1.E0));
#254=VECTOR('',#253,1.E-2);
#255=CARTESIAN_POINT('',(3.87E-1,-2.732050807569E-2,1.255E-1));
#256=LINE('',#255,#254);
#257=DIRECTION('',(0.E0,-1.E0,0.E0));
#258=VECTOR('',#257,2.5E-2);
#259=CARTESIAN_POINT('',(3.87E-1,-2.320508075690E-3,1.255E-1));
#260=LINE('',#259,#258);
#261=DIRECTION('',(0.E0,-8.660254037845E-1,-5.E-1));
#262=VECTOR('',#261,2.E-2);
#263=CARTESIAN_POINT('',(3.87E-1,1.5E-2,1.355E-1));
#264=LINE('',#263,#262);
#265=DIRECTION('',(0.E0,-1.E0,0.E0));
#266=VECTOR('',#265,3.5E-2);
#267=CARTESIAN_POINT('',(3.87E-1,5.E-2,1.355E-1));
#268=LINE('',#267,#266);
#269=DIRECTION('',(0.E0,0.E0,1.E0));
#270=VECTOR('',#269,2.71E-1);
#271=CARTESIAN_POINT('',(3.87E-1,5.E-2,-1.355E-1));
#272=LINE('',#271,#270);
#273=DIRECTION('',(0.E0,1.E0,0.E0));
#274=VECTOR('',#273,1.E-1);
#275=CARTESIAN_POINT('',(3.87E-1,-5.E-2,-1.355E-1));
#276=LINE('',#275,#274);
#277=DIRECTION('',(0.E0,1.E0,0.E0));
#278=VECTOR('',#277,3.E-2);
#279=CARTESIAN_POINT('',(3.64E-1,-8.E-2,7.55E-2));
#280=LINE('',#279,#278);
#281=DIRECTION('',(1.E0,0.E0,0.E0));
#282=VECTOR('',#281,2.3E-2);
#283=CARTESIAN_POINT('',(3.64E-1,-8.E-2,7.55E-2));
#284=LINE('',#283,#282);
#285=DIRECTION('',(0.E0,1.E0,0.E0));
#286=VECTOR('',#285,3.E-2);
#287=CARTESIAN_POINT('',(2.08E-1,-8.E-2,7.55E-2));
#288=LINE('',#287,#286);
#289=DIRECTION('',(1.E0,0.E0,0.E0));
#290=VECTOR('',#289,5.2E-2);
#291=CARTESIAN_POINT('',(2.08E-1,-8.E-2,7.55E-2));
#292=LINE('',#291,#290);
#293=DIRECTION('',(0.E0,1.E0,0.E0));
#294=VECTOR('',#293,3.E-2);
#295=CARTESIAN_POINT('',(2.6E-1,-8.E-2,7.55E-2));
#296=LINE('',#295,#294);
#297=DIRECTION('',(0.E0,1.E0,0.E0));
#298=VECTOR('',#297,3.E-2);
#299=CARTESIAN_POINT('',(5.2E-2,-8.E-2,7.55E-2));
#300=LINE('',#299,#298);
#301=DIRECTION('',(1.E0,0.E0,0.E0));
#302=VECTOR('',#301,5.2E-2);
#303=CARTESIAN_POINT('',(5.2E-2,-8.E-2,7.55E-2));
#304=LINE('',#303,#302);
#305=DIRECTION('',(0.E0,1.E0,0.E0));
#306=VECTOR('',#305,3.E-2);
#307=CARTESIAN_POINT('',(1.04E-1,-8.E-2,7.55E-2));
#308=LINE('',#307,#306);
#309=DIRECTION('',(0.E0,1.E0,0.E0));
#310=VECTOR('',#309,3.E-2);
#311=CARTESIAN_POINT('',(-1.04E-1,-8.E-2,7.55E-2));
#312=LINE('',#311,#310);
#313=DIRECTION('',(1.E0,0.E0,0.E0));
#314=VECTOR('',#313,5.2E-2);
#315=CARTESIAN_POINT('',(-1.04E-1,-8.E-2,7.55E-2));
#316=LINE('',#315,#314);
#317=DIRECTION('',(0.E0,1.E0,0.E0));
#318=VECTOR('',#317,3.E-2);
#319=CARTESIAN_POINT('',(-5.2E-2,-8.E-2,7.55E-2));
#320=LINE('',#319,#318);
#321=DIRECTION('',(0.E0,1.E0,0.E0));
#322=VECTOR('',#321,3.E-2);
#323=CARTESIAN_POINT('',(-3.64E-1,-8.E-2,7.55E-2));
#324=LINE('',#323,#322);
#325=DIRECTION('',(1.E0,0.E0,0.E0));
#326=VECTOR('',#325,2.3E-2);
#327=CARTESIAN_POINT('',(-3.87E-1,-8.E-2,7.55E-2));
#328=LINE('',#327,#326);
#329=DIRECTION('',(0.E0,1.E0,0.E0));
#330=VECTOR('',#329,3.E-2);
#331=CARTESIAN_POINT('',(-2.6E-1,-8.E-2,7.55E-2));
#332=LINE('',#331,#330);
#333=DIRECTION('',(1.E0,0.E0,0.E0));
#334=VECTOR('',#333,5.2E-2);
#335=CARTESIAN_POINT('',(-2.6E-1,-8.E-2,7.55E-2));
#336=LINE('',#335,#334);
#337=DIRECTION('',(0.E0,1.E0,0.E0));
#338=VECTOR('',#337,3.E-2);
#339=CARTESIAN_POINT('',(-2.08E-1,-8.E-2,7.55E-2));
#340=LINE('',#339,#338);
#341=DIRECTION('',(0.E0,1.E0,0.E0));
#342=VECTOR('',#341,3.E-2);
#343=CARTESIAN_POINT('',(-3.64E-1,-8.E-2,1.355E-1));
#344=LINE('',#343,#342);
#345=DIRECTION('',(1.E0,0.E0,0.E0));
#346=VECTOR('',#345,7.74E-1);
#347=CARTESIAN_POINT('',(-3.87E-1,-2.732050807569E-2,1.355E-1));
#348=LINE('',#347,#346);
#349=DIRECTION('',(0.E0,1.E0,0.E0));
#350=VECTOR('',#349,3.E-2);
#351=CARTESIAN_POINT('',(3.64E-1,-8.E-2,1.355E-1));
#352=LINE('',#351,#350);
#353=DIRECTION('',(-1.E0,0.E0,0.E0));
#354=VECTOR('',#353,1.04E-1);
#355=CARTESIAN_POINT('',(3.64E-1,-5.E-2,1.355E-1));
#356=LINE('',#355,#354);
#357=DIRECTION('',(0.E0,1.E0,0.E0));
#358=VECTOR('',#357,3.E-2);
#359=CARTESIAN_POINT('',(2.6E-1,-8.E-2,1.355E-1));
#360=LINE('',#359,#358);
#361=DIRECTION('',(0.E0,1.E0,0.E0));
#362=VECTOR('',#361,3.E-2);
#363=CARTESIAN_POINT('',(2.08E-1,-8.E-2,1.355E-1));
#364=LINE('',#363,#362);
#365=DIRECTION('',(-1.E0,0.E0,0.E0));
#366=VECTOR('',#365,1.04E-1);
#367=CARTESIAN_POINT('',(2.08E-1,-5.E-2,1.355E-1));
#368=LINE('',#367,#366);
#369=DIRECTION('',(0.E0,1.E0,0.E0));
#370=VECTOR('',#369,3.E-2);
#371=CARTESIAN_POINT('',(1.04E-1,-8.E-2,1.355E-1));
#372=LINE('',#371,#370);
#373=DIRECTION('',(0.E0,1.E0,0.E0));
#374=VECTOR('',#373,3.E-2);
#375=CARTESIAN_POINT('',(5.2E-2,-8.E-2,1.355E-1));
#376=LINE('',#375,#374);
#377=DIRECTION('',(-1.E0,0.E0,0.E0));
#378=VECTOR('',#377,1.04E-1);
#379=CARTESIAN_POINT('',(5.2E-2,-5.E-2,1.355E-1));
#380=LINE('',#379,#378);
#381=DIRECTION('',(0.E0,1.E0,0.E0));
#382=VECTOR('',#381,3.E-2);
#383=CARTESIAN_POINT('',(-5.2E-2,-8.E-2,1.355E-1));
#384=LINE('',#383,#382);
#385=DIRECTION('',(0.E0,1.E0,0.E0));
#386=VECTOR('',#385,3.E-2);
#387=CARTESIAN_POINT('',(-1.04E-1,-8.E-2,1.355E-1));
#388=LINE('',#387,#386);
#389=DIRECTION('',(-1.E0,0.E0,0.E0));
#390=VECTOR('',#389,1.04E-1);
#391=CARTESIAN_POINT('',(-1.04E-1,-5.E-2,1.355E-1));
#392=LINE('',#391,#390);
#393=DIRECTION('',(0.E0,1.E0,0.E0));
#394=VECTOR('',#393,3.E-2);
#395=CARTESIAN_POINT('',(-2.08E-1,-8.E-2,1.355E-1));
#396=LINE('',#395,#394);
#397=DIRECTION('',(0.E0,1.E0,0.E0));
#398=VECTOR('',#397,3.E-2);
#399=CARTESIAN_POINT('',(-2.6E-1,-8.E-2,1.355E-1));
#400=LINE('',#399,#398);
#401=DIRECTION('',(-1.E0,0.E0,0.E0));
#402=VECTOR('',#401,1.04E-1);
#403=CARTESIAN_POINT('',(-2.6E-1,-5.E-2,1.355E-1));
#404=LINE('',#403,#402);
#405=DIRECTION('',(0.E0,0.E0,-1.E0));
#406=VECTOR('',#405,6.E-2);
#407=CARTESIAN_POINT('',(-3.64E-1,-5.E-2,1.355E-1));
#408=LINE('',#407,#406);
#409=DIRECTION('',(0.E0,0.E0,-1.E0));
#410=VECTOR('',#409,6.E-2);
#411=CARTESIAN_POINT('',(3.64E-1,-8.E-2,1.355E-1));
#412=LINE('',#411,#410);
#413=DIRECTION('',(1.E0,0.E0,0.E0));
#414=VECTOR('',#413,2.3E-2);
#415=CARTESIAN_POINT('',(3.64E-1,-8.E-2,1.355E-1));
#416=LINE('',#415,#414);
#417=DIRECTION('',(0.E0,0.E0,-1.E0));
#418=VECTOR('',#417,6.E-2);
#419=CARTESIAN_POINT('',(2.08E-1,-8.E-2,1.355E-1));
#420=LINE('',#419,#418);
#421=DIRECTION('',(1.E0,0.E0,0.E0));
#422=VECTOR('',#421,5.2E-2);
#423=CARTESIAN_POINT('',(2.08E-1,-8.E-2,1.355E-1));
#424=LINE('',#423,#422);
#425=DIRECTION('',(0.E0,0.E0,-1.E0));
#426=VECTOR('',#425,6.E-2);
#427=CARTESIAN_POINT('',(2.6E-1,-8.E-2,1.355E-1));
#428=LINE('',#427,#426);
#429=DIRECTION('',(0.E0,0.E0,-1.E0));
#430=VECTOR('',#429,6.E-2);
#431=CARTESIAN_POINT('',(5.2E-2,-8.E-2,1.355E-1));
#432=LINE('',#431,#430);
#433=DIRECTION('',(1.E0,0.E0,0.E0));
#434=VECTOR('',#433,5.2E-2);
#435=CARTESIAN_POINT('',(5.2E-2,-8.E-2,1.355E-1));
#436=LINE('',#435,#434);
#437=DIRECTION('',(0.E0,0.E0,-1.E0));
#438=VECTOR('',#437,6.E-2);
#439=CARTESIAN_POINT('',(1.04E-1,-8.E-2,1.355E-1));
#440=LINE('',#439,#438);
#441=DIRECTION('',(0.E0,0.E0,-1.E0));
#442=VECTOR('',#441,6.E-2);
#443=CARTESIAN_POINT('',(-1.04E-1,-8.E-2,1.355E-1));
#444=LINE('',#443,#442);
#445=DIRECTION('',(1.E0,0.E0,0.E0));
#446=VECTOR('',#445,5.2E-2);
#447=CARTESIAN_POINT('',(-1.04E-1,-8.E-2,1.355E-1));
#448=LINE('',#447,#446);
#449=DIRECTION('',(0.E0,0.E0,-1.E0));
#450=VECTOR('',#449,6.E-2);
#451=CARTESIAN_POINT('',(-5.2E-2,-8.E-2,1.355E-1));
#452=LINE('',#451,#450);
#453=DIRECTION('',(0.E0,0.E0,-1.E0));
#454=VECTOR('',#453,6.E-2);
#455=CARTESIAN_POINT('',(-3.64E-1,-8.E-2,1.355E-1));
#456=LINE('',#455,#454);
#457=DIRECTION('',(1.E0,0.E0,0.E0));
#458=VECTOR('',#457,2.3E-2);
#459=CARTESIAN_POINT('',(-3.87E-1,-8.E-2,1.355E-1));
#460=LINE('',#459,#458);
#461=DIRECTION('',(0.E0,0.E0,-1.E0));
#462=VECTOR('',#461,6.E-2);
#463=CARTESIAN_POINT('',(-2.6E-1,-8.E-2,1.355E-1));
#464=LINE('',#463,#462);
#465=DIRECTION('',(1.E0,0.E0,0.E0));
#466=VECTOR('',#465,5.2E-2);
#467=CARTESIAN_POINT('',(-2.6E-1,-8.E-2,1.355E-1));
#468=LINE('',#467,#466);
#469=DIRECTION('',(0.E0,0.E0,-1.E0));
#470=VECTOR('',#469,6.E-2);
#471=CARTESIAN_POINT('',(-2.08E-1,-8.E-2,1.355E-1));
#472=LINE('',#471,#470);
#473=DIRECTION('',(0.E0,0.E0,-1.E0));
#474=VECTOR('',#473,6.E-2);
#475=CARTESIAN_POINT('',(2.6E-1,-5.E-2,1.355E-1));
#476=LINE('',#475,#474);
#477=DIRECTION('',(0.E0,0.E0,-1.E0));
#478=VECTOR('',#477,6.E-2);
#479=CARTESIAN_POINT('',(1.04E-1,-5.E-2,1.355E-1));
#480=LINE('',#479,#478);
#481=DIRECTION('',(0.E0,0.E0,-1.E0));
#482=VECTOR('',#481,6.E-2);
#483=CARTESIAN_POINT('',(-5.2E-2,-5.E-2,1.355E-1));
#484=LINE('',#483,#482);
#485=DIRECTION('',(0.E0,0.E0,-1.E0));
#486=VECTOR('',#485,6.E-2);
#487=CARTESIAN_POINT('',(-2.08E-1,-5.E-2,1.355E-1));
#488=LINE('',#487,#486);
#489=DIRECTION('',(1.E0,0.E0,0.E0));
#490=VECTOR('',#489,7.74E-1);
#491=CARTESIAN_POINT('',(-3.87E-1,-2.732050807569E-2,1.255E-1));
#492=LINE('',#491,#490);
#493=DIRECTION('',(1.E0,0.E0,0.E0));
#494=VECTOR('',#493,7.74E-1);
#495=CARTESIAN_POINT('',(-3.87E-1,-2.320508075690E-3,1.255E-1));
#496=LINE('',#495,#494);
#497=DIRECTION('',(1.E0,0.E0,0.E0));
#498=VECTOR('',#497,7.74E-1);
#499=CARTESIAN_POINT('',(-3.87E-1,1.5E-2,1.355E-1));
#500=LINE('',#499,#498);
#501=DIRECTION('',(1.E0,0.E0,0.E0));
#502=VECTOR('',#501,7.74E-1);
#503=CARTESIAN_POINT('',(-3.87E-1,5.E-2,1.355E-1));
#504=LINE('',#503,#502);
#505=DIRECTION('',(1.E0,0.E0,0.E0));
#506=VECTOR('',#505,6.24E-1);
#507=CARTESIAN_POINT('',(-3.12E-1,5.E-2,-1.355E-1));
#508=LINE('',#507,#506);
#509=DIRECTION('',(1.E0,0.E0,0.E0));
#510=VECTOR('',#509,7.5E-2);
#511=CARTESIAN_POINT('',(3.12E-1,5.E-2,-1.355E-1));
#512=LINE('',#511,#510);
#513=DIRECTION('',(1.E0,0.E0,0.E0));
#514=VECTOR('',#513,7.5E-2);
#515=CARTESIAN_POINT('',(-3.87E-1,5.E-2,-1.355E-1));
#516=LINE('',#515,#514);
#517=DIRECTION('',(0.E0,0.E0,-1.E0));
#518=VECTOR('',#517,4.5E-2);
#519=CARTESIAN_POINT('',(2.875E-1,5.E-2,-4.3E-2));
#520=LINE('',#519,#518);
#521=DIRECTION('',(1.E0,0.E0,0.E0));
#522=VECTOR('',#521,4.5E-2);
#523=CARTESIAN_POINT('',(2.875E-1,5.E-2,-4.3E-2));
#524=LINE('',#523,#522);
#525=DIRECTION('',(0.E0,0.E0,-1.E0));
#526=VECTOR('',#525,4.5E-2);
#527=CARTESIAN_POINT('',(3.325E-1,5.E-2,-4.3E-2));
#528=LINE('',#527,#526);
#529=DIRECTION('',(-1.E0,0.E0,0.E0));
#530=VECTOR('',#529,4.5E-2);
#531=CARTESIAN_POINT('',(3.325E-1,5.E-2,-8.8E-2));
#532=LINE('',#531,#530);
#533=DIRECTION('',(0.E0,0.E0,-1.E0));
#534=VECTOR('',#533,4.5E-2);
#535=CARTESIAN_POINT('',(1.315E-1,5.E-2,-4.3E-2));
#536=LINE('',#535,#534);
#537=DIRECTION('',(1.E0,0.E0,0.E0));
#538=VECTOR('',#537,4.5E-2);
#539=CARTESIAN_POINT('',(1.315E-1,5.E-2,-4.3E-2));
#540=LINE('',#539,#538);
#541=DIRECTION('',(0.E0,0.E0,-1.E0));
#542=VECTOR('',#541,4.5E-2);
#543=CARTESIAN_POINT('',(1.765E-1,5.E-2,-4.3E-2));
#544=LINE('',#543,#542);
#545=DIRECTION('',(-1.E0,0.E0,0.E0));
#546=VECTOR('',#545,4.5E-2);
#547=CARTESIAN_POINT('',(1.765E-1,5.E-2,-8.8E-2));
#548=LINE('',#547,#546);
#549=DIRECTION('',(0.E0,0.E0,-1.E0));
#550=VECTOR('',#549,4.5E-2);
#551=CARTESIAN_POINT('',(-2.45E-2,5.E-2,-4.3E-2));
#552=LINE('',#551,#550);
#553=DIRECTION('',(1.E0,0.E0,0.E0));
#554=VECTOR('',#553,4.5E-2);
#555=CARTESIAN_POINT('',(-2.45E-2,5.E-2,-4.3E-2));
#556=LINE('',#555,#554);
#557=DIRECTION('',(0.E0,0.E0,-1.E0));
#558=VECTOR('',#557,4.5E-2);
#559=CARTESIAN_POINT('',(2.05E-2,5.E-2,-4.3E-2));
#560=LINE('',#559,#558);
#561=DIRECTION('',(-1.E0,0.E0,0.E0));
#562=VECTOR('',#561,4.5E-2);
#563=CARTESIAN_POINT('',(2.05E-2,5.E-2,-8.8E-2));
#564=LINE('',#563,#562);
#565=DIRECTION('',(0.E0,0.E0,-1.E0));
#566=VECTOR('',#565,4.5E-2);
#567=CARTESIAN_POINT('',(-1.805E-1,5.E-2,-4.3E-2));
#568=LINE('',#567,#566);
#569=DIRECTION('',(1.E0,0.E0,0.E0));
#570=VECTOR('',#569,4.5E-2);
#571=CARTESIAN_POINT('',(-1.805E-1,5.E-2,-4.3E-2));
#572=LINE('',#571,#570);
#573=DIRECTION('',(0.E0,0.E0,-1.E0));
#574=VECTOR('',#573,4.5E-2);
#575=CARTESIAN_POINT('',(-1.355E-1,5.E-2,-4.3E-2));
#576=LINE('',#575,#574);
#577=DIRECTION('',(-1.E0,0.E0,0.E0));
#578=VECTOR('',#577,4.5E-2);
#579=CARTESIAN_POINT('',(-1.355E-1,5.E-2,-8.8E-2));
#580=LINE('',#579,#578);
#581=DIRECTION('',(0.E0,0.E0,-1.E0));
#582=VECTOR('',#581,4.5E-2);
#583=CARTESIAN_POINT('',(-3.365E-1,5.E-2,-4.3E-2));
#584=LINE('',#583,#582);
#585=DIRECTION('',(1.E0,0.E0,0.E0));
#586=VECTOR('',#585,4.5E-2);
#587=CARTESIAN_POINT('',(-3.365E-1,5.E-2,-4.3E-2));
#588=LINE('',#587,#586);
#589=DIRECTION('',(0.E0,0.E0,-1.E0));
#590=VECTOR('',#589,4.5E-2);
#591=CARTESIAN_POINT('',(-2.915E-1,5.E-2,-4.3E-2));
#592=LINE('',#591,#590);
#593=DIRECTION('',(-1.E0,0.E0,0.E0));
#594=VECTOR('',#593,4.5E-2);
#595=CARTESIAN_POINT('',(-2.915E-1,5.E-2,-8.8E-2));
#596=LINE('',#595,#594);
#597=DIRECTION('',(-1.E0,0.E0,0.E0));
#598=VECTOR('',#597,6.24E-1);
#599=CARTESIAN_POINT('',(3.12E-1,-3.223304703376E-4,-1.858223304703E-1));
#600=LINE('',#599,#598);
#601=DIRECTION('',(0.E0,-1.E0,0.E0));
#602=VECTOR('',#601,3.E-2);
#603=CARTESIAN_POINT('',(-3.12E-1,-5.E-2,-1.355E-1));
#604=LINE('',#603,#602);
#605=DIRECTION('',(0.E0,0.E0,-1.E0));
#606=VECTOR('',#605,4.8E-2);
#607=CARTESIAN_POINT('',(-3.12E-1,-8.E-2,-1.355E-1));
#608=LINE('',#607,#606);
#609=CARTESIAN_POINT('',(-3.12E-1,-5.E-3,-1.835E-1));
#610=DIRECTION('',(1.E0,0.E0,0.E0));
#611=DIRECTION('',(0.E0,-1.E0,0.E0));
#612=AXIS2_PLACEMENT_3D('',#609,#610,#611);
#614=DIRECTION('',(0.E0,1.E0,0.E0));
#615=VECTOR('',#614,3.71E-1);
#616=CARTESIAN_POINT('',(-3.12E-1,-5.E-3,-2.585E-1));
#617=LINE('',#616,#615);
#618=DIRECTION('',(0.E0,0.E0,1.E0));
#619=VECTOR('',#618,2.843256695732E-2);
#620=CARTESIAN_POINT('',(-3.12E-1,3.66E-1,-2.585E-1));
#621=LINE('',#620,#619);
#622=DIRECTION('',(0.E0,-8.191520442890E-1,5.735764363510E-1));
#623=VECTOR('',#622,9.763970905193E-2);
#624=CARTESIAN_POINT('',(-3.12E-1,3.66E-1,-2.300674330427E-1));
#625=LINE('',#624,#623);
#626=CARTESIAN_POINT('',(-3.12E-1,2.43E-1,-2.355E-1));
#627=DIRECTION('',(1.E0,0.E0,0.E0));
#628=DIRECTION('',(0.E0,5.735764363510E-1,8.191520442890E-1));
#629=AXIS2_PLACEMENT_3D('',#626,#627,#628);
#631=DIRECTION('',(0.E0,-7.071067811865E-1,-7.071067811865E-1));
#632=VECTOR('',#631,3.403448788541E-2);
#633=CARTESIAN_POINT('',(-3.12E-1,1.899669914110E-1,-1.824669914110E-1));
#634=LINE('',#633,#632);
#635=CARTESIAN_POINT('',(-3.12E-1,1.128679656440E-1,-1.535E-1));
#636=DIRECTION('',(-1.E0,0.E0,0.E0));
#637=DIRECTION('',(0.E0,7.071067811865E-1,-7.071067811865E-1));
#638=AXIS2_PLACEMENT_3D('',#635,#636,#637);
#640=DIRECTION('',(0.E0,-1.E0,0.E0));
#641=VECTOR('',#640,9.551262658471E-2);
#642=CARTESIAN_POINT('',(-3.12E-1,1.128679656440E-1,-2.285E-1));
#643=LINE('',#642,#641);
#644=CARTESIAN_POINT('',(-3.12E-1,1.735533905933E-2,-2.035E-1));
#645=DIRECTION('',(-1.E0,0.E0,0.E0));
#646=DIRECTION('',(0.E0,0.E0,-1.E0));
#647=AXIS2_PLACEMENT_3D('',#644,#645,#646);
#649=DIRECTION('',(0.E0,7.071067811865E-1,7.071067811865E-1));
#650=VECTOR('',#649,7.116652224137E-2);
#651=CARTESIAN_POINT('',(-3.12E-1,-3.223304703376E-4,-1.858223304703E-1));
#652=LINE('',#651,#650);
#653=DIRECTION('',(-1.E0,0.E0,0.E0));
#654=VECTOR('',#653,6.24E-1);
#655=CARTESIAN_POINT('',(3.12E-1,-8.E-2,-1.355E-1));
#656=LINE('',#655,#654);
#657=DIRECTION('',(-1.E0,0.E0,0.E0));
#658=VECTOR('',#657,6.24E-1);
#659=CARTESIAN_POINT('',(3.12E-1,-8.E-2,-1.835E-1));
#660=LINE('',#659,#658);
#661=DIRECTION('',(-1.E0,0.E0,0.E0));
#662=VECTOR('',#661,6.24E-1);
#663=CARTESIAN_POINT('',(3.12E-1,-5.E-3,-2.585E-1));
#664=LINE('',#663,#662);
#665=DIRECTION('',(-1.E0,0.E0,0.E0));
#666=VECTOR('',#665,6.24E-1);
#667=CARTESIAN_POINT('',(3.12E-1,3.66E-1,-2.585E-1));
#668=LINE('',#667,#666);
#669=DIRECTION('',(-1.E0,0.E0,0.E0));
#670=VECTOR('',#669,6.24E-1);
#671=CARTESIAN_POINT('',(3.12E-1,3.66E-1,-2.300674330427E-1));
#672=LINE('',#671,#670);
#673=DIRECTION('',(-1.E0,0.E0,0.E0));
#674=VECTOR('',#673,6.24E-1);
#675=CARTESIAN_POINT('',(3.12E-1,2.860182327263E-1,-1.740635966783E-1));
#676=LINE('',#675,#674);
#677=DIRECTION('',(-1.E0,0.E0,0.E0));
#678=VECTOR('',#677,6.24E-1);
#679=CARTESIAN_POINT('',(3.12E-1,1.899669914110E-1,-1.824669914110E-1));
#680=LINE('',#679,#678);
#681=DIRECTION('',(-1.E0,0.E0,0.E0));
#682=VECTOR('',#681,6.24E-1);
#683=CARTESIAN_POINT('',(3.12E-1,1.659009742330E-1,-2.065330085890E-1));
#684=LINE('',#683,#682);
#685=DIRECTION('',(-1.E0,0.E0,0.E0));
#686=VECTOR('',#685,6.24E-1);
#687=CARTESIAN_POINT('',(3.12E-1,1.128679656440E-1,-2.285E-1));
#688=LINE('',#687,#686);
#689=DIRECTION('',(-1.E0,0.E0,0.E0));
#690=VECTOR('',#689,6.24E-1);
#691=CARTESIAN_POINT('',(3.12E-1,1.735533905933E-2,-2.285E-1));
#692=LINE('',#691,#690);
#693=DIRECTION('',(0.E0,0.E0,-1.E0));
#694=VECTOR('',#693,2.59E-1);
#695=CARTESIAN_POINT('',(2.875E-1,-3.155E-1,2.915E-1));
#696=LINE('',#695,#694);
#697=CARTESIAN_POINT('',(2.875E-1,-1.95E-1,3.25E-2));
#698=DIRECTION('',(1.E0,0.E0,0.E0));
#699=DIRECTION('',(0.E0,-1.E0,0.E0));
#700=AXIS2_PLACEMENT_3D('',#697,#698,#699);
#702=DIRECTION('',(0.E0,1.E0,0.E0));
#703=VECTOR('',#702,1.45E-1);
#704=CARTESIAN_POINT('',(2.875E-1,-1.95E-1,-8.8E-2));
#705=LINE('',#704,#703);
#706=DIRECTION('',(0.E0,1.E0,0.E0));
#707=VECTOR('',#706,4.5E-1);
#708=CARTESIAN_POINT('',(2.875E-1,5.E-2,-8.8E-2));
#709=LINE('',#708,#707);
#710=DIRECTION('',(1.E0,0.E0,0.E0));
#711=VECTOR('',#710,4.5E-2);
#712=CARTESIAN_POINT('',(2.875E-1,-1.95E-1,-4.3E-2));
#713=LINE('',#712,#711);
#714=DIRECTION('',(0.E0,1.E0,0.E0));
#715=VECTOR('',#714,1.45E-1);
#716=CARTESIAN_POINT('',(2.875E-1,-1.95E-1,-4.3E-2));
#717=LINE('',#716,#715);
#718=DIRECTION('',(0.E0,1.E0,0.E0));
#719=VECTOR('',#718,4.5E-1);
#720=CARTESIAN_POINT('',(2.875E-1,5.E-2,-4.3E-2));
#721=LINE('',#720,#719);
#722=DIRECTION('',(0.E0,0.E0,-1.E0));
#723=VECTOR('',#722,2.59E-1);
#724=CARTESIAN_POINT('',(3.325E-1,-2.705E-1,2.915E-1));
#725=LINE('',#724,#723);
#726=CARTESIAN_POINT('',(3.325E-1,-1.95E-1,3.25E-2));
#727=DIRECTION('',(1.E0,0.E0,0.E0));
#728=DIRECTION('',(0.E0,-1.E0,0.E0));
#729=AXIS2_PLACEMENT_3D('',#726,#727,#728);
#731=DIRECTION('',(0.E0,1.E0,0.E0));
#732=VECTOR('',#731,1.45E-1);
#733=CARTESIAN_POINT('',(3.325E-1,-1.95E-1,-4.3E-2));
#734=LINE('',#733,#732);
#735=DIRECTION('',(0.E0,1.E0,0.E0));
#736=VECTOR('',#735,4.5E-1);
#737=CARTESIAN_POINT('',(3.325E-1,5.E-2,-4.3E-2));
#738=LINE('',#737,#736);
#739=DIRECTION('',(-1.E0,0.E0,0.E0));
#740=VECTOR('',#739,4.5E-2);
#741=CARTESIAN_POINT('',(3.325E-1,-1.95E-1,-8.8E-2));
#742=LINE('',#741,#740);
#743=DIRECTION('',(0.E0,1.E0,0.E0));
#744=VECTOR('',#743,1.45E-1);
#745=CARTESIAN_POINT('',(3.325E-1,-1.95E-1,-8.8E-2));
#746=LINE('',#745,#744);
#747=DIRECTION('',(0.E0,1.E0,0.E0));
#748=VECTOR('',#747,4.5E-1);
#749=CARTESIAN_POINT('',(3.325E-1,5.E-2,-8.8E-2));
#750=LINE('',#749,#748);
#751=DIRECTION('',(-1.E0,0.E0,0.E0));
#752=VECTOR('',#751,4.5E-2);
#753=CARTESIAN_POINT('',(3.325E-1,-3.155E-1,3.25E-2));
#754=LINE('',#753,#752);
#755=CARTESIAN_POINT('',(3.325E-1,-1.95E-1,3.25E-2));
#756=DIRECTION('',(1.E0,0.E0,0.E0));
#757=DIRECTION('',(0.E0,-1.E0,0.E0));
#758=AXIS2_PLACEMENT_3D('',#755,#756,#757);
#760=DIRECTION('',(0.E0,0.E0,-1.E0));
#761=VECTOR('',#760,2.59E-1);
#762=CARTESIAN_POINT('',(3.325E-1,-3.155E-1,2.915E-1));
#763=LINE('',#762,#761);
#764=DIRECTION('',(-1.E0,0.E0,0.E0));
#765=VECTOR('',#764,4.5E-2);
#766=CARTESIAN_POINT('',(3.325E-1,-3.155E-1,2.915E-1));
#767=LINE('',#766,#765);
#768=DIRECTION('',(0.E0,1.E0,0.E0));
#769=VECTOR('',#768,4.5E-2);
#770=CARTESIAN_POINT('',(2.875E-1,-3.155E-1,2.915E-1));
#771=LINE('',#770,#769);
#772=DIRECTION('',(1.E0,0.E0,0.E0));
#773=VECTOR('',#772,4.5E-2);
#774=CARTESIAN_POINT('',(2.875E-1,-2.705E-1,2.915E-1));
#775=LINE('',#774,#773);
#776=DIRECTION('',(0.E0,-1.E0,0.E0));
#777=VECTOR('',#776,4.5E-2);
#778=CARTESIAN_POINT('',(3.325E-1,-2.705E-1,2.915E-1));
#779=LINE('',#778,#777);
#780=DIRECTION('',(0.E0,0.E0,-1.E0));
#781=VECTOR('',#780,2.59E-1);
#782=CARTESIAN_POINT('',(2.875E-1,-2.705E-1,2.915E-1));
#783=LINE('',#782,#781);
#784=DIRECTION('',(1.E0,0.E0,0.E0));
#785=VECTOR('',#784,4.5E-2);
#786=CARTESIAN_POINT('',(2.875E-1,-2.705E-1,3.25E-2));
#787=LINE('',#786,#785);
#788=CARTESIAN_POINT('',(2.875E-1,-1.95E-1,3.25E-2));
#789=DIRECTION('',(1.E0,0.E0,0.E0));
#790=DIRECTION('',(0.E0,-1.E0,0.E0));
#791=AXIS2_PLACEMENT_3D('',#788,#789,#790);
#793=DIRECTION('',(-1.E0,0.E0,0.E0));
#794=VECTOR('',#793,4.5E-2);
#795=CARTESIAN_POINT('',(3.325E-1,5.E-1,-8.8E-2));
#796=LINE('',#795,#794);
#797=DIRECTION('',(0.E0,0.E0,-1.E0));
#798=VECTOR('',#797,4.5E-2);
#799=CARTESIAN_POINT('',(3.325E-1,5.E-1,-4.3E-2));
#800=LINE('',#799,#798);
#801=DIRECTION('',(1.E0,0.E0,0.E0));
#802=VECTOR('',#801,4.5E-2);
#803=CARTESIAN_POINT('',(2.875E-1,5.E-1,-4.3E-2));
#804=LINE('',#803,#802);
#805=DIRECTION('',(0.E0,0.E0,1.E0));
#806=VECTOR('',#805,4.5E-2);
#807=CARTESIAN_POINT('',(2.875E-1,5.E-1,-8.8E-2));
#808=LINE('',#807,#806);
#809=DIRECTION('',(0.E0,0.E0,-1.E0));
#810=VECTOR('',#809,2.59E-1);
#811=CARTESIAN_POINT('',(1.315E-1,-3.155E-1,2.915E-1));
#812=LINE('',#811,#810);
#813=CARTESIAN_POINT('',(1.315E-1,-1.95E-1,3.25E-2));
#814=DIRECTION('',(1.E0,0.E0,0.E0));
#815=DIRECTION('',(0.E0,-1.E0,0.E0));
#816=AXIS2_PLACEMENT_3D('',#813,#814,#815);
#818=DIRECTION('',(0.E0,1.E0,0.E0));
#819=VECTOR('',#818,1.45E-1);
#820=CARTESIAN_POINT('',(1.315E-1,-1.95E-1,-8.8E-2));
#821=LINE('',#820,#819);
#822=DIRECTION('',(0.E0,1.E0,0.E0));
#823=VECTOR('',#822,4.5E-1);
#824=CARTESIAN_POINT('',(1.315E-1,5.E-2,-8.8E-2));
#825=LINE('',#824,#823);
#826=DIRECTION('',(1.E0,0.E0,0.E0));
#827=VECTOR('',#826,4.5E-2);
#828=CARTESIAN_POINT('',(1.315E-1,-1.95E-1,-4.3E-2));
#829=LINE('',#828,#827);
#830=DIRECTION('',(0.E0,1.E0,0.E0));
#831=VECTOR('',#830,1.45E-1);
#832=CARTESIAN_POINT('',(1.315E-1,-1.95E-1,-4.3E-2));
#833=LINE('',#832,#831);
#834=DIRECTION('',(0.E0,1.E0,0.E0));
#835=VECTOR('',#834,4.5E-1);
#836=CARTESIAN_POINT('',(1.315E-1,5.E-2,-4.3E-2));
#837=LINE('',#836,#835);
#838=DIRECTION('',(0.E0,0.E0,-1.E0));
#839=VECTOR('',#838,2.59E-1);
#840=CARTESIAN_POINT('',(1.765E-1,-2.705E-1,2.915E-1));
#841=LINE('',#840,#839);
#842=CARTESIAN_POINT('',(1.765E-1,-1.95E-1,3.25E-2));
#843=DIRECTION('',(1.E0,0.E0,0.E0));
#844=DIRECTION('',(0.E0,-1.E0,0.E0));
#845=AXIS2_PLACEMENT_3D('',#842,#843,#844);
#847=DIRECTION('',(0.E0,1.E0,0.E0));
#848=VECTOR('',#847,1.45E-1);
#849=CARTESIAN_POINT('',(1.765E-1,-1.95E-1,-4.3E-2));
#850=LINE('',#849,#848);
#851=DIRECTION('',(0.E0,1.E0,0.E0));
#852=VECTOR('',#851,4.5E-1);
#853=CARTESIAN_POINT('',(1.765E-1,5.E-2,-4.3E-2));
#854=LINE('',#853,#852);
#855=DIRECTION('',(-1.E0,0.E0,0.E0));
#856=VECTOR('',#855,4.5E-2);
#857=CARTESIAN_POINT('',(1.765E-1,-1.95E-1,-8.8E-2));
#858=LINE('',#857,#856);
#859=DIRECTION('',(0.E0,1.E0,0.E0));
#860=VECTOR('',#859,1.45E-1);
#861=CARTESIAN_POINT('',(1.765E-1,-1.95E-1,-8.8E-2));
#862=LINE('',#861,#860);
#863=DIRECTION('',(0.E0,1.E0,0.E0));
#864=VECTOR('',#863,4.5E-1);
#865=CARTESIAN_POINT('',(1.765E-1,5.E-2,-8.8E-2));
#866=LINE('',#865,#864);
#867=DIRECTION('',(-1.E0,0.E0,0.E0));
#868=VECTOR('',#867,4.5E-2);
#869=CARTESIAN_POINT('',(1.765E-1,-3.155E-1,3.25E-2));
#870=LINE('',#869,#868);
#871=CARTESIAN_POINT('',(1.765E-1,-1.95E-1,3.25E-2));
#872=DIRECTION('',(1.E0,0.E0,0.E0));
#873=DIRECTION('',(0.E0,-1.E0,0.E0));
#874=AXIS2_PLACEMENT_3D('',#871,#872,#873);
#876=DIRECTION('',(0.E0,0.E0,-1.E0));
#877=VECTOR('',#876,2.59E-1);
#878=CARTESIAN_POINT('',(1.765E-1,-3.155E-1,2.915E-1));
#879=LINE('',#878,#877);
#880=DIRECTION('',(-1.E0,0.E0,0.E0));
#881=VECTOR('',#880,4.5E-2);
#882=CARTESIAN_POINT('',(1.765E-1,-3.155E-1,2.915E-1));
#883=LINE('',#882,#881);
#884=DIRECTION('',(0.E0,1.E0,0.E0));
#885=VECTOR('',#884,4.5E-2);
#886=CARTESIAN_POINT('',(1.315E-1,-3.155E-1,2.915E-1));
#887=LINE('',#886,#885);
#888=DIRECTION('',(1.E0,0.E0,0.E0));
#889=VECTOR('',#888,4.5E-2);
#890=CARTESIAN_POINT('',(1.315E-1,-2.705E-1,2.915E-1));
#891=LINE('',#890,#889);
#892=DIRECTION('',(0.E0,-1.E0,0.E0));
#893=VECTOR('',#892,4.5E-2);
#894=CARTESIAN_POINT('',(1.765E-1,-2.705E-1,2.915E-1));
#895=LINE('',#894,#893);
#896=DIRECTION('',(0.E0,0.E0,-1.E0));
#897=VECTOR('',#896,2.59E-1);
#898=CARTESIAN_POINT('',(1.315E-1,-2.705E-1,2.915E-1));
#899=LINE('',#898,#897);
#900=DIRECTION('',(1.E0,0.E0,0.E0));
#901=VECTOR('',#900,4.5E-2);
#902=CARTESIAN_POINT('',(1.315E-1,-2.705E-1,3.25E-2));
#903=LINE('',#902,#901);
#904=CARTESIAN_POINT('',(1.315E-1,-1.95E-1,3.25E-2));
#905=DIRECTION('',(1.E0,0.E0,0.E0));
#906=DIRECTION('',(0.E0,-1.E0,0.E0));
#907=AXIS2_PLACEMENT_3D('',#904,#905,#906);
#909=DIRECTION('',(-1.E0,0.E0,0.E0));
#910=VECTOR('',#909,4.5E-2);
#911=CARTESIAN_POINT('',(1.765E-1,5.E-1,-8.8E-2));
#912=LINE('',#911,#910);
#913=DIRECTION('',(0.E0,0.E0,-1.E0));
#914=VECTOR('',#913,4.5E-2);
#915=CARTESIAN_POINT('',(1.765E-1,5.E-1,-4.3E-2));
#916=LINE('',#915,#914);
#917=DIRECTION('',(1.E0,0.E0,0.E0));
#918=VECTOR('',#917,4.5E-2);
#919=CARTESIAN_POINT('',(1.315E-1,5.E-1,-4.3E-2));
#920=LINE('',#919,#918);
#921=DIRECTION('',(0.E0,0.E0,1.E0));
#922=VECTOR('',#921,4.5E-2);
#923=CARTESIAN_POINT('',(1.315E-1,5.E-1,-8.8E-2));
#924=LINE('',#923,#922);
#925=DIRECTION('',(0.E0,0.E0,-1.E0));
#926=VECTOR('',#925,2.59E-1);
#927=CARTESIAN_POINT('',(-2.45E-2,-3.155E-1,2.915E-1));
#928=LINE('',#927,#926);
#929=CARTESIAN_POINT('',(-2.45E-2,-1.95E-1,3.25E-2));
#930=DIRECTION('',(1.E0,0.E0,0.E0));
#931=DIRECTION('',(0.E0,-1.E0,0.E0));
#932=AXIS2_PLACEMENT_3D('',#929,#930,#931);
#934=DIRECTION('',(0.E0,1.E0,0.E0));
#935=VECTOR('',#934,1.45E-1);
#936=CARTESIAN_POINT('',(-2.45E-2,-1.95E-1,-8.8E-2));
#937=LINE('',#936,#935);
#938=DIRECTION('',(0.E0,1.E0,0.E0));
#939=VECTOR('',#938,4.5E-1);
#940=CARTESIAN_POINT('',(-2.45E-2,5.E-2,-8.8E-2));
#941=LINE('',#940,#939);
#942=DIRECTION('',(1.E0,0.E0,0.E0));
#943=VECTOR('',#942,4.5E-2);
#944=CARTESIAN_POINT('',(-2.45E-2,-1.95E-1,-4.3E-2));
#945=LINE('',#944,#943);
#946=DIRECTION('',(0.E0,1.E0,0.E0));
#947=VECTOR('',#946,1.45E-1);
#948=CARTESIAN_POINT('',(-2.45E-2,-1.95E-1,-4.3E-2));
#949=LINE('',#948,#947);
#950=DIRECTION('',(0.E0,1.E0,0.E0));
#951=VECTOR('',#950,4.5E-1);
#952=CARTESIAN_POINT('',(-2.45E-2,5.E-2,-4.3E-2));
#953=LINE('',#952,#951);
#954=DIRECTION('',(0.E0,0.E0,-1.E0));
#955=VECTOR('',#954,2.59E-1);
#956=CARTESIAN_POINT('',(2.05E-2,-2.705E-1,2.915E-1));
#957=LINE('',#956,#955);
#958=CARTESIAN_POINT('',(2.05E-2,-1.95E-1,3.25E-2));
#959=DIRECTION('',(1.E0,0.E0,0.E0));
#960=DIRECTION('',(0.E0,-1.E0,0.E0));
#961=AXIS2_PLACEMENT_3D('',#958,#959,#960);
#963=DIRECTION('',(0.E0,1.E0,0.E0));
#964=VECTOR('',#963,1.45E-1);
#965=CARTESIAN_POINT('',(2.05E-2,-1.95E-1,-4.3E-2));
#966=LINE('',#965,#964);
#967=DIRECTION('',(0.E0,1.E0,0.E0));
#968=VECTOR('',#967,4.5E-1);
#969=CARTESIAN_POINT('',(2.05E-2,5.E-2,-4.3E-2));
#970=LINE('',#969,#968);
#971=DIRECTION('',(-1.E0,0.E0,0.E0));
#972=VECTOR('',#971,4.5E-2);
#973=CARTESIAN_POINT('',(2.05E-2,-1.95E-1,-8.8E-2));
#974=LINE('',#973,#972);
#975=DIRECTION('',(0.E0,1.E0,0.E0));
#976=VECTOR('',#975,1.45E-1);
#977=CARTESIAN_POINT('',(2.05E-2,-1.95E-1,-8.8E-2));
#978=LINE('',#977,#976);
#979=DIRECTION('',(0.E0,1.E0,0.E0));
#980=VECTOR('',#979,4.5E-1);
#981=CARTESIAN_POINT('',(2.05E-2,5.E-2,-8.8E-2));
#982=LINE('',#981,#980);
#983=DIRECTION('',(-1.E0,0.E0,0.E0));
#984=VECTOR('',#983,4.5E-2);
#985=CARTESIAN_POINT('',(2.05E-2,-3.155E-1,3.25E-2));
#986=LINE('',#985,#984);
#987=CARTESIAN_POINT('',(2.05E-2,-1.95E-1,3.25E-2));
#988=DIRECTION('',(1.E0,0.E0,0.E0));
#989=DIRECTION('',(0.E0,-1.E0,0.E0));
#990=AXIS2_PLACEMENT_3D('',#987,#988,#989);
#992=DIRECTION('',(0.E0,0.E0,-1.E0));
#993=VECTOR('',#992,2.59E-1);
#994=CARTESIAN_POINT('',(2.05E-2,-3.155E-1,2.915E-1));
#995=LINE('',#994,#993);
#996=DIRECTION('',(-1.E0,0.E0,0.E0));
#997=VECTOR('',#996,4.5E-2);
#998=CARTESIAN_POINT('',(2.05E-2,-3.155E-1,2.915E-1));
#999=LINE('',#998,#997);
#1000=DIRECTION('',(0.E0,1.E0,0.E0));
#1001=VECTOR('',#1000,4.5E-2);
#1002=CARTESIAN_POINT('',(-2.45E-2,-3.155E-1,2.915E-1));
#1003=LINE('',#1002,#1001);
#1004=DIRECTION('',(1.E0,0.E0,0.E0));
#1005=VECTOR('',#1004,4.5E-2);
#1006=CARTESIAN_POINT('',(-2.45E-2,-2.705E-1,2.915E-1));
#1007=LINE('',#1006,#1005);
#1008=DIRECTION('',(0.E0,-1.E0,0.E0));
#1009=VECTOR('',#1008,4.5E-2);
#1010=CARTESIAN_POINT('',(2.05E-2,-2.705E-1,2.915E-1));
#1011=LINE('',#1010,#1009);
#1012=DIRECTION('',(0.E0,0.E0,-1.E0));
#1013=VECTOR('',#1012,2.59E-1);
#1014=CARTESIAN_POINT('',(-2.45E-2,-2.705E-1,2.915E-1));
#1015=LINE('',#1014,#1013);
#1016=DIRECTION('',(1.E0,0.E0,0.E0));
#1017=VECTOR('',#1016,4.5E-2);
#1018=CARTESIAN_POINT('',(-2.45E-2,-2.705E-1,3.25E-2));
#1019=LINE('',#1018,#1017);
#1020=CARTESIAN_POINT('',(-2.45E-2,-1.95E-1,3.25E-2));
#1021=DIRECTION('',(1.E0,0.E0,0.E0));
#1022=DIRECTION('',(0.E0,-1.E0,0.E0));
#1023=AXIS2_PLACEMENT_3D('',#1020,#1021,#1022);
#1025=DIRECTION('',(-1.E0,0.E0,0.E0));
#1026=VECTOR('',#1025,4.5E-2);
#1027=CARTESIAN_POINT('',(2.05E-2,5.E-1,-8.8E-2));
#1028=LINE('',#1027,#1026);
#1029=DIRECTION('',(0.E0,0.E0,-1.E0));
#1030=VECTOR('',#1029,4.5E-2);
#1031=CARTESIAN_POINT('',(2.05E-2,5.E-1,-4.3E-2));
#1032=LINE('',#1031,#1030);
#1033=DIRECTION('',(1.E0,0.E0,0.E0));
#1034=VECTOR('',#1033,4.5E-2);
#1035=CARTESIAN_POINT('',(-2.45E-2,5.E-1,-4.3E-2));
#1036=LINE('',#1035,#1034);
#1037=DIRECTION('',(0.E0,0.E0,1.E0));
#1038=VECTOR('',#1037,4.5E-2);
#1039=CARTESIAN_POINT('',(-2.45E-2,5.E-1,-8.8E-2));
#1040=LINE('',#1039,#1038);
#1041=DIRECTION('',(0.E0,0.E0,-1.E0));
#1042=VECTOR('',#1041,2.59E-1);
#1043=CARTESIAN_POINT('',(-1.805E-1,-3.155E-1,2.915E-1));
#1044=LINE('',#1043,#1042);
#1045=CARTESIAN_POINT('',(-1.805E-1,-1.95E-1,3.25E-2));
#1046=DIRECTION('',(1.E0,0.E0,0.E0));
#1047=DIRECTION('',(0.E0,-1.E0,0.E0));
#1048=AXIS2_PLACEMENT_3D('',#1045,#1046,#1047);
#1050=DIRECTION('',(0.E0,1.E0,0.E0));
#1051=VECTOR('',#1050,1.45E-1);
#1052=CARTESIAN_POINT('',(-1.805E-1,-1.95E-1,-8.8E-2));
#1053=LINE('',#1052,#1051);
#1054=DIRECTION('',(0.E0,1.E0,0.E0));
#1055=VECTOR('',#1054,4.5E-1);
#1056=CARTESIAN_POINT('',(-1.805E-1,5.E-2,-8.8E-2));
#1057=LINE('',#1056,#1055);
#1058=DIRECTION('',(1.E0,0.E0,0.E0));
#1059=VECTOR('',#1058,4.5E-2);
#1060=CARTESIAN_POINT('',(-1.805E-1,-1.95E-1,-4.3E-2));
#1061=LINE('',#1060,#1059);
#1062=DIRECTION('',(0.E0,1.E0,0.E0));
#1063=VECTOR('',#1062,1.45E-1);
#1064=CARTESIAN_POINT('',(-1.805E-1,-1.95E-1,-4.3E-2));
#1065=LINE('',#1064,#1063);
#1066=DIRECTION('',(0.E0,1.E0,0.E0));
#1067=VECTOR('',#1066,4.5E-1);
#1068=CARTESIAN_POINT('',(-1.805E-1,5.E-2,-4.3E-2));
#1069=LINE('',#1068,#1067);
#1070=DIRECTION('',(0.E0,0.E0,-1.E0));
#1071=VECTOR('',#1070,2.59E-1);
#1072=CARTESIAN_POINT('',(-1.355E-1,-2.705E-1,2.915E-1));
#1073=LINE('',#1072,#1071);
#1074=CARTESIAN_POINT('',(-1.355E-1,-1.95E-1,3.25E-2));
#1075=DIRECTION('',(1.E0,0.E0,0.E0));
#1076=DIRECTION('',(0.E0,-1.E0,0.E0));
#1077=AXIS2_PLACEMENT_3D('',#1074,#1075,#1076);
#1079=DIRECTION('',(0.E0,1.E0,0.E0));
#1080=VECTOR('',#1079,1.45E-1);
#1081=CARTESIAN_POINT('',(-1.355E-1,-1.95E-1,-4.3E-2));
#1082=LINE('',#1081,#1080);
#1083=DIRECTION('',(0.E0,1.E0,0.E0));
#1084=VECTOR('',#1083,4.5E-1);
#1085=CARTESIAN_POINT('',(-1.355E-1,5.E-2,-4.3E-2));
#1086=LINE('',#1085,#1084);
#1087=DIRECTION('',(-1.E0,0.E0,0.E0));
#1088=VECTOR('',#1087,4.5E-2);
#1089=CARTESIAN_POINT('',(-1.355E-1,-1.95E-1,-8.8E-2));
#1090=LINE('',#1089,#1088);
#1091=DIRECTION('',(0.E0,1.E0,0.E0));
#1092=VECTOR('',#1091,1.45E-1);
#1093=CARTESIAN_POINT('',(-1.355E-1,-1.95E-1,-8.8E-2));
#1094=LINE('',#1093,#1092);
#1095=DIRECTION('',(0.E0,1.E0,0.E0));
#1096=VECTOR('',#1095,4.5E-1);
#1097=CARTESIAN_POINT('',(-1.355E-1,5.E-2,-8.8E-2));
#1098=LINE('',#1097,#1096);
#1099=DIRECTION('',(-1.E0,0.E0,0.E0));
#1100=VECTOR('',#1099,4.5E-2);
#1101=CARTESIAN_POINT('',(-1.355E-1,-3.155E-1,3.25E-2));
#1102=LINE('',#1101,#1100);
#1103=CARTESIAN_POINT('',(-1.355E-1,-1.95E-1,3.25E-2));
#1104=DIRECTION('',(1.E0,0.E0,0.E0));
#1105=DIRECTION('',(0.E0,-1.E0,0.E0));
#1106=AXIS2_PLACEMENT_3D('',#1103,#1104,#1105);
#1108=DIRECTION('',(0.E0,0.E0,-1.E0));
#1109=VECTOR('',#1108,2.59E-1);
#1110=CARTESIAN_POINT('',(-1.355E-1,-3.155E-1,2.915E-1));
#1111=LINE('',#1110,#1109);
#1112=DIRECTION('',(-1.E0,0.E0,0.E0));
#1113=VECTOR('',#1112,4.5E-2);
#1114=CARTESIAN_POINT('',(-1.355E-1,-3.155E-1,2.915E-1));
#1115=LINE('',#1114,#1113);
#1116=DIRECTION('',(0.E0,1.E0,0.E0));
#1117=VECTOR('',#1116,4.5E-2);
#1118=CARTESIAN_POINT('',(-1.805E-1,-3.155E-1,2.915E-1));
#1119=LINE('',#1118,#1117);
#1120=DIRECTION('',(1.E0,0.E0,0.E0));
#1121=VECTOR('',#1120,4.5E-2);
#1122=CARTESIAN_POINT('',(-1.805E-1,-2.705E-1,2.915E-1));
#1123=LINE('',#1122,#1121);
#1124=DIRECTION('',(0.E0,-1.E0,0.E0));
#1125=VECTOR('',#1124,4.5E-2);
#1126=CARTESIAN_POINT('',(-1.355E-1,-2.705E-1,2.915E-1));
#1127=LINE('',#1126,#1125);
#1128=DIRECTION('',(0.E0,0.E0,-1.E0));
#1129=VECTOR('',#1128,2.59E-1);
#1130=CARTESIAN_POINT('',(-1.805E-1,-2.705E-1,2.915E-1));
#1131=LINE('',#1130,#1129);
#1132=DIRECTION('',(1.E0,0.E0,0.E0));
#1133=VECTOR('',#1132,4.5E-2);
#1134=CARTESIAN_POINT('',(-1.805E-1,-2.705E-1,3.25E-2));
#1135=LINE('',#1134,#1133);
#1136=CARTESIAN_POINT('',(-1.805E-1,-1.95E-1,3.25E-2));
#1137=DIRECTION('',(1.E0,0.E0,0.E0));
#1138=DIRECTION('',(0.E0,-1.E0,0.E0));
#1139=AXIS2_PLACEMENT_3D('',#1136,#1137,#1138);
#1141=DIRECTION('',(-1.E0,0.E0,0.E0));
#1142=VECTOR('',#1141,4.5E-2);
#1143=CARTESIAN_POINT('',(-1.355E-1,5.E-1,-8.8E-2));
#1144=LINE('',#1143,#1142);
#1145=DIRECTION('',(0.E0,0.E0,-1.E0));
#1146=VECTOR('',#1145,4.5E-2);
#1147=CARTESIAN_POINT('',(-1.355E-1,5.E-1,-4.3E-2));
#1148=LINE('',#1147,#1146);
#1149=DIRECTION('',(1.E0,0.E0,0.E0));
#1150=VECTOR('',#1149,4.5E-2);
#1151=CARTESIAN_POINT('',(-1.805E-1,5.E-1,-4.3E-2));
#1152=LINE('',#1151,#1150);
#1153=DIRECTION('',(0.E0,0.E0,1.E0));
#1154=VECTOR('',#1153,4.5E-2);
#1155=CARTESIAN_POINT('',(-1.805E-1,5.E-1,-8.8E-2));
#1156=LINE('',#1155,#1154);
#1157=DIRECTION('',(0.E0,0.E0,-1.E0));
#1158=VECTOR('',#1157,2.59E-1);
#1159=CARTESIAN_POINT('',(-3.365E-1,-3.155E-1,2.915E-1));
#1160=LINE('',#1159,#1158);
#1161=CARTESIAN_POINT('',(-3.365E-1,-1.95E-1,3.25E-2));
#1162=DIRECTION('',(1.E0,0.E0,0.E0));
#1163=DIRECTION('',(0.E0,-1.E0,0.E0));
#1164=AXIS2_PLACEMENT_3D('',#1161,#1162,#1163);
#1166=DIRECTION('',(0.E0,1.E0,0.E0));
#1167=VECTOR('',#1166,1.45E-1);
#1168=CARTESIAN_POINT('',(-3.365E-1,-1.95E-1,-8.8E-2));
#1169=LINE('',#1168,#1167);
#1170=DIRECTION('',(0.E0,1.E0,0.E0));
#1171=VECTOR('',#1170,4.5E-1);
#1172=CARTESIAN_POINT('',(-3.365E-1,5.E-2,-8.8E-2));
#1173=LINE('',#1172,#1171);
#1174=DIRECTION('',(1.E0,0.E0,0.E0));
#1175=VECTOR('',#1174,4.5E-2);
#1176=CARTESIAN_POINT('',(-3.365E-1,-1.95E-1,-4.3E-2));
#1177=LINE('',#1176,#1175);
#1178=DIRECTION('',(0.E0,1.E0,0.E0));
#1179=VECTOR('',#1178,1.45E-1);
#1180=CARTESIAN_POINT('',(-3.365E-1,-1.95E-1,-4.3E-2));
#1181=LINE('',#1180,#1179);
#1182=DIRECTION('',(0.E0,1.E0,0.E0));
#1183=VECTOR('',#1182,4.5E-1);
#1184=CARTESIAN_POINT('',(-3.365E-1,5.E-2,-4.3E-2));
#1185=LINE('',#1184,#1183);
#1186=DIRECTION('',(0.E0,0.E0,-1.E0));
#1187=VECTOR('',#1186,2.59E-1);
#1188=CARTESIAN_POINT('',(-2.915E-1,-2.705E-1,2.915E-1));
#1189=LINE('',#1188,#1187);
#1190=CARTESIAN_POINT('',(-2.915E-1,-1.95E-1,3.25E-2));
#1191=DIRECTION('',(1.E0,0.E0,0.E0));
#1192=DIRECTION('',(0.E0,-1.E0,0.E0));
#1193=AXIS2_PLACEMENT_3D('',#1190,#1191,#1192);
#1195=DIRECTION('',(0.E0,1.E0,0.E0));
#1196=VECTOR('',#1195,1.45E-1);
#1197=CARTESIAN_POINT('',(-2.915E-1,-1.95E-1,-4.3E-2));
#1198=LINE('',#1197,#1196);
#1199=DIRECTION('',(0.E0,1.E0,0.E0));
#1200=VECTOR('',#1199,4.5E-1);
#1201=CARTESIAN_POINT('',(-2.915E-1,5.E-2,-4.3E-2));
#1202=LINE('',#1201,#1200);
#1203=DIRECTION('',(-1.E0,0.E0,0.E0));
#1204=VECTOR('',#1203,4.5E-2);
#1205=CARTESIAN_POINT('',(-2.915E-1,-1.95E-1,-8.8E-2));
#1206=LINE('',#1205,#1204);
#1207=DIRECTION('',(0.E0,1.E0,0.E0));
#1208=VECTOR('',#1207,1.45E-1);
#1209=CARTESIAN_POINT('',(-2.915E-1,-1.95E-1,-8.8E-2));
#1210=LINE('',#1209,#1208);
#1211=DIRECTION('',(0.E0,1.E0,0.E0));
#1212=VECTOR('',#1211,4.5E-1);
#1213=CARTESIAN_POINT('',(-2.915E-1,5.E-2,-8.8E-2));
#1214=LINE('',#1213,#1212);
#1215=DIRECTION('',(-1.E0,0.E0,0.E0));
#1216=VECTOR('',#1215,4.5E-2);
#1217=CARTESIAN_POINT('',(-2.915E-1,-3.155E-1,3.25E-2));
#1218=LINE('',#1217,#1216);
#1219=CARTESIAN_POINT('',(-2.915E-1,-1.95E-1,3.25E-2));
#1220=DIRECTION('',(1.E0,0.E0,0.E0));
#1221=DIRECTION('',(0.E0,-1.E0,0.E0));
#1222=AXIS2_PLACEMENT_3D('',#1219,#1220,#1221);
#1224=DIRECTION('',(0.E0,0.E0,-1.E0));
#1225=VECTOR('',#1224,2.59E-1);
#1226=CARTESIAN_POINT('',(-2.915E-1,-3.155E-1,2.915E-1));
#1227=LINE('',#1226,#1225);
#1228=DIRECTION('',(-1.E0,0.E0,0.E0));
#1229=VECTOR('',#1228,4.5E-2);
#1230=CARTESIAN_POINT('',(-2.915E-1,-3.155E-1,2.915E-1));
#1231=LINE('',#1230,#1229);
#1232=DIRECTION('',(0.E0,1.E0,0.E0));
#1233=VECTOR('',#1232,4.5E-2);
#1234=CARTESIAN_POINT('',(-3.365E-1,-3.155E-1,2.915E-1));
#1235=LINE('',#1234,#1233);
#1236=DIRECTION('',(1.E0,0.E0,0.E0));
#1237=VECTOR('',#1236,4.5E-2);
#1238=CARTESIAN_POINT('',(-3.365E-1,-2.705E-1,2.915E-1));
#1239=LINE('',#1238,#1237);
#1240=DIRECTION('',(0.E0,-1.E0,0.E0));
#1241=VECTOR('',#1240,4.5E-2);
#1242=CARTESIAN_POINT('',(-2.915E-1,-2.705E-1,2.915E-1));
#1243=LINE('',#1242,#1241);
#1244=DIRECTION('',(0.E0,0.E0,-1.E0));
#1245=VECTOR('',#1244,2.59E-1);
#1246=CARTESIAN_POINT('',(-3.365E-1,-2.705E-1,2.915E-1));
#1247=LINE('',#1246,#1245);
#1248=DIRECTION('',(1.E0,0.E0,0.E0));
#1249=VECTOR('',#1248,4.5E-2);
#1250=CARTESIAN_POINT('',(-3.365E-1,-2.705E-1,3.25E-2));
#1251=LINE('',#1250,#1249);
#1252=CARTESIAN_POINT('',(-3.365E-1,-1.95E-1,3.25E-2));
#1253=DIRECTION('',(1.E0,0.E0,0.E0));
#1254=DIRECTION('',(0.E0,-1.E0,0.E0));
#1255=AXIS2_PLACEMENT_3D('',#1252,#1253,#1254);
#1257=DIRECTION('',(-1.E0,0.E0,0.E0));
#1258=VECTOR('',#1257,4.5E-2);
#1259=CARTESIAN_POINT('',(-2.915E-1,5.E-1,-8.8E-2));
#1260=LINE('',#1259,#1258);
#1261=DIRECTION('',(0.E0,0.E0,-1.E0));
#1262=VECTOR('',#1261,4.5E-2);
#1263=CARTESIAN_POINT('',(-2.915E-1,5.E-1,-4.3E-2));
#1264=LINE('',#1263,#1262);
#1265=DIRECTION('',(1.E0,0.E0,0.E0));
#1266=VECTOR('',#1265,4.5E-2);
#1267=CARTESIAN_POINT('',(-3.365E-1,5.E-1,-4.3E-2));
#1268=LINE('',#1267,#1266);
#1269=DIRECTION('',(0.E0,0.E0,1.E0));
#1270=VECTOR('',#1269,4.5E-2);
#1271=CARTESIAN_POINT('',(-3.365E-1,5.E-1,-8.8E-2));
#1272=LINE('',#1271,#1270);
#1273=CARTESIAN_POINT('',(-3.87E-1,-5.E-2,7.55E-2));
#1274=CARTESIAN_POINT('',(-3.87E-1,-5.E-2,-1.355E-1));
#1275=VERTEX_POINT('',#1273);
#1276=VERTEX_POINT('',#1274);
#1277=CARTESIAN_POINT('',(-3.87E-1,5.E-2,-1.355E-1));
#1278=VERTEX_POINT('',#1277);
#1279=CARTESIAN_POINT('',(-3.87E-1,5.E-2,1.355E-1));
#1280=VERTEX_POINT('',#1279);
#1281=CARTESIAN_POINT('',(-3.87E-1,1.5E-2,1.355E-1));
#1282=VERTEX_POINT('',#1281);
#1283=CARTESIAN_POINT('',(-3.87E-1,-2.320508075690E-3,1.255E-1));
#1284=VERTEX_POINT('',#1283);
#1285=CARTESIAN_POINT('',(-3.87E-1,-2.732050807569E-2,1.255E-1));
#1286=VERTEX_POINT('',#1285);
#1287=CARTESIAN_POINT('',(-3.87E-1,-2.732050807569E-2,1.355E-1));
#1288=VERTEX_POINT('',#1287);
#1289=CARTESIAN_POINT('',(-3.87E-1,-8.E-2,1.355E-1));
#1290=VERTEX_POINT('',#1289);
#1291=CARTESIAN_POINT('',(-3.87E-1,-8.E-2,7.55E-2));
#1292=VERTEX_POINT('',#1291);
#1293=CARTESIAN_POINT('',(3.87E-1,-5.E-2,7.55E-2));
#1294=CARTESIAN_POINT('',(3.87E-1,-5.E-2,-1.355E-1));
#1295=VERTEX_POINT('',#1293);
#1296=VERTEX_POINT('',#1294);
#1297=CARTESIAN_POINT('',(3.87E-1,5.E-2,-1.355E-1));
#1298=VERTEX_POINT('',#1297);
#1299=CARTESIAN_POINT('',(3.87E-1,5.E-2,1.355E-1));
#1300=VERTEX_POINT('',#1299);
#1301=CARTESIAN_POINT('',(3.87E-1,1.5E-2,1.355E-1));
#1302=VERTEX_POINT('',#1301);
#1303=CARTESIAN_POINT('',(3.87E-1,-2.320508075690E-3,1.255E-1));
#1304=VERTEX_POINT('',#1303);
#1305=CARTESIAN_POINT('',(3.87E-1,-2.732050807569E-2,1.255E-1));
#1306=VERTEX_POINT('',#1305);
#1307=CARTESIAN_POINT('',(3.87E-1,-2.732050807569E-2,1.355E-1));
#1308=VERTEX_POINT('',#1307);
#1309=CARTESIAN_POINT('',(3.87E-1,-8.E-2,1.355E-1));
#1310=VERTEX_POINT('',#1309);
#1311=CARTESIAN_POINT('',(3.87E-1,-8.E-2,7.55E-2));
#1312=VERTEX_POINT('',#1311);
#1313=CARTESIAN_POINT('',(2.6E-1,-8.E-2,1.355E-1));
#1314=CARTESIAN_POINT('',(2.6E-1,-5.E-2,1.355E-1));
#1315=VERTEX_POINT('',#1313);
#1316=VERTEX_POINT('',#1314);
#1317=CARTESIAN_POINT('',(3.64E-1,-8.E-2,1.355E-1));
#1318=CARTESIAN_POINT('',(3.64E-1,-5.E-2,1.355E-1));
#1319=VERTEX_POINT('',#1317);
#1320=VERTEX_POINT('',#1318);
#1321=CARTESIAN_POINT('',(2.6E-1,-8.E-2,7.55E-2));
#1322=VERTEX_POINT('',#1321);
#1323=CARTESIAN_POINT('',(3.64E-1,-8.E-2,7.55E-2));
#1324=VERTEX_POINT('',#1323);
#1325=CARTESIAN_POINT('',(2.6E-1,-5.E-2,7.55E-2));
#1326=VERTEX_POINT('',#1325);
#1327=CARTESIAN_POINT('',(3.64E-1,-5.E-2,7.55E-2));
#1328=VERTEX_POINT('',#1327);
#1329=CARTESIAN_POINT('',(1.04E-1,-8.E-2,1.355E-1));
#1330=CARTESIAN_POINT('',(1.04E-1,-5.E-2,1.355E-1));
#1331=VERTEX_POINT('',#1329);
#1332=VERTEX_POINT('',#1330);
#1333=CARTESIAN_POINT('',(2.08E-1,-8.E-2,1.355E-1));
#1334=CARTESIAN_POINT('',(2.08E-1,-5.E-2,1.355E-1));
#1335=VERTEX_POINT('',#1333);
#1336=VERTEX_POINT('',#1334);
#1337=CARTESIAN_POINT('',(1.04E-1,-8.E-2,7.55E-2));
#1338=VERTEX_POINT('',#1337);
#1339=CARTESIAN_POINT('',(2.08E-1,-8.E-2,7.55E-2));
#1340=VERTEX_POINT('',#1339);
#1341=CARTESIAN_POINT('',(1.04E-1,-5.E-2,7.55E-2));
#1342=VERTEX_POINT('',#1341);
#1343=CARTESIAN_POINT('',(2.08E-1,-5.E-2,7.55E-2));
#1344=VERTEX_POINT('',#1343);
#1345=CARTESIAN_POINT('',(-5.2E-2,-8.E-2,1.355E-1));
#1346=CARTESIAN_POINT('',(-5.2E-2,-5.E-2,1.355E-1));
#1347=VERTEX_POINT('',#1345);
#1348=VERTEX_POINT('',#1346);
#1349=CARTESIAN_POINT('',(5.2E-2,-8.E-2,1.355E-1));
#1350=CARTESIAN_POINT('',(5.2E-2,-5.E-2,1.355E-1));
#1351=VERTEX_POINT('',#1349);
#1352=VERTEX_POINT('',#1350);
#1353=CARTESIAN_POINT('',(-5.2E-2,-8.E-2,7.55E-2));
#1354=VERTEX_POINT('',#1353);
#1355=CARTESIAN_POINT('',(5.2E-2,-8.E-2,7.55E-2));
#1356=VERTEX_POINT('',#1355);
#1357=CARTESIAN_POINT('',(-5.2E-2,-5.E-2,7.55E-2));
#1358=VERTEX_POINT('',#1357);
#1359=CARTESIAN_POINT('',(5.2E-2,-5.E-2,7.55E-2));
#1360=VERTEX_POINT('',#1359);
#1361=CARTESIAN_POINT('',(-2.08E-1,-8.E-2,1.355E-1));
#1362=CARTESIAN_POINT('',(-2.08E-1,-5.E-2,1.355E-1));
#1363=VERTEX_POINT('',#1361);
#1364=VERTEX_POINT('',#1362);
#1365=CARTESIAN_POINT('',(-1.04E-1,-8.E-2,1.355E-1));
#1366=CARTESIAN_POINT('',(-1.04E-1,-5.E-2,1.355E-1));
#1367=VERTEX_POINT('',#1365);
#1368=VERTEX_POINT('',#1366);
#1369=CARTESIAN_POINT('',(-2.08E-1,-8.E-2,7.55E-2));
#1370=VERTEX_POINT('',#1369);
#1371=CARTESIAN_POINT('',(-1.04E-1,-8.E-2,7.55E-2));
#1372=VERTEX_POINT('',#1371);
#1373=CARTESIAN_POINT('',(-2.08E-1,-5.E-2,7.55E-2));
#1374=VERTEX_POINT('',#1373);
#1375=CARTESIAN_POINT('',(-1.04E-1,-5.E-2,7.55E-2));
#1376=VERTEX_POINT('',#1375);
#1377=CARTESIAN_POINT('',(-3.64E-1,-8.E-2,1.355E-1));
#1378=CARTESIAN_POINT('',(-3.64E-1,-5.E-2,1.355E-1));
#1379=VERTEX_POINT('',#1377);
#1380=VERTEX_POINT('',#1378);
#1381=CARTESIAN_POINT('',(-2.6E-1,-8.E-2,1.355E-1));
#1382=CARTESIAN_POINT('',(-2.6E-1,-5.E-2,1.355E-1));
#1383=VERTEX_POINT('',#1381);
#1384=VERTEX_POINT('',#1382);
#1385=CARTESIAN_POINT('',(-3.64E-1,-8.E-2,7.55E-2));
#1386=VERTEX_POINT('',#1385);
#1387=CARTESIAN_POINT('',(-2.6E-1,-8.E-2,7.55E-2));
#1388=VERTEX_POINT('',#1387);
#1389=CARTESIAN_POINT('',(-3.64E-1,-5.E-2,7.55E-2));
#1390=VERTEX_POINT('',#1389);
#1391=CARTESIAN_POINT('',(-2.6E-1,-5.E-2,7.55E-2));
#1392=VERTEX_POINT('',#1391);
#1393=CARTESIAN_POINT('',(3.12E-1,-8.E-2,-1.355E-1));
#1394=CARTESIAN_POINT('',(3.12E-1,-8.E-2,-1.835E-1));
#1395=VERTEX_POINT('',#1393);
#1396=VERTEX_POINT('',#1394);
#1397=CARTESIAN_POINT('',(3.12E-1,-5.E-3,-2.585E-1));
#1398=VERTEX_POINT('',#1397);
#1399=CARTESIAN_POINT('',(3.12E-1,3.66E-1,-2.585E-1));
#1400=VERTEX_POINT('',#1399);
#1401=CARTESIAN_POINT('',(3.12E-1,3.66E-1,-2.300674330427E-1));
#1402=VERTEX_POINT('',#1401);
#1403=CARTESIAN_POINT('',(3.12E-1,2.860182327263E-1,-1.740635966783E-1));
#1404=VERTEX_POINT('',#1403);
#1405=CARTESIAN_POINT('',(3.12E-1,1.899669914110E-1,-1.824669914110E-1));
#1406=VERTEX_POINT('',#1405);
#1407=CARTESIAN_POINT('',(3.12E-1,1.659009742330E-1,-2.065330085890E-1));
#1408=VERTEX_POINT('',#1407);
#1409=CARTESIAN_POINT('',(3.12E-1,1.128679656440E-1,-2.285E-1));
#1410=VERTEX_POINT('',#1409);
#1411=CARTESIAN_POINT('',(3.12E-1,1.735533905933E-2,-2.285E-1));
#1412=VERTEX_POINT('',#1411);
#1413=CARTESIAN_POINT('',(3.12E-1,-3.223304703375E-4,-1.858223304703E-1));
#1414=VERTEX_POINT('',#1413);
#1415=CARTESIAN_POINT('',(-3.12E-1,-8.E-2,-1.355E-1));
#1416=CARTESIAN_POINT('',(-3.12E-1,-8.E-2,-1.835E-1));
#1417=VERTEX_POINT('',#1415);
#1418=VERTEX_POINT('',#1416);
#1419=CARTESIAN_POINT('',(-3.12E-1,-5.E-3,-2.585E-1));
#1420=VERTEX_POINT('',#1419);
#1421=CARTESIAN_POINT('',(-3.12E-1,3.66E-1,-2.585E-1));
#1422=VERTEX_POINT('',#1421);
#1423=CARTESIAN_POINT('',(-3.12E-1,3.66E-1,-2.300674330427E-1));
#1424=VERTEX_POINT('',#1423);
#1425=CARTESIAN_POINT('',(-3.12E-1,2.860182327263E-1,-1.740635966783E-1));
#1426=VERTEX_POINT('',#1425);
#1427=CARTESIAN_POINT('',(-3.12E-1,1.899669914110E-1,-1.824669914110E-1));
#1428=VERTEX_POINT('',#1427);
#1429=CARTESIAN_POINT('',(-3.12E-1,1.659009742330E-1,-2.065330085890E-1));
#1430=VERTEX_POINT('',#1429);
#1431=CARTESIAN_POINT('',(-3.12E-1,1.128679656440E-1,-2.285E-1));
#1432=VERTEX_POINT('',#1431);
#1433=CARTESIAN_POINT('',(-3.12E-1,1.735533905933E-2,-2.285E-1));
#1434=VERTEX_POINT('',#1433);
#1435=CARTESIAN_POINT('',(-3.12E-1,-3.223304703375E-4,-1.858223304703E-1));
#1436=VERTEX_POINT('',#1435);
#1437=CARTESIAN_POINT('',(-3.12E-1,-5.E-2,-1.355E-1));
#1438=CARTESIAN_POINT('',(3.12E-1,-5.E-2,-1.355E-1));
#1439=VERTEX_POINT('',#1437);
#1440=VERTEX_POINT('',#1438);
#1441=CARTESIAN_POINT('',(3.12E-1,5.E-2,-1.355E-1));
#1442=VERTEX_POINT('',#1441);
#1443=CARTESIAN_POINT('',(-3.12E-1,5.E-2,-1.355E-1));
#1444=VERTEX_POINT('',#1443);
#1445=CARTESIAN_POINT('',(3.325E-1,-3.155E-1,2.915E-1));
#1446=CARTESIAN_POINT('',(2.875E-1,-3.155E-1,2.915E-1));
#1447=VERTEX_POINT('',#1445);
#1448=VERTEX_POINT('',#1446);
#1449=CARTESIAN_POINT('',(2.875E-1,-2.705E-1,2.915E-1));
#1450=VERTEX_POINT('',#1449);
#1451=CARTESIAN_POINT('',(3.325E-1,-2.705E-1,2.915E-1));
#1452=VERTEX_POINT('',#1451);
#1453=CARTESIAN_POINT('',(3.325E-1,-3.155E-1,3.25E-2));
#1454=CARTESIAN_POINT('',(2.875E-1,-3.155E-1,3.25E-2));
#1455=VERTEX_POINT('',#1453);
#1456=VERTEX_POINT('',#1454);
#1457=CARTESIAN_POINT('',(2.875E-1,-2.705E-1,3.25E-2));
#1458=CARTESIAN_POINT('',(3.325E-1,-2.705E-1,3.25E-2));
#1459=VERTEX_POINT('',#1457);
#1460=VERTEX_POINT('',#1458);
#1461=CARTESIAN_POINT('',(3.325E-1,5.E-1,-8.8E-2));
#1462=CARTESIAN_POINT('',(2.875E-1,5.E-1,-8.8E-2));
#1463=VERTEX_POINT('',#1461);
#1464=VERTEX_POINT('',#1462);
#1465=CARTESIAN_POINT('',(2.875E-1,5.E-1,-4.3E-2));
#1466=VERTEX_POINT('',#1465);
#1467=CARTESIAN_POINT('',(3.325E-1,5.E-1,-4.3E-2));
#1468=VERTEX_POINT('',#1467);
#1469=CARTESIAN_POINT('',(2.875E-1,-5.E-2,-4.3E-2));
#1470=CARTESIAN_POINT('',(2.875E-1,-5.E-2,-8.8E-2));
#1471=VERTEX_POINT('',#1469);
#1472=VERTEX_POINT('',#1470);
#1473=CARTESIAN_POINT('',(3.325E-1,-5.E-2,-4.3E-2));
#1474=CARTESIAN_POINT('',(3.325E-1,-5.E-2,-8.8E-2));
#1475=VERTEX_POINT('',#1473);
#1476=VERTEX_POINT('',#1474);
#1477=CARTESIAN_POINT('',(2.875E-1,5.E-2,-4.3E-2));
#1478=CARTESIAN_POINT('',(2.875E-1,5.E-2,-8.8E-2));
#1479=VERTEX_POINT('',#1477);
#1480=VERTEX_POINT('',#1478);
#1481=CARTESIAN_POINT('',(3.325E-1,5.E-2,-4.3E-2));
#1482=CARTESIAN_POINT('',(3.325E-1,5.E-2,-8.8E-2));
#1483=VERTEX_POINT('',#1481);
#1484=VERTEX_POINT('',#1482);
#1485=CARTESIAN_POINT('',(3.325E-1,-1.95E-1,-8.8E-2));
#1486=VERTEX_POINT('',#1485);
#1487=CARTESIAN_POINT('',(2.875E-1,-1.95E-1,-8.8E-2));
#1488=VERTEX_POINT('',#1487);
#1489=CARTESIAN_POINT('',(2.875E-1,-1.95E-1,-4.3E-2));
#1490=VERTEX_POINT('',#1489);
#1491=CARTESIAN_POINT('',(3.325E-1,-1.95E-1,-4.3E-2));
#1492=VERTEX_POINT('',#1491);
#1493=CARTESIAN_POINT('',(1.765E-1,-3.155E-1,2.915E-1));
#1494=CARTESIAN_POINT('',(1.315E-1,-3.155E-1,2.915E-1));
#1495=VERTEX_POINT('',#1493);
#1496=VERTEX_POINT('',#1494);
#1497=CARTESIAN_POINT('',(1.315E-1,-2.705E-1,2.915E-1));
#1498=VERTEX_POINT('',#1497);
#1499=CARTESIAN_POINT('',(1.765E-1,-2.705E-1,2.915E-1));
#1500=VERTEX_POINT('',#1499);
#1501=CARTESIAN_POINT('',(1.765E-1,-3.155E-1,3.25E-2));
#1502=CARTESIAN_POINT('',(1.315E-1,-3.155E-1,3.25E-2));
#1503=VERTEX_POINT('',#1501);
#1504=VERTEX_POINT('',#1502);
#1505=CARTESIAN_POINT('',(1.315E-1,-2.705E-1,3.25E-2));
#1506=CARTESIAN_POINT('',(1.765E-1,-2.705E-1,3.25E-2));
#1507=VERTEX_POINT('',#1505);
#1508=VERTEX_POINT('',#1506);
#1509=CARTESIAN_POINT('',(1.765E-1,-1.95E-1,-8.8E-2));
#1510=CARTESIAN_POINT('',(1.315E-1,-1.95E-1,-8.8E-2));
#1511=VERTEX_POINT('',#1509);
#1512=VERTEX_POINT('',#1510);
#1513=CARTESIAN_POINT('',(1.315E-1,-1.95E-1,-4.3E-2));
#1514=CARTESIAN_POINT('',(1.765E-1,-1.95E-1,-4.3E-2));
#1515=VERTEX_POINT('',#1513);
#1516=VERTEX_POINT('',#1514);
#1517=CARTESIAN_POINT('',(1.765E-1,5.E-1,-8.8E-2));
#1518=CARTESIAN_POINT('',(1.315E-1,5.E-1,-8.8E-2));
#1519=VERTEX_POINT('',#1517);
#1520=VERTEX_POINT('',#1518);
#1521=CARTESIAN_POINT('',(1.315E-1,5.E-1,-4.3E-2));
#1522=VERTEX_POINT('',#1521);
#1523=CARTESIAN_POINT('',(1.765E-1,5.E-1,-4.3E-2));
#1524=VERTEX_POINT('',#1523);
#1525=CARTESIAN_POINT('',(1.315E-1,-5.E-2,-4.3E-2));
#1526=CARTESIAN_POINT('',(1.315E-1,-5.E-2,-8.8E-2));
#1527=VERTEX_POINT('',#1525);
#1528=VERTEX_POINT('',#1526);
#1529=CARTESIAN_POINT('',(1.765E-1,-5.E-2,-4.3E-2));
#1530=CARTESIAN_POINT('',(1.765E-1,-5.E-2,-8.8E-2));
#1531=VERTEX_POINT('',#1529);
#1532=VERTEX_POINT('',#1530);
#1533=CARTESIAN_POINT('',(1.315E-1,5.E-2,-4.3E-2));
#1534=CARTESIAN_POINT('',(1.315E-1,5.E-2,-8.8E-2));
#1535=VERTEX_POINT('',#1533);
#1536=VERTEX_POINT('',#1534);
#1537=CARTESIAN_POINT('',(1.765E-1,5.E-2,-4.3E-2));
#1538=CARTESIAN_POINT('',(1.765E-1,5.E-2,-8.8E-2));
#1539=VERTEX_POINT('',#1537);
#1540=VERTEX_POINT('',#1538);
#1541=CARTESIAN_POINT('',(2.05E-2,-3.155E-1,2.915E-1));
#1542=CARTESIAN_POINT('',(-2.45E-2,-3.155E-1,2.915E-1));
#1543=VERTEX_POINT('',#1541);
#1544=VERTEX_POINT('',#1542);
#1545=CARTESIAN_POINT('',(-2.45E-2,-2.705E-1,2.915E-1));
#1546=VERTEX_POINT('',#1545);
#1547=CARTESIAN_POINT('',(2.05E-2,-2.705E-1,2.915E-1));
#1548=VERTEX_POINT('',#1547);
#1549=CARTESIAN_POINT('',(2.05E-2,-3.155E-1,3.25E-2));
#1550=CARTESIAN_POINT('',(-2.45E-2,-3.155E-1,3.25E-2));
#1551=VERTEX_POINT('',#1549);
#1552=VERTEX_POINT('',#1550);
#1553=CARTESIAN_POINT('',(-2.45E-2,-2.705E-1,3.25E-2));
#1554=CARTESIAN_POINT('',(2.05E-2,-2.705E-1,3.25E-2));
#1555=VERTEX_POINT('',#1553);
#1556=VERTEX_POINT('',#1554);
#1557=CARTESIAN_POINT('',(2.05E-2,-1.95E-1,-8.8E-2));
#1558=CARTESIAN_POINT('',(-2.45E-2,-1.95E-1,-8.8E-2));
#1559=VERTEX_POINT('',#1557);
#1560=VERTEX_POINT('',#1558);
#1561=CARTESIAN_POINT('',(-2.45E-2,-1.95E-1,-4.3E-2));
#1562=CARTESIAN_POINT('',(2.05E-2,-1.95E-1,-4.3E-2));
#1563=VERTEX_POINT('',#1561);
#1564=VERTEX_POINT('',#1562);
#1565=CARTESIAN_POINT('',(2.05E-2,5.E-1,-8.8E-2));
#1566=CARTESIAN_POINT('',(-2.45E-2,5.E-1,-8.8E-2));
#1567=VERTEX_POINT('',#1565);
#1568=VERTEX_POINT('',#1566);
#1569=CARTESIAN_POINT('',(-2.45E-2,5.E-1,-4.3E-2));
#1570=VERTEX_POINT('',#1569);
#1571=CARTESIAN_POINT('',(2.05E-2,5.E-1,-4.3E-2));
#1572=VERTEX_POINT('',#1571);
#1573=CARTESIAN_POINT('',(-2.45E-2,-5.E-2,-4.3E-2));
#1574=CARTESIAN_POINT('',(-2.45E-2,-5.E-2,-8.8E-2));
#1575=VERTEX_POINT('',#1573);
#1576=VERTEX_POINT('',#1574);
#1577=CARTESIAN_POINT('',(2.05E-2,-5.E-2,-4.3E-2));
#1578=CARTESIAN_POINT('',(2.05E-2,-5.E-2,-8.8E-2));
#1579=VERTEX_POINT('',#1577);
#1580=VERTEX_POINT('',#1578);
#1581=CARTESIAN_POINT('',(-2.45E-2,5.E-2,-4.3E-2));
#1582=CARTESIAN_POINT('',(-2.45E-2,5.E-2,-8.8E-2));
#1583=VERTEX_POINT('',#1581);
#1584=VERTEX_POINT('',#1582);
#1585=CARTESIAN_POINT('',(2.05E-2,5.E-2,-4.3E-2));
#1586=CARTESIAN_POINT('',(2.05E-2,5.E-2,-8.8E-2));
#1587=VERTEX_POINT('',#1585);
#1588=VERTEX_POINT('',#1586);
#1589=CARTESIAN_POINT('',(-1.355E-1,-3.155E-1,2.915E-1));
#1590=CARTESIAN_POINT('',(-1.805E-1,-3.155E-1,2.915E-1));
#1591=VERTEX_POINT('',#1589);
#1592=VERTEX_POINT('',#1590);
#1593=CARTESIAN_POINT('',(-1.805E-1,-2.705E-1,2.915E-1));
#1594=VERTEX_POINT('',#1593);
#1595=CARTESIAN_POINT('',(-1.355E-1,-2.705E-1,2.915E-1));
#1596=VERTEX_POINT('',#1595);
#1597=CARTESIAN_POINT('',(-1.355E-1,-3.155E-1,3.25E-2));
#1598=CARTESIAN_POINT('',(-1.805E-1,-3.155E-1,3.25E-2));
#1599=VERTEX_POINT('',#1597);
#1600=VERTEX_POINT('',#1598);
#1601=CARTESIAN_POINT('',(-1.805E-1,-2.705E-1,3.25E-2));
#1602=CARTESIAN_POINT('',(-1.355E-1,-2.705E-1,3.25E-2));
#1603=VERTEX_POINT('',#1601);
#1604=VERTEX_POINT('',#1602);
#1605=CARTESIAN_POINT('',(-1.355E-1,-1.95E-1,-8.8E-2));
#1606=CARTESIAN_POINT('',(-1.805E-1,-1.95E-1,-8.8E-2));
#1607=VERTEX_POINT('',#1605);
#1608=VERTEX_POINT('',#1606);
#1609=CARTESIAN_POINT('',(-1.805E-1,-1.95E-1,-4.3E-2));
#1610=CARTESIAN_POINT('',(-1.355E-1,-1.95E-1,-4.3E-2));
#1611=VERTEX_POINT('',#1609);
#1612=VERTEX_POINT('',#1610);
#1613=CARTESIAN_POINT('',(-1.355E-1,5.E-1,-8.8E-2));
#1614=CARTESIAN_POINT('',(-1.805E-1,5.E-1,-8.8E-2));
#1615=VERTEX_POINT('',#1613);
#1616=VERTEX_POINT('',#1614);
#1617=CARTESIAN_POINT('',(-1.805E-1,5.E-1,-4.3E-2));
#1618=VERTEX_POINT('',#1617);
#1619=CARTESIAN_POINT('',(-1.355E-1,5.E-1,-4.3E-2));
#1620=VERTEX_POINT('',#1619);
#1621=CARTESIAN_POINT('',(-1.805E-1,-5.E-2,-4.3E-2));
#1622=CARTESIAN_POINT('',(-1.805E-1,-5.E-2,-8.8E-2));
#1623=VERTEX_POINT('',#1621);
#1624=VERTEX_POINT('',#1622);
#1625=CARTESIAN_POINT('',(-1.355E-1,-5.E-2,-4.3E-2));
#1626=CARTESIAN_POINT('',(-1.355E-1,-5.E-2,-8.8E-2));
#1627=VERTEX_POINT('',#1625);
#1628=VERTEX_POINT('',#1626);
#1629=CARTESIAN_POINT('',(-1.805E-1,5.E-2,-4.3E-2));
#1630=CARTESIAN_POINT('',(-1.805E-1,5.E-2,-8.8E-2));
#1631=VERTEX_POINT('',#1629);
#1632=VERTEX_POINT('',#1630);
#1633=CARTESIAN_POINT('',(-1.355E-1,5.E-2,-4.3E-2));
#1634=CARTESIAN_POINT('',(-1.355E-1,5.E-2,-8.8E-2));
#1635=VERTEX_POINT('',#1633);
#1636=VERTEX_POINT('',#1634);
#1637=CARTESIAN_POINT('',(-2.915E-1,-3.155E-1,2.915E-1));
#1638=CARTESIAN_POINT('',(-3.365E-1,-3.155E-1,2.915E-1));
#1639=VERTEX_POINT('',#1637);
#1640=VERTEX_POINT('',#1638);
#1641=CARTESIAN_POINT('',(-3.365E-1,-2.705E-1,2.915E-1));
#1642=VERTEX_POINT('',#1641);
#1643=CARTESIAN_POINT('',(-2.915E-1,-2.705E-1,2.915E-1));
#1644=VERTEX_POINT('',#1643);
#1645=CARTESIAN_POINT('',(-2.915E-1,-3.155E-1,3.25E-2));
#1646=CARTESIAN_POINT('',(-3.365E-1,-3.155E-1,3.25E-2));
#1647=VERTEX_POINT('',#1645);
#1648=VERTEX_POINT('',#1646);
#1649=CARTESIAN_POINT('',(-3.365E-1,-2.705E-1,3.25E-2));
#1650=CARTESIAN_POINT('',(-2.915E-1,-2.705E-1,3.25E-2));
#1651=VERTEX_POINT('',#1649);
#1652=VERTEX_POINT('',#1650);
#1653=CARTESIAN_POINT('',(-2.915E-1,-1.95E-1,-8.8E-2));
#1654=CARTESIAN_POINT('',(-3.365E-1,-1.95E-1,-8.8E-2));
#1655=VERTEX_POINT('',#1653);
#1656=VERTEX_POINT('',#1654);
#1657=CARTESIAN_POINT('',(-3.365E-1,-1.95E-1,-4.3E-2));
#1658=CARTESIAN_POINT('',(-2.915E-1,-1.95E-1,-4.3E-2));
#1659=VERTEX_POINT('',#1657);
#1660=VERTEX_POINT('',#1658);
#1661=CARTESIAN_POINT('',(-2.915E-1,5.E-1,-8.8E-2));
#1662=CARTESIAN_POINT('',(-3.365E-1,5.E-1,-8.8E-2));
#1663=VERTEX_POINT('',#1661);
#1664=VERTEX_POINT('',#1662);
#1665=CARTESIAN_POINT('',(-3.365E-1,5.E-1,-4.3E-2));
#1666=VERTEX_POINT('',#1665);
#1667=CARTESIAN_POINT('',(-2.915E-1,5.E-1,-4.3E-2));
#1668=VERTEX_POINT('',#1667);
#1669=CARTESIAN_POINT('',(-3.365E-1,-5.E-2,-4.3E-2));
#1670=CARTESIAN_POINT('',(-3.365E-1,-5.E-2,-8.8E-2));
#1671=VERTEX_POINT('',#1669);
#1672=VERTEX_POINT('',#1670);
#1673=CARTESIAN_POINT('',(-2.915E-1,-5.E-2,-4.3E-2));
#1674=CARTESIAN_POINT('',(-2.915E-1,-5.E-2,-8.8E-2));
#1675=VERTEX_POINT('',#1673);
#1676=VERTEX_POINT('',#1674);
#1677=CARTESIAN_POINT('',(-3.365E-1,5.E-2,-4.3E-2));
#1678=CARTESIAN_POINT('',(-3.365E-1,5.E-2,-8.8E-2));
#1679=VERTEX_POINT('',#1677);
#1680=VERTEX_POINT('',#1678);
#1681=CARTESIAN_POINT('',(-2.915E-1,5.E-2,-4.3E-2));
#1682=CARTESIAN_POINT('',(-2.915E-1,5.E-2,-8.8E-2));
#1683=VERTEX_POINT('',#1681);
#1684=VERTEX_POINT('',#1682);
#1685=CARTESIAN_POINT('',(-3.87E-1,0.E0,0.E0));
#1686=DIRECTION('',(1.E0,0.E0,0.E0));
#1687=DIRECTION('',(0.E0,0.E0,-1.E0));
#1688=AXIS2_PLACEMENT_3D('',#1685,#1686,#1687);
#1689=PLANE('',#1688);
#1691=ORIENTED_EDGE('',*,*,#1690,.T.);
#1693=ORIENTED_EDGE('',*,*,#1692,.T.);
#1695=ORIENTED_EDGE('',*,*,#1694,.T.);
#1697=ORIENTED_EDGE('',*,*,#1696,.T.);
#1699=ORIENTED_EDGE('',*,*,#1698,.T.);
#1701=ORIENTED_EDGE('',*,*,#1700,.T.);
#1703=ORIENTED_EDGE('',*,*,#1702,.T.);
#1705=ORIENTED_EDGE('',*,*,#1704,.T.);
#1707=ORIENTED_EDGE('',*,*,#1706,.T.);
#1709=ORIENTED_EDGE('',*,*,#1708,.T.);
#1710=EDGE_LOOP('',(#1691,#1693,#1695,#1697,#1699,#1701,#1703,#1705,#1707,
#1709));
#1711=FACE_OUTER_BOUND('',#1710,.F.);
#1712=ADVANCED_FACE('',(#1711),#1689,.F.);
#1713=CARTESIAN_POINT('',(-3.87E-1,-5.E-2,7.55E-2));
#1714=DIRECTION('',(0.E0,-1.E0,0.E0));
#1715=DIRECTION('',(0.E0,0.E0,-1.E0));
#1716=AXIS2_PLACEMENT_3D('',#1713,#1714,#1715);
#1717=PLANE('',#1716);
#1719=ORIENTED_EDGE('',*,*,#1718,.F.);
#1721=ORIENTED_EDGE('',*,*,#1720,.F.);
#1722=ORIENTED_EDGE('',*,*,#1690,.F.);
#1724=ORIENTED_EDGE('',*,*,#1723,.T.);
#1726=ORIENTED_EDGE('',*,*,#1725,.F.);
#1728=ORIENTED_EDGE('',*,*,#1727,.F.);
#1730=ORIENTED_EDGE('',*,*,#1729,.T.);
#1732=ORIENTED_EDGE('',*,*,#1731,.T.);
#1734=ORIENTED_EDGE('',*,*,#1733,.F.);
#1736=ORIENTED_EDGE('',*,*,#1735,.F.);
#1738=ORIENTED_EDGE('',*,*,#1737,.T.);
#1740=ORIENTED_EDGE('',*,*,#1739,.T.);
#1742=ORIENTED_EDGE('',*,*,#1741,.F.);
#1744=ORIENTED_EDGE('',*,*,#1743,.F.);
#1746=ORIENTED_EDGE('',*,*,#1745,.T.);
#1748=ORIENTED_EDGE('',*,*,#1747,.T.);
#1750=ORIENTED_EDGE('',*,*,#1749,.F.);
#1752=ORIENTED_EDGE('',*,*,#1751,.F.);
#1754=ORIENTED_EDGE('',*,*,#1753,.T.);
#1756=ORIENTED_EDGE('',*,*,#1755,.T.);
#1758=ORIENTED_EDGE('',*,*,#1757,.F.);
#1760=ORIENTED_EDGE('',*,*,#1759,.F.);
#1762=ORIENTED_EDGE('',*,*,#1761,.T.);
#1764=ORIENTED_EDGE('',*,*,#1763,.T.);
#1766=ORIENTED_EDGE('',*,*,#1765,.T.);
#1768=ORIENTED_EDGE('',*,*,#1767,.F.);
#1769=EDGE_LOOP('',(#1719,#1721,#1722,#1724,#1726,#1728,#1730,#1732,#1734,#1736,
#1738,#1740,#1742,#1744,#1746,#1748,#1750,#1752,#1754,#1756,#1758,#1760,#1762,
#1764,#1766,#1768));
#1770=FACE_OUTER_BOUND('',#1769,.F.);
#1772=ORIENTED_EDGE('',*,*,#1771,.T.);
#1774=ORIENTED_EDGE('',*,*,#1773,.F.);
#1776=ORIENTED_EDGE('',*,*,#1775,.F.);
#1778=ORIENTED_EDGE('',*,*,#1777,.F.);
#1779=EDGE_LOOP('',(#1772,#1774,#1776,#1778));
#1780=FACE_BOUND('',#1779,.F.);
#1782=ORIENTED_EDGE('',*,*,#1781,.T.);
#1784=ORIENTED_EDGE('',*,*,#1783,.F.);
#1786=ORIENTED_EDGE('',*,*,#1785,.F.);
#1788=ORIENTED_EDGE('',*,*,#1787,.F.);
#1789=EDGE_LOOP('',(#1782,#1784,#1786,#1788));
#1790=FACE_BOUND('',#1789,.F.);
#1792=ORIENTED_EDGE('',*,*,#1791,.T.);
#1794=ORIENTED_EDGE('',*,*,#1793,.F.);
#1796=ORIENTED_EDGE('',*,*,#1795,.F.);
#1798=ORIENTED_EDGE('',*,*,#1797,.F.);
#1799=EDGE_LOOP('',(#1792,#1794,#1796,#1798));
#1800=FACE_BOUND('',#1799,.F.);
#1802=ORIENTED_EDGE('',*,*,#1801,.T.);
#1804=ORIENTED_EDGE('',*,*,#1803,.F.);
#1806=ORIENTED_EDGE('',*,*,#1805,.F.);
#1808=ORIENTED_EDGE('',*,*,#1807,.F.);
#1809=EDGE_LOOP('',(#1802,#1804,#1806,#1808));
#1810=FACE_BOUND('',#1809,.F.);
#1812=ORIENTED_EDGE('',*,*,#1811,.T.);
#1814=ORIENTED_EDGE('',*,*,#1813,.F.);
#1816=ORIENTED_EDGE('',*,*,#1815,.F.);
#1818=ORIENTED_EDGE('',*,*,#1817,.F.);
#1819=EDGE_LOOP('',(#1812,#1814,#1816,#1818));
#1820=FACE_BOUND('',#1819,.F.);
#1821=ADVANCED_FACE('',(#1770,#1780,#1790,#1800,#1810,#1820),#1717,.T.);
#1822=CARTESIAN_POINT('',(3.12E-1,5.E-2,-1.355E-1));
#1823=DIRECTION('',(0.E0,0.E0,1.E0));
#1824=DIRECTION('',(0.E0,-1.E0,0.E0));
#1825=AXIS2_PLACEMENT_3D('',#1822,#1823,#1824);
#1826=PLANE('',#1825);
#1827=ORIENTED_EDGE('',*,*,#1718,.T.);
#1829=ORIENTED_EDGE('',*,*,#1828,.T.);
#1831=ORIENTED_EDGE('',*,*,#1830,.T.);
#1833=ORIENTED_EDGE('',*,*,#1832,.F.);
#1834=EDGE_LOOP('',(#1827,#1829,#1831,#1833));
#1835=FACE_OUTER_BOUND('',#1834,.F.);
#1836=ADVANCED_FACE('',(#1835),#1826,.T.);
#1837=CARTESIAN_POINT('',(3.12E-1,0.E0,0.E0));
#1838=DIRECTION('',(1.E0,0.E0,0.E0));
#1839=DIRECTION('',(0.E0,0.E0,-1.E0));
#1840=AXIS2_PLACEMENT_3D('',#1837,#1838,#1839);
#1841=PLANE('',#1840);
#1843=ORIENTED_EDGE('',*,*,#1842,.T.);
#1845=ORIENTED_EDGE('',*,*,#1844,.F.);
#1847=ORIENTED_EDGE('',*,*,#1846,.F.);
#1849=ORIENTED_EDGE('',*,*,#1848,.F.);
#1851=ORIENTED_EDGE('',*,*,#1850,.F.);
#1853=ORIENTED_EDGE('',*,*,#1852,.F.);
#1855=ORIENTED_EDGE('',*,*,#1854,.F.);
#1857=ORIENTED_EDGE('',*,*,#1856,.F.);
#1859=ORIENTED_EDGE('',*,*,#1858,.F.);
#1861=ORIENTED_EDGE('',*,*,#1860,.F.);
#1863=ORIENTED_EDGE('',*,*,#1862,.F.);
#1865=ORIENTED_EDGE('',*,*,#1864,.F.);
#1866=ORIENTED_EDGE('',*,*,#1828,.F.);
#1867=EDGE_LOOP('',(#1843,#1845,#1847,#1849,#1851,#1853,#1855,#1857,#1859,#1861,
#1863,#1865,#1866));
#1868=FACE_OUTER_BOUND('',#1867,.F.);
#1869=ADVANCED_FACE('',(#1868),#1841,.T.);
#1870=CARTESIAN_POINT('',(-3.87E-1,-5.E-2,-1.355E-1));
#1871=DIRECTION('',(0.E0,0.E0,-1.E0));
#1872=DIRECTION('',(0.E0,1.E0,0.E0));
#1873=AXIS2_PLACEMENT_3D('',#1870,#1871,#1872);
#1874=PLANE('',#1873);
#1875=ORIENTED_EDGE('',*,*,#1842,.F.);
#1876=ORIENTED_EDGE('',*,*,#1767,.T.);
#1878=ORIENTED_EDGE('',*,*,#1877,.T.);
#1880=ORIENTED_EDGE('',*,*,#1879,.F.);
#1881=EDGE_LOOP('',(#1875,#1876,#1878,#1880));
#1882=FACE_OUTER_BOUND('',#1881,.F.);
#1883=ADVANCED_FACE('',(#1882),#1874,.T.);
#1884=CARTESIAN_POINT('',(-3.87E-1,-5.E-2,-1.355E-1));
#1885=DIRECTION('',(0.E0,0.E0,-1.E0));
#1886=DIRECTION('',(0.E0,1.E0,0.E0));
#1887=AXIS2_PLACEMENT_3D('',#1884,#1885,#1886);
#1888=PLANE('',#1887);
#1890=ORIENTED_EDGE('',*,*,#1889,.T.);
#1892=ORIENTED_EDGE('',*,*,#1891,.F.);
#1893=ORIENTED_EDGE('',*,*,#1692,.F.);
#1894=ORIENTED_EDGE('',*,*,#1720,.T.);
#1895=EDGE_LOOP('',(#1890,#1892,#1893,#1894));
#1896=FACE_OUTER_BOUND('',#1895,.F.);
#1897=ADVANCED_FACE('',(#1896),#1888,.T.);
#1898=CARTESIAN_POINT('',(3.87E-1,0.E0,0.E0));
#1899=DIRECTION('',(1.E0,0.E0,0.E0));
#1900=DIRECTION('',(0.E0,0.E0,-1.E0));
#1901=AXIS2_PLACEMENT_3D('',#1898,#1899,#1900);
#1902=PLANE('',#1901);
#1903=ORIENTED_EDGE('',*,*,#1765,.F.);
#1905=ORIENTED_EDGE('',*,*,#1904,.F.);
#1907=ORIENTED_EDGE('',*,*,#1906,.F.);
#1909=ORIENTED_EDGE('',*,*,#1908,.F.);
#1911=ORIENTED_EDGE('',*,*,#1910,.F.);
#1913=ORIENTED_EDGE('',*,*,#1912,.F.);
#1915=ORIENTED_EDGE('',*,*,#1914,.F.);
#1917=ORIENTED_EDGE('',*,*,#1916,.F.);
#1919=ORIENTED_EDGE('',*,*,#1918,.F.);
#1920=ORIENTED_EDGE('',*,*,#1877,.F.);
#1921=EDGE_LOOP('',(#1903,#1905,#1907,#1909,#1911,#1913,#1915,#1917,#1919,
#1920));
#1922=FACE_OUTER_BOUND('',#1921,.F.);
#1923=ADVANCED_FACE('',(#1922),#1902,.T.);
#1924=CARTESIAN_POINT('',(-3.87E-1,-8.E-2,7.55E-2));
#1925=DIRECTION('',(0.E0,0.E0,-1.E0));
#1926=DIRECTION('',(0.E0,1.E0,0.E0));
#1927=AXIS2_PLACEMENT_3D('',#1924,#1925,#1926);
#1928=PLANE('',#1927);
#1930=ORIENTED_EDGE('',*,*,#1929,.F.);
#1932=ORIENTED_EDGE('',*,*,#1931,.T.);
#1933=ORIENTED_EDGE('',*,*,#1904,.T.);
#1934=ORIENTED_EDGE('',*,*,#1763,.F.);
#1935=EDGE_LOOP('',(#1930,#1932,#1933,#1934));
#1936=FACE_OUTER_BOUND('',#1935,.F.);
#1937=ADVANCED_FACE('',(#1936),#1928,.T.);
#1938=CARTESIAN_POINT('',(-3.87E-1,-8.E-2,7.55E-2));
#1939=DIRECTION('',(0.E0,0.E0,-1.E0));
#1940=DIRECTION('',(0.E0,1.E0,0.E0));
#1941=AXIS2_PLACEMENT_3D('',#1938,#1939,#1940);
#1942=PLANE('',#1941);
#1944=ORIENTED_EDGE('',*,*,#1943,.F.);
#1946=ORIENTED_EDGE('',*,*,#1945,.T.);
#1948=ORIENTED_EDGE('',*,*,#1947,.T.);
#1949=ORIENTED_EDGE('',*,*,#1755,.F.);
#1950=EDGE_LOOP('',(#1944,#1946,#1948,#1949));
#1951=FACE_OUTER_BOUND('',#1950,.F.);
#1952=ADVANCED_FACE('',(#1951),#1942,.T.);
#1953=CARTESIAN_POINT('',(-3.87E-1,-8.E-2,7.55E-2));
#1954=DIRECTION('',(0.E0,0.E0,-1.E0));
#1955=DIRECTION('',(0.E0,1.E0,0.E0));
#1956=AXIS2_PLACEMENT_3D('',#1953,#1954,#1955);
#1957=PLANE('',#1956);
#1959=ORIENTED_EDGE('',*,*,#1958,.F.);
#1961=ORIENTED_EDGE('',*,*,#1960,.T.);
#1963=ORIENTED_EDGE('',*,*,#1962,.T.);
#1964=ORIENTED_EDGE('',*,*,#1747,.F.);
#1965=EDGE_LOOP('',(#1959,#1961,#1963,#1964));
#1966=FACE_OUTER_BOUND('',#1965,.F.);
#1967=ADVANCED_FACE('',(#1966),#1957,.T.);
#1968=CARTESIAN_POINT('',(-3.87E-1,-8.E-2,7.55E-2));
#1969=DIRECTION('',(0.E0,0.E0,-1.E0));
#1970=DIRECTION('',(0.E0,1.E0,0.E0));
#1971=AXIS2_PLACEMENT_3D('',#1968,#1969,#1970);
#1972=PLANE('',#1971);
#1974=ORIENTED_EDGE('',*,*,#1973,.F.);
#1976=ORIENTED_EDGE('',*,*,#1975,.T.);
#1978=ORIENTED_EDGE('',*,*,#1977,.T.);
#1979=ORIENTED_EDGE('',*,*,#1739,.F.);
#1980=EDGE_LOOP('',(#1974,#1976,#1978,#1979));
#1981=FACE_OUTER_BOUND('',#1980,.F.);
#1982=ADVANCED_FACE('',(#1981),#1972,.T.);
#1983=CARTESIAN_POINT('',(-3.87E-1,-8.E-2,7.55E-2));
#1984=DIRECTION('',(0.E0,0.E0,-1.E0));
#1985=DIRECTION('',(0.E0,1.E0,0.E0));
#1986=AXIS2_PLACEMENT_3D('',#1983,#1984,#1985);
#1987=PLANE('',#1986);
#1989=ORIENTED_EDGE('',*,*,#1988,.T.);
#1990=ORIENTED_EDGE('',*,*,#1723,.F.);
#1991=ORIENTED_EDGE('',*,*,#1708,.F.);
#1993=ORIENTED_EDGE('',*,*,#1992,.T.);
#1994=EDGE_LOOP('',(#1989,#1990,#1991,#1993));
#1995=FACE_OUTER_BOUND('',#1994,.F.);
#1996=ADVANCED_FACE('',(#1995),#1987,.T.);
#1997=CARTESIAN_POINT('',(-3.87E-1,-8.E-2,7.55E-2));
#1998=DIRECTION('',(0.E0,0.E0,-1.E0));
#1999=DIRECTION('',(0.E0,1.E0,0.E0));
#2000=AXIS2_PLACEMENT_3D('',#1997,#1998,#1999);
#2001=PLANE('',#2000);
#2003=ORIENTED_EDGE('',*,*,#2002,.F.);
#2005=ORIENTED_EDGE('',*,*,#2004,.T.);
#2007=ORIENTED_EDGE('',*,*,#2006,.T.);
#2008=ORIENTED_EDGE('',*,*,#1731,.F.);
#2009=EDGE_LOOP('',(#2003,#2005,#2007,#2008));
#2010=FACE_OUTER_BOUND('',#2009,.F.);
#2011=ADVANCED_FACE('',(#2010),#2001,.T.);
#2012=CARTESIAN_POINT('',(3.64E-1,-8.E-2,1.355E-1));
#2013=DIRECTION('',(1.E0,0.E0,0.E0));
#2014=DIRECTION('',(0.E0,1.E0,0.E0));
#2015=AXIS2_PLACEMENT_3D('',#2012,#2013,#2014);
#2016=PLANE('',#2015);
#2018=ORIENTED_EDGE('',*,*,#2017,.F.);
#2020=ORIENTED_EDGE('',*,*,#2019,.T.);
#2021=ORIENTED_EDGE('',*,*,#1929,.T.);
#2022=ORIENTED_EDGE('',*,*,#1761,.F.);
#2023=EDGE_LOOP('',(#2018,#2020,#2021,#2022));
#2024=FACE_OUTER_BOUND('',#2023,.F.);
#2025=ADVANCED_FACE('',(#2024),#2016,.F.);
#2026=CARTESIAN_POINT('',(-3.87E-1,-2.732050807569E-2,1.355E-1));
#2027=DIRECTION('',(0.E0,0.E0,1.E0));
#2028=DIRECTION('',(0.E0,-1.E0,0.E0));
#2029=AXIS2_PLACEMENT_3D('',#2026,#2027,#2028);
#2030=PLANE('',#2029);
#2032=ORIENTED_EDGE('',*,*,#2031,.F.);
#2034=ORIENTED_EDGE('',*,*,#2033,.F.);
#2035=ORIENTED_EDGE('',*,*,#1704,.F.);
#2037=ORIENTED_EDGE('',*,*,#2036,.T.);
#2038=ORIENTED_EDGE('',*,*,#1908,.T.);
#2040=ORIENTED_EDGE('',*,*,#2039,.F.);
#2041=ORIENTED_EDGE('',*,*,#2017,.T.);
#2042=ORIENTED_EDGE('',*,*,#1759,.T.);
#2044=ORIENTED_EDGE('',*,*,#2043,.F.);
#2046=ORIENTED_EDGE('',*,*,#2045,.F.);
#2048=ORIENTED_EDGE('',*,*,#2047,.T.);
#2049=ORIENTED_EDGE('',*,*,#1751,.T.);
#2051=ORIENTED_EDGE('',*,*,#2050,.F.);
#2053=ORIENTED_EDGE('',*,*,#2052,.F.);
#2055=ORIENTED_EDGE('',*,*,#2054,.T.);
#2056=ORIENTED_EDGE('',*,*,#1743,.T.);
#2058=ORIENTED_EDGE('',*,*,#2057,.F.);
#2060=ORIENTED_EDGE('',*,*,#2059,.F.);
#2062=ORIENTED_EDGE('',*,*,#2061,.T.);
#2063=ORIENTED_EDGE('',*,*,#1735,.T.);
#2065=ORIENTED_EDGE('',*,*,#2064,.F.);
#2067=ORIENTED_EDGE('',*,*,#2066,.F.);
#2069=ORIENTED_EDGE('',*,*,#2068,.T.);
#2070=ORIENTED_EDGE('',*,*,#1727,.T.);
#2071=EDGE_LOOP('',(#2032,#2034,#2035,#2037,#2038,#2040,#2041,#2042,#2044,#2046,
#2048,#2049,#2051,#2053,#2055,#2056,#2058,#2060,#2062,#2063,#2065,#2067,#2069,
#2070));
#2072=FACE_OUTER_BOUND('',#2071,.F.);
#2073=ADVANCED_FACE('',(#2072),#2030,.T.);
#2074=CARTESIAN_POINT('',(-3.64E-1,-5.E-2,1.355E-1));
#2075=DIRECTION('',(-1.E0,0.E0,0.E0));
#2076=DIRECTION('',(0.E0,-1.E0,0.E0));
#2077=AXIS2_PLACEMENT_3D('',#2074,#2075,#2076);
#2078=PLANE('',#2077);
#2079=ORIENTED_EDGE('',*,*,#2031,.T.);
#2080=ORIENTED_EDGE('',*,*,#1725,.T.);
#2081=ORIENTED_EDGE('',*,*,#1988,.F.);
#2083=ORIENTED_EDGE('',*,*,#2082,.F.);
#2084=EDGE_LOOP('',(#2079,#2080,#2081,#2083));
#2085=FACE_OUTER_BOUND('',#2084,.F.);
#2086=ADVANCED_FACE('',(#2085),#2078,.F.);
#2087=CARTESIAN_POINT('',(-3.87E-1,-8.E-2,1.355E-1));
#2088=DIRECTION('',(0.E0,-1.E0,0.E0));
#2089=DIRECTION('',(0.E0,0.E0,-1.E0));
#2090=AXIS2_PLACEMENT_3D('',#2087,#2088,#2089);
#2091=PLANE('',#2090);
#2092=ORIENTED_EDGE('',*,*,#2019,.F.);
#2093=ORIENTED_EDGE('',*,*,#2039,.T.);
#2094=ORIENTED_EDGE('',*,*,#1906,.T.);
#2095=ORIENTED_EDGE('',*,*,#1931,.F.);
#2096=EDGE_LOOP('',(#2092,#2093,#2094,#2095));
#2097=FACE_OUTER_BOUND('',#2096,.F.);
#2098=ADVANCED_FACE('',(#2097),#2091,.T.);
#2099=CARTESIAN_POINT('',(-3.87E-1,-8.E-2,1.355E-1));
#2100=DIRECTION('',(0.E0,-1.E0,0.E0));
#2101=DIRECTION('',(0.E0,0.E0,-1.E0));
#2102=AXIS2_PLACEMENT_3D('',#2099,#2100,#2101);
#2103=PLANE('',#2102);
#2105=ORIENTED_EDGE('',*,*,#2104,.F.);
#2106=ORIENTED_EDGE('',*,*,#2045,.T.);
#2108=ORIENTED_EDGE('',*,*,#2107,.T.);
#2109=ORIENTED_EDGE('',*,*,#1945,.F.);
#2110=EDGE_LOOP('',(#2105,#2106,#2108,#2109));
#2111=FACE_OUTER_BOUND('',#2110,.F.);
#2112=ADVANCED_FACE('',(#2111),#2103,.T.);
#2113=CARTESIAN_POINT('',(-3.87E-1,-8.E-2,1.355E-1));
#2114=DIRECTION('',(0.E0,-1.E0,0.E0));
#2115=DIRECTION('',(0.E0,0.E0,-1.E0));
#2116=AXIS2_PLACEMENT_3D('',#2113,#2114,#2115);
#2117=PLANE('',#2116);
#2119=ORIENTED_EDGE('',*,*,#2118,.F.);
#2120=ORIENTED_EDGE('',*,*,#2052,.T.);
#2122=ORIENTED_EDGE('',*,*,#2121,.T.);
#2123=ORIENTED_EDGE('',*,*,#1960,.F.);
#2124=EDGE_LOOP('',(#2119,#2120,#2122,#2123));
#2125=FACE_OUTER_BOUND('',#2124,.F.);
#2126=ADVANCED_FACE('',(#2125),#2117,.T.);
#2127=CARTESIAN_POINT('',(-3.87E-1,-8.E-2,1.355E-1));
#2128=DIRECTION('',(0.E0,-1.E0,0.E0));
#2129=DIRECTION('',(0.E0,0.E0,-1.E0));
#2130=AXIS2_PLACEMENT_3D('',#2127,#2128,#2129);
#2131=PLANE('',#2130);
#2133=ORIENTED_EDGE('',*,*,#2132,.F.);
#2134=ORIENTED_EDGE('',*,*,#2059,.T.);
#2136=ORIENTED_EDGE('',*,*,#2135,.T.);
#2137=ORIENTED_EDGE('',*,*,#1975,.F.);
#2138=EDGE_LOOP('',(#2133,#2134,#2136,#2137));
#2139=FACE_OUTER_BOUND('',#2138,.F.);
#2140=ADVANCED_FACE('',(#2139),#2131,.T.);
#2141=CARTESIAN_POINT('',(-3.87E-1,-8.E-2,1.355E-1));
#2142=DIRECTION('',(0.E0,-1.E0,0.E0));
#2143=DIRECTION('',(0.E0,0.E0,-1.E0));
#2144=AXIS2_PLACEMENT_3D('',#2141,#2142,#2143);
#2145=PLANE('',#2144);
#2146=ORIENTED_EDGE('',*,*,#2082,.T.);
#2147=ORIENTED_EDGE('',*,*,#1992,.F.);
#2148=ORIENTED_EDGE('',*,*,#1706,.F.);
#2149=ORIENTED_EDGE('',*,*,#2033,.T.);
#2150=EDGE_LOOP('',(#2146,#2147,#2148,#2149));
#2151=FACE_OUTER_BOUND('',#2150,.F.);
#2152=ADVANCED_FACE('',(#2151),#2145,.T.);
#2153=CARTESIAN_POINT('',(-3.87E-1,-8.E-2,1.355E-1));
#2154=DIRECTION('',(0.E0,-1.E0,0.E0));
#2155=DIRECTION('',(0.E0,0.E0,-1.E0));
#2156=AXIS2_PLACEMENT_3D('',#2153,#2154,#2155);
#2157=PLANE('',#2156);
#2159=ORIENTED_EDGE('',*,*,#2158,.F.);
#2160=ORIENTED_EDGE('',*,*,#2066,.T.);
#2162=ORIENTED_EDGE('',*,*,#2161,.T.);
#2163=ORIENTED_EDGE('',*,*,#2004,.F.);
#2164=EDGE_LOOP('',(#2159,#2160,#2162,#2163));
#2165=FACE_OUTER_BOUND('',#2164,.F.);
#2166=ADVANCED_FACE('',(#2165),#2157,.T.);
#2167=CARTESIAN_POINT('',(2.08E-1,-8.E-2,1.355E-1));
#2168=DIRECTION('',(1.E0,0.E0,0.E0));
#2169=DIRECTION('',(0.E0,1.E0,0.E0));
#2170=AXIS2_PLACEMENT_3D('',#2167,#2168,#2169);
#2171=PLANE('',#2170);
#2172=ORIENTED_EDGE('',*,*,#2047,.F.);
#2173=ORIENTED_EDGE('',*,*,#2104,.T.);
#2174=ORIENTED_EDGE('',*,*,#1943,.T.);
#2175=ORIENTED_EDGE('',*,*,#1753,.F.);
#2176=EDGE_LOOP('',(#2172,#2173,#2174,#2175));
#2177=FACE_OUTER_BOUND('',#2176,.F.);
#2178=ADVANCED_FACE('',(#2177),#2171,.F.);
#2179=CARTESIAN_POINT('',(2.6E-1,-5.E-2,1.355E-1));
#2180=DIRECTION('',(-1.E0,0.E0,0.E0));
#2181=DIRECTION('',(0.E0,-1.E0,0.E0));
#2182=AXIS2_PLACEMENT_3D('',#2179,#2180,#2181);
#2183=PLANE('',#2182);
#2184=ORIENTED_EDGE('',*,*,#2043,.T.);
#2185=ORIENTED_EDGE('',*,*,#1757,.T.);
#2186=ORIENTED_EDGE('',*,*,#1947,.F.);
#2187=ORIENTED_EDGE('',*,*,#2107,.F.);
#2188=EDGE_LOOP('',(#2184,#2185,#2186,#2187));
#2189=FACE_OUTER_BOUND('',#2188,.F.);
#2190=ADVANCED_FACE('',(#2189),#2183,.F.);
#2191=CARTESIAN_POINT('',(5.2E-2,-8.E-2,1.355E-1));
#2192=DIRECTION('',(1.E0,0.E0,0.E0));
#2193=DIRECTION('',(0.E0,1.E0,0.E0));
#2194=AXIS2_PLACEMENT_3D('',#2191,#2192,#2193);
#2195=PLANE('',#2194);
#2196=ORIENTED_EDGE('',*,*,#2054,.F.);
#2197=ORIENTED_EDGE('',*,*,#2118,.T.);
#2198=ORIENTED_EDGE('',*,*,#1958,.T.);
#2199=ORIENTED_EDGE('',*,*,#1745,.F.);
#2200=EDGE_LOOP('',(#2196,#2197,#2198,#2199));
#2201=FACE_OUTER_BOUND('',#2200,.F.);
#2202=ADVANCED_FACE('',(#2201),#2195,.F.);
#2203=CARTESIAN_POINT('',(1.04E-1,-5.E-2,1.355E-1));
#2204=DIRECTION('',(-1.E0,0.E0,0.E0));
#2205=DIRECTION('',(0.E0,-1.E0,0.E0));
#2206=AXIS2_PLACEMENT_3D('',#2203,#2204,#2205);
#2207=PLANE('',#2206);
#2208=ORIENTED_EDGE('',*,*,#2050,.T.);
#2209=ORIENTED_EDGE('',*,*,#1749,.T.);
#2210=ORIENTED_EDGE('',*,*,#1962,.F.);
#2211=ORIENTED_EDGE('',*,*,#2121,.F.);
#2212=EDGE_LOOP('',(#2208,#2209,#2210,#2211));
#2213=FACE_OUTER_BOUND('',#2212,.F.);
#2214=ADVANCED_FACE('',(#2213),#2207,.F.);
#2215=CARTESIAN_POINT('',(-1.04E-1,-8.E-2,1.355E-1));
#2216=DIRECTION('',(1.E0,0.E0,0.E0));
#2217=DIRECTION('',(0.E0,1.E0,0.E0));
#2218=AXIS2_PLACEMENT_3D('',#2215,#2216,#2217);
#2219=PLANE('',#2218);
#2220=ORIENTED_EDGE('',*,*,#2061,.F.);
#2221=ORIENTED_EDGE('',*,*,#2132,.T.);
#2222=ORIENTED_EDGE('',*,*,#1973,.T.);
#2223=ORIENTED_EDGE('',*,*,#1737,.F.);
#2224=EDGE_LOOP('',(#2220,#2221,#2222,#2223));
#2225=FACE_OUTER_BOUND('',#2224,.F.);
#2226=ADVANCED_FACE('',(#2225),#2219,.F.);
#2227=CARTESIAN_POINT('',(-5.2E-2,-5.E-2,1.355E-1));
#2228=DIRECTION('',(-1.E0,0.E0,0.E0));
#2229=DIRECTION('',(0.E0,-1.E0,0.E0));
#2230=AXIS2_PLACEMENT_3D('',#2227,#2228,#2229);
#2231=PLANE('',#2230);
#2232=ORIENTED_EDGE('',*,*,#2057,.T.);
#2233=ORIENTED_EDGE('',*,*,#1741,.T.);
#2234=ORIENTED_EDGE('',*,*,#1977,.F.);
#2235=ORIENTED_EDGE('',*,*,#2135,.F.);
#2236=EDGE_LOOP('',(#2232,#2233,#2234,#2235));
#2237=FACE_OUTER_BOUND('',#2236,.F.);
#2238=ADVANCED_FACE('',(#2237),#2231,.F.);
#2239=CARTESIAN_POINT('',(-2.6E-1,-8.E-2,1.355E-1));
#2240=DIRECTION('',(1.E0,0.E0,0.E0));
#2241=DIRECTION('',(0.E0,1.E0,0.E0));
#2242=AXIS2_PLACEMENT_3D('',#2239,#2240,#2241);
#2243=PLANE('',#2242);
#2244=ORIENTED_EDGE('',*,*,#2068,.F.);
#2245=ORIENTED_EDGE('',*,*,#2158,.T.);
#2246=ORIENTED_EDGE('',*,*,#2002,.T.);
#2247=ORIENTED_EDGE('',*,*,#1729,.F.);
#2248=EDGE_LOOP('',(#2244,#2245,#2246,#2247));
#2249=FACE_OUTER_BOUND('',#2248,.F.);
#2250=ADVANCED_FACE('',(#2249),#2243,.F.);
#2251=CARTESIAN_POINT('',(-2.08E-1,-5.E-2,1.355E-1));
#2252=DIRECTION('',(-1.E0,0.E0,0.E0));
#2253=DIRECTION('',(0.E0,-1.E0,0.E0));
#2254=AXIS2_PLACEMENT_3D('',#2251,#2252,#2253);
#2255=PLANE('',#2254);
#2256=ORIENTED_EDGE('',*,*,#2064,.T.);
#2257=ORIENTED_EDGE('',*,*,#1733,.T.);
#2258=ORIENTED_EDGE('',*,*,#2006,.F.);
#2259=ORIENTED_EDGE('',*,*,#2161,.F.);
#2260=EDGE_LOOP('',(#2256,#2257,#2258,#2259));
#2261=FACE_OUTER_BOUND('',#2260,.F.);
#2262=ADVANCED_FACE('',(#2261),#2255,.F.);
#2263=CARTESIAN_POINT('',(-3.87E-1,-2.732050807569E-2,1.255E-1));
#2264=DIRECTION('',(0.E0,1.E0,0.E0));
#2265=DIRECTION('',(0.E0,0.E0,1.E0));
#2266=AXIS2_PLACEMENT_3D('',#2263,#2264,#2265);
#2267=PLANE('',#2266);
#2268=ORIENTED_EDGE('',*,*,#1702,.F.);
#2270=ORIENTED_EDGE('',*,*,#2269,.T.);
#2271=ORIENTED_EDGE('',*,*,#1910,.T.);
#2272=ORIENTED_EDGE('',*,*,#2036,.F.);
#2273=EDGE_LOOP('',(#2268,#2270,#2271,#2272));
#2274=FACE_OUTER_BOUND('',#2273,.F.);
#2275=ADVANCED_FACE('',(#2274),#2267,.T.);
#2276=CARTESIAN_POINT('',(-3.87E-1,-2.320508075690E-3,1.255E-1));
#2277=DIRECTION('',(0.E0,0.E0,1.E0));
#2278=DIRECTION('',(0.E0,-1.E0,0.E0));
#2279=AXIS2_PLACEMENT_3D('',#2276,#2277,#2278);
#2280=PLANE('',#2279);
#2281=ORIENTED_EDGE('',*,*,#1700,.F.);
#2283=ORIENTED_EDGE('',*,*,#2282,.T.);
#2284=ORIENTED_EDGE('',*,*,#1912,.T.);
#2285=ORIENTED_EDGE('',*,*,#2269,.F.);
#2286=EDGE_LOOP('',(#2281,#2283,#2284,#2285));
#2287=FACE_OUTER_BOUND('',#2286,.F.);
#2288=ADVANCED_FACE('',(#2287),#2280,.T.);
#2289=CARTESIAN_POINT('',(-3.87E-1,1.5E-2,1.355E-1));
#2290=DIRECTION('',(0.E0,-5.E-1,8.660254037845E-1));
#2291=DIRECTION('',(0.E0,-8.660254037845E-1,-5.E-1));
#2292=AXIS2_PLACEMENT_3D('',#2289,#2290,#2291);
#2293=PLANE('',#2292);
#2294=ORIENTED_EDGE('',*,*,#1698,.F.);
#2296=ORIENTED_EDGE('',*,*,#2295,.T.);
#2297=ORIENTED_EDGE('',*,*,#1914,.T.);
#2298=ORIENTED_EDGE('',*,*,#2282,.F.);
#2299=EDGE_LOOP('',(#2294,#2296,#2297,#2298));
#2300=FACE_OUTER_BOUND('',#2299,.F.);
#2301=ADVANCED_FACE('',(#2300),#2293,.T.);
#2302=CARTESIAN_POINT('',(-3.87E-1,5.E-2,1.355E-1));
#2303=DIRECTION('',(0.E0,0.E0,1.E0));
#2304=DIRECTION('',(0.E0,-1.E0,0.E0));
#2305=AXIS2_PLACEMENT_3D('',#2302,#2303,#2304);
#2306=PLANE('',#2305);
#2307=ORIENTED_EDGE('',*,*,#1696,.F.);
#2309=ORIENTED_EDGE('',*,*,#2308,.T.);
#2310=ORIENTED_EDGE('',*,*,#1916,.T.);
#2311=ORIENTED_EDGE('',*,*,#2295,.F.);
#2312=EDGE_LOOP('',(#2307,#2309,#2310,#2311));
#2313=FACE_OUTER_BOUND('',#2312,.F.);
#2314=ADVANCED_FACE('',(#2313),#2306,.T.);
#2315=CARTESIAN_POINT('',(-3.87E-1,5.E-2,-1.355E-1));
#2316=DIRECTION('',(0.E0,1.E0,0.E0));
#2317=DIRECTION('',(0.E0,0.E0,1.E0));
#2318=AXIS2_PLACEMENT_3D('',#2315,#2316,#2317);
#2319=PLANE('',#2318);
#2321=ORIENTED_EDGE('',*,*,#2320,.T.);
#2322=ORIENTED_EDGE('',*,*,#1879,.T.);
#2323=ORIENTED_EDGE('',*,*,#1918,.T.);
#2324=ORIENTED_EDGE('',*,*,#2308,.F.);
#2325=ORIENTED_EDGE('',*,*,#1694,.F.);
#2326=ORIENTED_EDGE('',*,*,#1891,.T.);
#2327=EDGE_LOOP('',(#2321,#2322,#2323,#2324,#2325,#2326));
#2328=FACE_OUTER_BOUND('',#2327,.F.);
#2330=ORIENTED_EDGE('',*,*,#2329,.F.);
#2332=ORIENTED_EDGE('',*,*,#2331,.T.);
#2334=ORIENTED_EDGE('',*,*,#2333,.T.);
#2336=ORIENTED_EDGE('',*,*,#2335,.T.);
#2337=EDGE_LOOP('',(#2330,#2332,#2334,#2336));
#2338=FACE_BOUND('',#2337,.F.);
#2340=ORIENTED_EDGE('',*,*,#2339,.F.);
#2342=ORIENTED_EDGE('',*,*,#2341,.T.);
#2344=ORIENTED_EDGE('',*,*,#2343,.T.);
#2346=ORIENTED_EDGE('',*,*,#2345,.T.);
#2347=EDGE_LOOP('',(#2340,#2342,#2344,#2346));
#2348=FACE_BOUND('',#2347,.F.);
#2350=ORIENTED_EDGE('',*,*,#2349,.F.);
#2352=ORIENTED_EDGE('',*,*,#2351,.T.);
#2354=ORIENTED_EDGE('',*,*,#2353,.T.);
#2356=ORIENTED_EDGE('',*,*,#2355,.T.);
#2357=EDGE_LOOP('',(#2350,#2352,#2354,#2356));
#2358=FACE_BOUND('',#2357,.F.);
#2360=ORIENTED_EDGE('',*,*,#2359,.F.);
#2362=ORIENTED_EDGE('',*,*,#2361,.T.);
#2364=ORIENTED_EDGE('',*,*,#2363,.T.);
#2366=ORIENTED_EDGE('',*,*,#2365,.T.);
#2367=EDGE_LOOP('',(#2360,#2362,#2364,#2366));
#2368=FACE_BOUND('',#2367,.F.);
#2370=ORIENTED_EDGE('',*,*,#2369,.F.);
#2372=ORIENTED_EDGE('',*,*,#2371,.T.);
#2374=ORIENTED_EDGE('',*,*,#2373,.T.);
#2376=ORIENTED_EDGE('',*,*,#2375,.T.);
#2377=EDGE_LOOP('',(#2370,#2372,#2374,#2376));
#2378=FACE_BOUND('',#2377,.F.);
#2379=ADVANCED_FACE('',(#2328,#2338,#2348,#2358,#2368,#2378),#2319,.T.);
#2380=CARTESIAN_POINT('',(3.12E-1,-3.223304703376E-4,-1.858223304703E-1));
#2381=DIRECTION('',(0.E0,7.071067811865E-1,-7.071067811865E-1));
#2382=DIRECTION('',(0.E0,7.071067811865E-1,7.071067811865E-1));
#2383=AXIS2_PLACEMENT_3D('',#2380,#2381,#2382);
#2384=PLANE('',#2383);
#2385=ORIENTED_EDGE('',*,*,#2320,.F.);
#2387=ORIENTED_EDGE('',*,*,#2386,.F.);
#2389=ORIENTED_EDGE('',*,*,#2388,.F.);
#2390=ORIENTED_EDGE('',*,*,#1844,.T.);
#2391=EDGE_LOOP('',(#2385,#2387,#2389,#2390));
#2392=FACE_OUTER_BOUND('',#2391,.F.);
#2393=ADVANCED_FACE('',(#2392),#2384,.T.);
#2394=CARTESIAN_POINT('',(-3.12E-1,0.E0,0.E0));
#2395=DIRECTION('',(1.E0,0.E0,0.E0));
#2396=DIRECTION('',(0.E0,0.E0,-1.E0));
#2397=AXIS2_PLACEMENT_3D('',#2394,#2395,#2396);
#2398=PLANE('',#2397);
#2399=ORIENTED_EDGE('',*,*,#1889,.F.);
#2400=ORIENTED_EDGE('',*,*,#1832,.T.);
#2402=ORIENTED_EDGE('',*,*,#2401,.T.);
#2404=ORIENTED_EDGE('',*,*,#2403,.T.);
#2406=ORIENTED_EDGE('',*,*,#2405,.T.);
#2408=ORIENTED_EDGE('',*,*,#2407,.T.);
#2410=ORIENTED_EDGE('',*,*,#2409,.T.);
#2412=ORIENTED_EDGE('',*,*,#2411,.T.);
#2414=ORIENTED_EDGE('',*,*,#2413,.T.);
#2416=ORIENTED_EDGE('',*,*,#2415,.T.);
#2418=ORIENTED_EDGE('',*,*,#2417,.T.);
#2420=ORIENTED_EDGE('',*,*,#2419,.T.);
#2421=ORIENTED_EDGE('',*,*,#2386,.T.);
#2422=EDGE_LOOP('',(#2399,#2400,#2402,#2404,#2406,#2408,#2410,#2412,#2414,#2416,
#2418,#2420,#2421));
#2423=FACE_OUTER_BOUND('',#2422,.F.);
#2424=ADVANCED_FACE('',(#2423),#2398,.F.);
#2425=CARTESIAN_POINT('',(3.12E-1,-8.E-2,-1.355E-1));
#2426=DIRECTION('',(0.E0,-1.E0,0.E0));
#2427=DIRECTION('',(0.E0,0.E0,-1.E0));
#2428=AXIS2_PLACEMENT_3D('',#2425,#2426,#2427);
#2429=PLANE('',#2428);
#2430=ORIENTED_EDGE('',*,*,#1864,.T.);
#2432=ORIENTED_EDGE('',*,*,#2431,.T.);
#2433=ORIENTED_EDGE('',*,*,#2401,.F.);
#2434=ORIENTED_EDGE('',*,*,#1830,.F.);
#2435=EDGE_LOOP('',(#2430,#2432,#2433,#2434));
#2436=FACE_OUTER_BOUND('',#2435,.F.);
#2437=ADVANCED_FACE('',(#2436),#2429,.T.);
#2438=CARTESIAN_POINT('',(3.12E-1,-5.E-3,-1.835E-1));
#2439=DIRECTION('',(1.E0,0.E0,0.E0));
#2440=DIRECTION('',(0.E0,0.E0,-1.E0));
#2441=AXIS2_PLACEMENT_3D('',#2438,#2439,#2440);
#2442=CYLINDRICAL_SURFACE('',#2441,7.5E-2);
#2443=ORIENTED_EDGE('',*,*,#1862,.T.);
#2445=ORIENTED_EDGE('',*,*,#2444,.T.);
#2446=ORIENTED_EDGE('',*,*,#2403,.F.);
#2447=ORIENTED_EDGE('',*,*,#2431,.F.);
#2448=EDGE_LOOP('',(#2443,#2445,#2446,#2447));
#2449=FACE_OUTER_BOUND('',#2448,.F.);
#2450=ADVANCED_FACE('',(#2449),#2442,.T.);
#2451=CARTESIAN_POINT('',(3.12E-1,-5.E-3,-2.585E-1));
#2452=DIRECTION('',(0.E0,0.E0,-1.E0));
#2453=DIRECTION('',(0.E0,1.E0,0.E0));
#2454=AXIS2_PLACEMENT_3D('',#2451,#2452,#2453);
#2455=PLANE('',#2454);
#2456=ORIENTED_EDGE('',*,*,#1860,.T.);
#2458=ORIENTED_EDGE('',*,*,#2457,.T.);
#2459=ORIENTED_EDGE('',*,*,#2405,.F.);
#2460=ORIENTED_EDGE('',*,*,#2444,.F.);
#2461=EDGE_LOOP('',(#2456,#2458,#2459,#2460));
#2462=FACE_OUTER_BOUND('',#2461,.F.);
#2463=ADVANCED_FACE('',(#2462),#2455,.T.);
#2464=CARTESIAN_POINT('',(3.12E-1,3.66E-1,-2.585E-1));
#2465=DIRECTION('',(0.E0,1.E0,0.E0));
#2466=DIRECTION('',(0.E0,0.E0,1.E0));
#2467=AXIS2_PLACEMENT_3D('',#2464,#2465,#2466);
#2468=PLANE('',#2467);
#2469=ORIENTED_EDGE('',*,*,#1858,.T.);
#2471=ORIENTED_EDGE('',*,*,#2470,.T.);
#2472=ORIENTED_EDGE('',*,*,#2407,.F.);
#2473=ORIENTED_EDGE('',*,*,#2457,.F.);
#2474=EDGE_LOOP('',(#2469,#2471,#2472,#2473));
#2475=FACE_OUTER_BOUND('',#2474,.F.);
#2476=ADVANCED_FACE('',(#2475),#2468,.T.);
#2477=CARTESIAN_POINT('',(3.12E-1,3.66E-1,-2.300674330427E-1));
#2478=DIRECTION('',(0.E0,5.735764363510E-1,8.191520442890E-1));
#2479=DIRECTION('',(0.E0,-8.191520442890E-1,5.735764363510E-1));
#2480=AXIS2_PLACEMENT_3D('',#2477,#2478,#2479);
#2481=PLANE('',#2480);
#2482=ORIENTED_EDGE('',*,*,#1856,.T.);
#2484=ORIENTED_EDGE('',*,*,#2483,.T.);
#2485=ORIENTED_EDGE('',*,*,#2409,.F.);
#2486=ORIENTED_EDGE('',*,*,#2470,.F.);
#2487=EDGE_LOOP('',(#2482,#2484,#2485,#2486));
#2488=FACE_OUTER_BOUND('',#2487,.F.);
#2489=ADVANCED_FACE('',(#2488),#2481,.T.);
#2490=CARTESIAN_POINT('',(3.12E-1,2.43E-1,-2.355E-1));
#2491=DIRECTION('',(1.E0,0.E0,0.E0));
#2492=DIRECTION('',(0.E0,0.E0,-1.E0));
#2493=AXIS2_PLACEMENT_3D('',#2490,#2491,#2492);
#2494=CYLINDRICAL_SURFACE('',#2493,7.5E-2);
#2495=ORIENTED_EDGE('',*,*,#1854,.T.);
#2497=ORIENTED_EDGE('',*,*,#2496,.T.);
#2498=ORIENTED_EDGE('',*,*,#2411,.F.);
#2499=ORIENTED_EDGE('',*,*,#2483,.F.);
#2500=EDGE_LOOP('',(#2495,#2497,#2498,#2499));
#2501=FACE_OUTER_BOUND('',#2500,.F.);
#2502=ADVANCED_FACE('',(#2501),#2494,.T.);
#2503=CARTESIAN_POINT('',(3.12E-1,1.899669914110E-1,-1.824669914110E-1));
#2504=DIRECTION('',(0.E0,-7.071067811865E-1,7.071067811865E-1));
#2505=DIRECTION('',(0.E0,-7.071067811865E-1,-7.071067811865E-1));
#2506=AXIS2_PLACEMENT_3D('',#2503,#2504,#2505);
#2507=PLANE('',#2506);
#2508=ORIENTED_EDGE('',*,*,#1852,.T.);
#2510=ORIENTED_EDGE('',*,*,#2509,.T.);
#2511=ORIENTED_EDGE('',*,*,#2413,.F.);
#2512=ORIENTED_EDGE('',*,*,#2496,.F.);
#2513=EDGE_LOOP('',(#2508,#2510,#2511,#2512));
#2514=FACE_OUTER_BOUND('',#2513,.F.);
#2515=ADVANCED_FACE('',(#2514),#2507,.T.);
#2516=CARTESIAN_POINT('',(3.12E-1,1.128679656440E-1,-1.535E-1));
#2517=DIRECTION('',(1.E0,0.E0,0.E0));
#2518=DIRECTION('',(0.E0,0.E0,-1.E0));
#2519=AXIS2_PLACEMENT_3D('',#2516,#2517,#2518);
#2520=CYLINDRICAL_SURFACE('',#2519,7.5E-2);
#2521=ORIENTED_EDGE('',*,*,#1850,.T.);
#2523=ORIENTED_EDGE('',*,*,#2522,.T.);
#2524=ORIENTED_EDGE('',*,*,#2415,.F.);
#2525=ORIENTED_EDGE('',*,*,#2509,.F.);
#2526=EDGE_LOOP('',(#2521,#2523,#2524,#2525));
#2527=FACE_OUTER_BOUND('',#2526,.F.);
#2528=ADVANCED_FACE('',(#2527),#2520,.F.);
#2529=CARTESIAN_POINT('',(3.12E-1,1.128679656440E-1,-2.285E-1));
#2530=DIRECTION('',(0.E0,0.E0,1.E0));
#2531=DIRECTION('',(0.E0,-1.E0,0.E0));
#2532=AXIS2_PLACEMENT_3D('',#2529,#2530,#2531);
#2533=PLANE('',#2532);
#2534=ORIENTED_EDGE('',*,*,#1848,.T.);
#2536=ORIENTED_EDGE('',*,*,#2535,.T.);
#2537=ORIENTED_EDGE('',*,*,#2417,.F.);
#2538=ORIENTED_EDGE('',*,*,#2522,.F.);
#2539=EDGE_LOOP('',(#2534,#2536,#2537,#2538));
#2540=FACE_OUTER_BOUND('',#2539,.F.);
#2541=ADVANCED_FACE('',(#2540),#2533,.T.);
#2542=CARTESIAN_POINT('',(3.12E-1,1.735533905933E-2,-2.035E-1));
#2543=DIRECTION('',(1.E0,0.E0,0.E0));
#2544=DIRECTION('',(0.E0,0.E0,-1.E0));
#2545=AXIS2_PLACEMENT_3D('',#2542,#2543,#2544);
#2546=CYLINDRICAL_SURFACE('',#2545,2.5E-2);
#2547=ORIENTED_EDGE('',*,*,#1846,.T.);
#2548=ORIENTED_EDGE('',*,*,#2388,.T.);
#2549=ORIENTED_EDGE('',*,*,#2419,.F.);
#2550=ORIENTED_EDGE('',*,*,#2535,.F.);
#2551=EDGE_LOOP('',(#2547,#2548,#2549,#2550));
#2552=FACE_OUTER_BOUND('',#2551,.F.);
#2553=ADVANCED_FACE('',(#2552),#2546,.F.);
#2554=CARTESIAN_POINT('',(2.875E-1,-3.155E-1,2.915E-1));
#2555=DIRECTION('',(-1.E0,0.E0,0.E0));
#2556=DIRECTION('',(0.E0,1.E0,0.E0));
#2557=AXIS2_PLACEMENT_3D('',#2554,#2555,#2556);
#2558=PLANE('',#2557);
#2559=ORIENTED_EDGE('',*,*,#1771,.F.);
#2561=ORIENTED_EDGE('',*,*,#2560,.F.);
#2563=ORIENTED_EDGE('',*,*,#2562,.F.);
#2565=ORIENTED_EDGE('',*,*,#2564,.F.);
#2567=ORIENTED_EDGE('',*,*,#2566,.F.);
#2569=ORIENTED_EDGE('',*,*,#2568,.T.);
#2571=ORIENTED_EDGE('',*,*,#2570,.T.);
#2573=ORIENTED_EDGE('',*,*,#2572,.T.);
#2574=EDGE_LOOP('',(#2559,#2561,#2563,#2565,#2567,#2569,#2571,#2573));
#2575=FACE_OUTER_BOUND('',#2574,.F.);
#2576=ADVANCED_FACE('',(#2575),#2558,.T.);
#2577=CARTESIAN_POINT('',(2.875E-1,-3.155E-1,2.915E-1));
#2578=DIRECTION('',(-1.E0,0.E0,0.E0));
#2579=DIRECTION('',(0.E0,1.E0,0.E0));
#2580=AXIS2_PLACEMENT_3D('',#2577,#2578,#2579);
#2581=PLANE('',#2580);
#2582=ORIENTED_EDGE('',*,*,#2329,.T.);
#2584=ORIENTED_EDGE('',*,*,#2583,.T.);
#2586=ORIENTED_EDGE('',*,*,#2585,.T.);
#2588=ORIENTED_EDGE('',*,*,#2587,.F.);
#2589=EDGE_LOOP('',(#2582,#2584,#2586,#2588));
#2590=FACE_OUTER_BOUND('',#2589,.F.);
#2591=ADVANCED_FACE('',(#2590),#2581,.T.);
#2592=CARTESIAN_POINT('',(2.875E-1,-1.95E-1,-4.3E-2));
#2593=DIRECTION('',(0.E0,0.E0,1.E0));
#2594=DIRECTION('',(1.E0,0.E0,0.E0));
#2595=AXIS2_PLACEMENT_3D('',#2592,#2593,#2594);
#2596=PLANE('',#2595);
#2597=ORIENTED_EDGE('',*,*,#1777,.T.);
#2599=ORIENTED_EDGE('',*,*,#2598,.F.);
#2601=ORIENTED_EDGE('',*,*,#2600,.F.);
#2602=ORIENTED_EDGE('',*,*,#2560,.T.);
#2603=EDGE_LOOP('',(#2597,#2599,#2601,#2602));
#2604=FACE_OUTER_BOUND('',#2603,.F.);
#2605=ADVANCED_FACE('',(#2604),#2596,.T.);
#2606=CARTESIAN_POINT('',(2.875E-1,-1.95E-1,-4.3E-2));
#2607=DIRECTION('',(0.E0,0.E0,1.E0));
#2608=DIRECTION('',(1.E0,0.E0,0.E0));
#2609=AXIS2_PLACEMENT_3D('',#2606,#2607,#2608);
#2610=PLANE('',#2609);
#2611=ORIENTED_EDGE('',*,*,#2331,.F.);
#2612=ORIENTED_EDGE('',*,*,#2587,.T.);
#2614=ORIENTED_EDGE('',*,*,#2613,.T.);
#2616=ORIENTED_EDGE('',*,*,#2615,.F.);
#2617=EDGE_LOOP('',(#2611,#2612,#2614,#2616));
#2618=FACE_OUTER_BOUND('',#2617,.F.);
#2619=ADVANCED_FACE('',(#2618),#2610,.T.);
#2620=CARTESIAN_POINT('',(3.325E-1,-2.705E-1,2.915E-1));
#2621=DIRECTION('',(1.E0,0.E0,0.E0));
#2622=DIRECTION('',(0.E0,-1.E0,0.E0));
#2623=AXIS2_PLACEMENT_3D('',#2620,#2621,#2622);
#2624=PLANE('',#2623);
#2625=ORIENTED_EDGE('',*,*,#1775,.T.);
#2627=ORIENTED_EDGE('',*,*,#2626,.F.);
#2629=ORIENTED_EDGE('',*,*,#2628,.F.);
#2631=ORIENTED_EDGE('',*,*,#2630,.F.);
#2633=ORIENTED_EDGE('',*,*,#2632,.F.);
#2635=ORIENTED_EDGE('',*,*,#2634,.T.);
#2637=ORIENTED_EDGE('',*,*,#2636,.T.);
#2638=ORIENTED_EDGE('',*,*,#2598,.T.);
#2639=EDGE_LOOP('',(#2625,#2627,#2629,#2631,#2633,#2635,#2637,#2638));
#2640=FACE_OUTER_BOUND('',#2639,.F.);
#2641=ADVANCED_FACE('',(#2640),#2624,.T.);
#2642=CARTESIAN_POINT('',(3.325E-1,-2.705E-1,2.915E-1));
#2643=DIRECTION('',(1.E0,0.E0,0.E0));
#2644=DIRECTION('',(0.E0,-1.E0,0.E0));
#2645=AXIS2_PLACEMENT_3D('',#2642,#2643,#2644);
#2646=PLANE('',#2645);
#2647=ORIENTED_EDGE('',*,*,#2333,.F.);
#2648=ORIENTED_EDGE('',*,*,#2615,.T.);
#2650=ORIENTED_EDGE('',*,*,#2649,.T.);
#2652=ORIENTED_EDGE('',*,*,#2651,.F.);
#2653=EDGE_LOOP('',(#2647,#2648,#2650,#2652));
#2654=FACE_OUTER_BOUND('',#2653,.F.);
#2655=ADVANCED_FACE('',(#2654),#2646,.T.);
#2656=CARTESIAN_POINT('',(3.325E-1,-1.95E-1,-8.8E-2));
#2657=DIRECTION('',(0.E0,0.E0,-1.E0));
#2658=DIRECTION('',(-1.E0,0.E0,0.E0));
#2659=AXIS2_PLACEMENT_3D('',#2656,#2657,#2658);
#2660=PLANE('',#2659);
#2661=ORIENTED_EDGE('',*,*,#1773,.T.);
#2662=ORIENTED_EDGE('',*,*,#2572,.F.);
#2664=ORIENTED_EDGE('',*,*,#2663,.F.);
#2665=ORIENTED_EDGE('',*,*,#2626,.T.);
#2666=EDGE_LOOP('',(#2661,#2662,#2664,#2665));
#2667=FACE_OUTER_BOUND('',#2666,.F.);
#2668=ADVANCED_FACE('',(#2667),#2660,.T.);
#2669=CARTESIAN_POINT('',(3.325E-1,-1.95E-1,-8.8E-2));
#2670=DIRECTION('',(0.E0,0.E0,-1.E0));
#2671=DIRECTION('',(-1.E0,0.E0,0.E0));
#2672=AXIS2_PLACEMENT_3D('',#2669,#2670,#2671);
#2673=PLANE('',#2672);
#2674=ORIENTED_EDGE('',*,*,#2335,.F.);
#2675=ORIENTED_EDGE('',*,*,#2651,.T.);
#2677=ORIENTED_EDGE('',*,*,#2676,.T.);
#2678=ORIENTED_EDGE('',*,*,#2583,.F.);
#2679=EDGE_LOOP('',(#2674,#2675,#2677,#2678));
#2680=FACE_OUTER_BOUND('',#2679,.F.);
#2681=ADVANCED_FACE('',(#2680),#2673,.T.);
#2682=CARTESIAN_POINT('',(-6.9E-1,-1.95E-1,3.25E-2));
#2683=DIRECTION('',(1.E0,0.E0,0.E0));
#2684=DIRECTION('',(0.E0,1.E0,0.E0));
#2685=AXIS2_PLACEMENT_3D('',#2682,#2683,#2684);
#2686=CYLINDRICAL_SURFACE('',#2685,1.205E-1);
#2688=ORIENTED_EDGE('',*,*,#2687,.F.);
#2689=ORIENTED_EDGE('',*,*,#2628,.T.);
#2690=ORIENTED_EDGE('',*,*,#2663,.T.);
#2691=ORIENTED_EDGE('',*,*,#2570,.F.);
#2692=EDGE_LOOP('',(#2688,#2689,#2690,#2691));
#2693=FACE_OUTER_BOUND('',#2692,.F.);
#2694=ADVANCED_FACE('',(#2693),#2686,.T.);
#2695=CARTESIAN_POINT('',(3.325E-1,-3.155E-1,2.915E-1));
#2696=DIRECTION('',(0.E0,-1.E0,0.E0));
#2697=DIRECTION('',(-1.E0,0.E0,0.E0));
#2698=AXIS2_PLACEMENT_3D('',#2695,#2696,#2697);
#2699=PLANE('',#2698);
#2701=ORIENTED_EDGE('',*,*,#2700,.F.);
#2702=ORIENTED_EDGE('',*,*,#2630,.T.);
#2703=ORIENTED_EDGE('',*,*,#2687,.T.);
#2704=ORIENTED_EDGE('',*,*,#2568,.F.);
#2705=EDGE_LOOP('',(#2701,#2702,#2703,#2704));
#2706=FACE_OUTER_BOUND('',#2705,.F.);
#2707=ADVANCED_FACE('',(#2706),#2699,.T.);
#2708=CARTESIAN_POINT('',(3.1E-1,-2.93E-1,2.915E-1));
#2709=DIRECTION('',(0.E0,0.E0,-1.E0));
#2710=DIRECTION('',(0.E0,1.E0,0.E0));
#2711=AXIS2_PLACEMENT_3D('',#2708,#2709,#2710);
#2712=PLANE('',#2711);
#2713=ORIENTED_EDGE('',*,*,#2700,.T.);
#2714=ORIENTED_EDGE('',*,*,#2566,.T.);
#2716=ORIENTED_EDGE('',*,*,#2715,.T.);
#2717=ORIENTED_EDGE('',*,*,#2632,.T.);
#2718=EDGE_LOOP('',(#2713,#2714,#2716,#2717));
#2719=FACE_OUTER_BOUND('',#2718,.F.);
#2720=ADVANCED_FACE('',(#2719),#2712,.F.);
#2721=CARTESIAN_POINT('',(2.875E-1,-2.705E-1,2.915E-1));
#2722=DIRECTION('',(0.E0,1.E0,0.E0));
#2723=DIRECTION('',(1.E0,0.E0,0.E0));
#2724=AXIS2_PLACEMENT_3D('',#2721,#2722,#2723);
#2725=PLANE('',#2724);
#2726=ORIENTED_EDGE('',*,*,#2715,.F.);
#2727=ORIENTED_EDGE('',*,*,#2564,.T.);
#2729=ORIENTED_EDGE('',*,*,#2728,.T.);
#2730=ORIENTED_EDGE('',*,*,#2634,.F.);
#2731=EDGE_LOOP('',(#2726,#2727,#2729,#2730));
#2732=FACE_OUTER_BOUND('',#2731,.F.);
#2733=ADVANCED_FACE('',(#2732),#2725,.T.);
#2734=CARTESIAN_POINT('',(-6.9E-1,-1.95E-1,3.25E-2));
#2735=DIRECTION('',(1.E0,0.E0,0.E0));
#2736=DIRECTION('',(0.E0,1.E0,0.E0));
#2737=AXIS2_PLACEMENT_3D('',#2734,#2735,#2736);
#2738=CYLINDRICAL_SURFACE('',#2737,7.55E-2);
#2739=ORIENTED_EDGE('',*,*,#2728,.F.);
#2740=ORIENTED_EDGE('',*,*,#2562,.T.);
#2741=ORIENTED_EDGE('',*,*,#2600,.T.);
#2742=ORIENTED_EDGE('',*,*,#2636,.F.);
#2743=EDGE_LOOP('',(#2739,#2740,#2741,#2742));
#2744=FACE_OUTER_BOUND('',#2743,.F.);
#2745=ADVANCED_FACE('',(#2744),#2738,.F.);
#2746=CARTESIAN_POINT('',(3.1E-1,5.E-1,-6.55E-2));
#2747=DIRECTION('',(0.E0,1.E0,0.E0));
#2748=DIRECTION('',(0.E0,0.E0,1.E0));
#2749=AXIS2_PLACEMENT_3D('',#2746,#2747,#2748);
#2750=PLANE('',#2749);
#2751=ORIENTED_EDGE('',*,*,#2676,.F.);
#2752=ORIENTED_EDGE('',*,*,#2649,.F.);
#2753=ORIENTED_EDGE('',*,*,#2613,.F.);
#2754=ORIENTED_EDGE('',*,*,#2585,.F.);
#2755=EDGE_LOOP('',(#2751,#2752,#2753,#2754));
#2756=FACE_OUTER_BOUND('',#2755,.F.);
#2757=ADVANCED_FACE('',(#2756),#2750,.T.);
#2758=CARTESIAN_POINT('',(1.315E-1,-3.155E-1,2.915E-1));
#2759=DIRECTION('',(-1.E0,0.E0,0.E0));
#2760=DIRECTION('',(0.E0,1.E0,0.E0));
#2761=AXIS2_PLACEMENT_3D('',#2758,#2759,#2760);
#2762=PLANE('',#2761);
#2763=ORIENTED_EDGE('',*,*,#1781,.F.);
#2765=ORIENTED_EDGE('',*,*,#2764,.F.);
#2767=ORIENTED_EDGE('',*,*,#2766,.F.);
#2769=ORIENTED_EDGE('',*,*,#2768,.F.);
#2771=ORIENTED_EDGE('',*,*,#2770,.F.);
#2773=ORIENTED_EDGE('',*,*,#2772,.T.);
#2775=ORIENTED_EDGE('',*,*,#2774,.T.);
#2777=ORIENTED_EDGE('',*,*,#2776,.T.);
#2778=EDGE_LOOP('',(#2763,#2765,#2767,#2769,#2771,#2773,#2775,#2777));
#2779=FACE_OUTER_BOUND('',#2778,.F.);
#2780=ADVANCED_FACE('',(#2779),#2762,.T.);
#2781=CARTESIAN_POINT('',(1.315E-1,-3.155E-1,2.915E-1));
#2782=DIRECTION('',(-1.E0,0.E0,0.E0));
#2783=DIRECTION('',(0.E0,1.E0,0.E0));
#2784=AXIS2_PLACEMENT_3D('',#2781,#2782,#2783);
#2785=PLANE('',#2784);
#2786=ORIENTED_EDGE('',*,*,#2339,.T.);
#2788=ORIENTED_EDGE('',*,*,#2787,.T.);
#2790=ORIENTED_EDGE('',*,*,#2789,.T.);
#2792=ORIENTED_EDGE('',*,*,#2791,.F.);
#2793=EDGE_LOOP('',(#2786,#2788,#2790,#2792));
#2794=FACE_OUTER_BOUND('',#2793,.F.);
#2795=ADVANCED_FACE('',(#2794),#2785,.T.);
#2796=CARTESIAN_POINT('',(1.315E-1,-1.95E-1,-4.3E-2));
#2797=DIRECTION('',(0.E0,0.E0,1.E0));
#2798=DIRECTION('',(1.E0,0.E0,0.E0));
#2799=AXIS2_PLACEMENT_3D('',#2796,#2797,#2798);
#2800=PLANE('',#2799);
#2801=ORIENTED_EDGE('',*,*,#1787,.T.);
#2803=ORIENTED_EDGE('',*,*,#2802,.F.);
#2805=ORIENTED_EDGE('',*,*,#2804,.F.);
#2806=ORIENTED_EDGE('',*,*,#2764,.T.);
#2807=EDGE_LOOP('',(#2801,#2803,#2805,#2806));
#2808=FACE_OUTER_BOUND('',#2807,.F.);
#2809=ADVANCED_FACE('',(#2808),#2800,.T.);
#2810=CARTESIAN_POINT('',(1.315E-1,-1.95E-1,-4.3E-2));
#2811=DIRECTION('',(0.E0,0.E0,1.E0));
#2812=DIRECTION('',(1.E0,0.E0,0.E0));
#2813=AXIS2_PLACEMENT_3D('',#2810,#2811,#2812);
#2814=PLANE('',#2813);
#2815=ORIENTED_EDGE('',*,*,#2341,.F.);
#2816=ORIENTED_EDGE('',*,*,#2791,.T.);
#2818=ORIENTED_EDGE('',*,*,#2817,.T.);
#2820=ORIENTED_EDGE('',*,*,#2819,.F.);
#2821=EDGE_LOOP('',(#2815,#2816,#2818,#2820));
#2822=FACE_OUTER_BOUND('',#2821,.F.);
#2823=ADVANCED_FACE('',(#2822),#2814,.T.);
#2824=CARTESIAN_POINT('',(1.765E-1,-2.705E-1,2.915E-1));
#2825=DIRECTION('',(1.E0,0.E0,0.E0));
#2826=DIRECTION('',(0.E0,-1.E0,0.E0));
#2827=AXIS2_PLACEMENT_3D('',#2824,#2825,#2826);
#2828=PLANE('',#2827);
#2829=ORIENTED_EDGE('',*,*,#1785,.T.);
#2831=ORIENTED_EDGE('',*,*,#2830,.F.);
#2833=ORIENTED_EDGE('',*,*,#2832,.F.);
#2835=ORIENTED_EDGE('',*,*,#2834,.F.);
#2837=ORIENTED_EDGE('',*,*,#2836,.F.);
#2839=ORIENTED_EDGE('',*,*,#2838,.T.);
#2841=ORIENTED_EDGE('',*,*,#2840,.T.);
#2842=ORIENTED_EDGE('',*,*,#2802,.T.);
#2843=EDGE_LOOP('',(#2829,#2831,#2833,#2835,#2837,#2839,#2841,#2842));
#2844=FACE_OUTER_BOUND('',#2843,.F.);
#2845=ADVANCED_FACE('',(#2844),#2828,.T.);
#2846=CARTESIAN_POINT('',(1.765E-1,-2.705E-1,2.915E-1));
#2847=DIRECTION('',(1.E0,0.E0,0.E0));
#2848=DIRECTION('',(0.E0,-1.E0,0.E0));
#2849=AXIS2_PLACEMENT_3D('',#2846,#2847,#2848);
#2850=PLANE('',#2849);
#2851=ORIENTED_EDGE('',*,*,#2343,.F.);
#2852=ORIENTED_EDGE('',*,*,#2819,.T.);
#2854=ORIENTED_EDGE('',*,*,#2853,.T.);
#2856=ORIENTED_EDGE('',*,*,#2855,.F.);
#2857=EDGE_LOOP('',(#2851,#2852,#2854,#2856));
#2858=FACE_OUTER_BOUND('',#2857,.F.);
#2859=ADVANCED_FACE('',(#2858),#2850,.T.);
#2860=CARTESIAN_POINT('',(1.765E-1,-1.95E-1,-8.8E-2));
#2861=DIRECTION('',(0.E0,0.E0,-1.E0));
#2862=DIRECTION('',(-1.E0,0.E0,0.E0));
#2863=AXIS2_PLACEMENT_3D('',#2860,#2861,#2862);
#2864=PLANE('',#2863);
#2865=ORIENTED_EDGE('',*,*,#1783,.T.);
#2866=ORIENTED_EDGE('',*,*,#2776,.F.);
#2868=ORIENTED_EDGE('',*,*,#2867,.F.);
#2869=ORIENTED_EDGE('',*,*,#2830,.T.);
#2870=EDGE_LOOP('',(#2865,#2866,#2868,#2869));
#2871=FACE_OUTER_BOUND('',#2870,.F.);
#2872=ADVANCED_FACE('',(#2871),#2864,.T.);
#2873=CARTESIAN_POINT('',(1.765E-1,-1.95E-1,-8.8E-2));
#2874=DIRECTION('',(0.E0,0.E0,-1.E0));
#2875=DIRECTION('',(-1.E0,0.E0,0.E0));
#2876=AXIS2_PLACEMENT_3D('',#2873,#2874,#2875);
#2877=PLANE('',#2876);
#2878=ORIENTED_EDGE('',*,*,#2345,.F.);
#2879=ORIENTED_EDGE('',*,*,#2855,.T.);
#2881=ORIENTED_EDGE('',*,*,#2880,.T.);
#2882=ORIENTED_EDGE('',*,*,#2787,.F.);
#2883=EDGE_LOOP('',(#2878,#2879,#2881,#2882));
#2884=FACE_OUTER_BOUND('',#2883,.F.);
#2885=ADVANCED_FACE('',(#2884),#2877,.T.);
#2886=CARTESIAN_POINT('',(-8.46E-1,-1.95E-1,3.25E-2));
#2887=DIRECTION('',(1.E0,0.E0,0.E0));
#2888=DIRECTION('',(0.E0,1.E0,0.E0));
#2889=AXIS2_PLACEMENT_3D('',#2886,#2887,#2888);
#2890=CYLINDRICAL_SURFACE('',#2889,1.205E-1);
#2892=ORIENTED_EDGE('',*,*,#2891,.F.);
#2893=ORIENTED_EDGE('',*,*,#2832,.T.);
#2894=ORIENTED_EDGE('',*,*,#2867,.T.);
#2895=ORIENTED_EDGE('',*,*,#2774,.F.);
#2896=EDGE_LOOP('',(#2892,#2893,#2894,#2895));
#2897=FACE_OUTER_BOUND('',#2896,.F.);
#2898=ADVANCED_FACE('',(#2897),#2890,.T.);
#2899=CARTESIAN_POINT('',(1.765E-1,-3.155E-1,2.915E-1));
#2900=DIRECTION('',(0.E0,-1.E0,0.E0));
#2901=DIRECTION('',(-1.E0,0.E0,0.E0));
#2902=AXIS2_PLACEMENT_3D('',#2899,#2900,#2901);
#2903=PLANE('',#2902);
#2905=ORIENTED_EDGE('',*,*,#2904,.F.);
#2906=ORIENTED_EDGE('',*,*,#2834,.T.);
#2907=ORIENTED_EDGE('',*,*,#2891,.T.);
#2908=ORIENTED_EDGE('',*,*,#2772,.F.);
#2909=EDGE_LOOP('',(#2905,#2906,#2907,#2908));
#2910=FACE_OUTER_BOUND('',#2909,.F.);
#2911=ADVANCED_FACE('',(#2910),#2903,.T.);
#2912=CARTESIAN_POINT('',(1.54E-1,-2.93E-1,2.915E-1));
#2913=DIRECTION('',(0.E0,0.E0,-1.E0));
#2914=DIRECTION('',(0.E0,1.E0,0.E0));
#2915=AXIS2_PLACEMENT_3D('',#2912,#2913,#2914);
#2916=PLANE('',#2915);
#2917=ORIENTED_EDGE('',*,*,#2904,.T.);
#2918=ORIENTED_EDGE('',*,*,#2770,.T.);
#2920=ORIENTED_EDGE('',*,*,#2919,.T.);
#2921=ORIENTED_EDGE('',*,*,#2836,.T.);
#2922=EDGE_LOOP('',(#2917,#2918,#2920,#2921));
#2923=FACE_OUTER_BOUND('',#2922,.F.);
#2924=ADVANCED_FACE('',(#2923),#2916,.F.);
#2925=CARTESIAN_POINT('',(1.315E-1,-2.705E-1,2.915E-1));
#2926=DIRECTION('',(0.E0,1.E0,0.E0));
#2927=DIRECTION('',(1.E0,0.E0,0.E0));
#2928=AXIS2_PLACEMENT_3D('',#2925,#2926,#2927);
#2929=PLANE('',#2928);
#2930=ORIENTED_EDGE('',*,*,#2919,.F.);
#2931=ORIENTED_EDGE('',*,*,#2768,.T.);
#2933=ORIENTED_EDGE('',*,*,#2932,.T.);
#2934=ORIENTED_EDGE('',*,*,#2838,.F.);
#2935=EDGE_LOOP('',(#2930,#2931,#2933,#2934));
#2936=FACE_OUTER_BOUND('',#2935,.F.);
#2937=ADVANCED_FACE('',(#2936),#2929,.T.);
#2938=CARTESIAN_POINT('',(-8.46E-1,-1.95E-1,3.25E-2));
#2939=DIRECTION('',(1.E0,0.E0,0.E0));
#2940=DIRECTION('',(0.E0,1.E0,0.E0));
#2941=AXIS2_PLACEMENT_3D('',#2938,#2939,#2940);
#2942=CYLINDRICAL_SURFACE('',#2941,7.55E-2);
#2943=ORIENTED_EDGE('',*,*,#2932,.F.);
#2944=ORIENTED_EDGE('',*,*,#2766,.T.);
#2945=ORIENTED_EDGE('',*,*,#2804,.T.);
#2946=ORIENTED_EDGE('',*,*,#2840,.F.);
#2947=EDGE_LOOP('',(#2943,#2944,#2945,#2946));
#2948=FACE_OUTER_BOUND('',#2947,.F.);
#2949=ADVANCED_FACE('',(#2948),#2942,.F.);
#2950=CARTESIAN_POINT('',(1.54E-1,5.E-1,-6.55E-2));
#2951=DIRECTION('',(0.E0,1.E0,0.E0));
#2952=DIRECTION('',(0.E0,0.E0,1.E0));
#2953=AXIS2_PLACEMENT_3D('',#2950,#2951,#2952);
#2954=PLANE('',#2953);
#2955=ORIENTED_EDGE('',*,*,#2880,.F.);
#2956=ORIENTED_EDGE('',*,*,#2853,.F.);
#2957=ORIENTED_EDGE('',*,*,#2817,.F.);
#2958=ORIENTED_EDGE('',*,*,#2789,.F.);
#2959=EDGE_LOOP('',(#2955,#2956,#2957,#2958));
#2960=FACE_OUTER_BOUND('',#2959,.F.);
#2961=ADVANCED_FACE('',(#2960),#2954,.T.);
#2962=CARTESIAN_POINT('',(-2.45E-2,-3.155E-1,2.915E-1));
#2963=DIRECTION('',(-1.E0,0.E0,0.E0));
#2964=DIRECTION('',(0.E0,1.E0,0.E0));
#2965=AXIS2_PLACEMENT_3D('',#2962,#2963,#2964);
#2966=PLANE('',#2965);
#2967=ORIENTED_EDGE('',*,*,#1791,.F.);
#2969=ORIENTED_EDGE('',*,*,#2968,.F.);
#2971=ORIENTED_EDGE('',*,*,#2970,.F.);
#2973=ORIENTED_EDGE('',*,*,#2972,.F.);
#2975=ORIENTED_EDGE('',*,*,#2974,.F.);
#2977=ORIENTED_EDGE('',*,*,#2976,.T.);
#2979=ORIENTED_EDGE('',*,*,#2978,.T.);
#2981=ORIENTED_EDGE('',*,*,#2980,.T.);
#2982=EDGE_LOOP('',(#2967,#2969,#2971,#2973,#2975,#2977,#2979,#2981));
#2983=FACE_OUTER_BOUND('',#2982,.F.);
#2984=ADVANCED_FACE('',(#2983),#2966,.T.);
#2985=CARTESIAN_POINT('',(-2.45E-2,-3.155E-1,2.915E-1));
#2986=DIRECTION('',(-1.E0,0.E0,0.E0));
#2987=DIRECTION('',(0.E0,1.E0,0.E0));
#2988=AXIS2_PLACEMENT_3D('',#2985,#2986,#2987);
#2989=PLANE('',#2988);
#2990=ORIENTED_EDGE('',*,*,#2349,.T.);
#2992=ORIENTED_EDGE('',*,*,#2991,.T.);
#2994=ORIENTED_EDGE('',*,*,#2993,.T.);
#2996=ORIENTED_EDGE('',*,*,#2995,.F.);
#2997=EDGE_LOOP('',(#2990,#2992,#2994,#2996));
#2998=FACE_OUTER_BOUND('',#2997,.F.);
#2999=ADVANCED_FACE('',(#2998),#2989,.T.);
#3000=CARTESIAN_POINT('',(-2.45E-2,-1.95E-1,-4.3E-2));
#3001=DIRECTION('',(0.E0,0.E0,1.E0));
#3002=DIRECTION('',(1.E0,0.E0,0.E0));
#3003=AXIS2_PLACEMENT_3D('',#3000,#3001,#3002);
#3004=PLANE('',#3003);
#3005=ORIENTED_EDGE('',*,*,#1797,.T.);
#3007=ORIENTED_EDGE('',*,*,#3006,.F.);
#3009=ORIENTED_EDGE('',*,*,#3008,.F.);
#3010=ORIENTED_EDGE('',*,*,#2968,.T.);
#3011=EDGE_LOOP('',(#3005,#3007,#3009,#3010));
#3012=FACE_OUTER_BOUND('',#3011,.F.);
#3013=ADVANCED_FACE('',(#3012),#3004,.T.);
#3014=CARTESIAN_POINT('',(-2.45E-2,-1.95E-1,-4.3E-2));
#3015=DIRECTION('',(0.E0,0.E0,1.E0));
#3016=DIRECTION('',(1.E0,0.E0,0.E0));
#3017=AXIS2_PLACEMENT_3D('',#3014,#3015,#3016);
#3018=PLANE('',#3017);
#3019=ORIENTED_EDGE('',*,*,#2351,.F.);
#3020=ORIENTED_EDGE('',*,*,#2995,.T.);
#3022=ORIENTED_EDGE('',*,*,#3021,.T.);
#3024=ORIENTED_EDGE('',*,*,#3023,.F.);
#3025=EDGE_LOOP('',(#3019,#3020,#3022,#3024));
#3026=FACE_OUTER_BOUND('',#3025,.F.);
#3027=ADVANCED_FACE('',(#3026),#3018,.T.);
#3028=CARTESIAN_POINT('',(2.05E-2,-2.705E-1,2.915E-1));
#3029=DIRECTION('',(1.E0,0.E0,0.E0));
#3030=DIRECTION('',(0.E0,-1.E0,0.E0));
#3031=AXIS2_PLACEMENT_3D('',#3028,#3029,#3030);
#3032=PLANE('',#3031);
#3033=ORIENTED_EDGE('',*,*,#1795,.T.);
#3035=ORIENTED_EDGE('',*,*,#3034,.F.);
#3037=ORIENTED_EDGE('',*,*,#3036,.F.);
#3039=ORIENTED_EDGE('',*,*,#3038,.F.);
#3041=ORIENTED_EDGE('',*,*,#3040,.F.);
#3043=ORIENTED_EDGE('',*,*,#3042,.T.);
#3045=ORIENTED_EDGE('',*,*,#3044,.T.);
#3046=ORIENTED_EDGE('',*,*,#3006,.T.);
#3047=EDGE_LOOP('',(#3033,#3035,#3037,#3039,#3041,#3043,#3045,#3046));
#3048=FACE_OUTER_BOUND('',#3047,.F.);
#3049=ADVANCED_FACE('',(#3048),#3032,.T.);
#3050=CARTESIAN_POINT('',(2.05E-2,-2.705E-1,2.915E-1));
#3051=DIRECTION('',(1.E0,0.E0,0.E0));
#3052=DIRECTION('',(0.E0,-1.E0,0.E0));
#3053=AXIS2_PLACEMENT_3D('',#3050,#3051,#3052);
#3054=PLANE('',#3053);
#3055=ORIENTED_EDGE('',*,*,#2353,.F.);
#3056=ORIENTED_EDGE('',*,*,#3023,.T.);
#3058=ORIENTED_EDGE('',*,*,#3057,.T.);
#3060=ORIENTED_EDGE('',*,*,#3059,.F.);
#3061=EDGE_LOOP('',(#3055,#3056,#3058,#3060));
#3062=FACE_OUTER_BOUND('',#3061,.F.);
#3063=ADVANCED_FACE('',(#3062),#3054,.T.);
#3064=CARTESIAN_POINT('',(2.05E-2,-1.95E-1,-8.8E-2));
#3065=DIRECTION('',(0.E0,0.E0,-1.E0));
#3066=DIRECTION('',(-1.E0,0.E0,0.E0));
#3067=AXIS2_PLACEMENT_3D('',#3064,#3065,#3066);
#3068=PLANE('',#3067);
#3069=ORIENTED_EDGE('',*,*,#1793,.T.);
#3070=ORIENTED_EDGE('',*,*,#2980,.F.);
#3072=ORIENTED_EDGE('',*,*,#3071,.F.);
#3073=ORIENTED_EDGE('',*,*,#3034,.T.);
#3074=EDGE_LOOP('',(#3069,#3070,#3072,#3073));
#3075=FACE_OUTER_BOUND('',#3074,.F.);
#3076=ADVANCED_FACE('',(#3075),#3068,.T.);
#3077=CARTESIAN_POINT('',(2.05E-2,-1.95E-1,-8.8E-2));
#3078=DIRECTION('',(0.E0,0.E0,-1.E0));
#3079=DIRECTION('',(-1.E0,0.E0,0.E0));
#3080=AXIS2_PLACEMENT_3D('',#3077,#3078,#3079);
#3081=PLANE('',#3080);
#3082=ORIENTED_EDGE('',*,*,#2355,.F.);
#3083=ORIENTED_EDGE('',*,*,#3059,.T.);
#3085=ORIENTED_EDGE('',*,*,#3084,.T.);
#3086=ORIENTED_EDGE('',*,*,#2991,.F.);
#3087=EDGE_LOOP('',(#3082,#3083,#3085,#3086));
#3088=FACE_OUTER_BOUND('',#3087,.F.);
#3089=ADVANCED_FACE('',(#3088),#3081,.T.);
#3090=CARTESIAN_POINT('',(-1.002E0,-1.95E-1,3.25E-2));
#3091=DIRECTION('',(1.E0,0.E0,0.E0));
#3092=DIRECTION('',(0.E0,1.E0,0.E0));
#3093=AXIS2_PLACEMENT_3D('',#3090,#3091,#3092);
#3094=CYLINDRICAL_SURFACE('',#3093,1.205E-1);
#3096=ORIENTED_EDGE('',*,*,#3095,.F.);
#3097=ORIENTED_EDGE('',*,*,#3036,.T.);
#3098=ORIENTED_EDGE('',*,*,#3071,.T.);
#3099=ORIENTED_EDGE('',*,*,#2978,.F.);
#3100=EDGE_LOOP('',(#3096,#3097,#3098,#3099));
#3101=FACE_OUTER_BOUND('',#3100,.F.);
#3102=ADVANCED_FACE('',(#3101),#3094,.T.);
#3103=CARTESIAN_POINT('',(2.05E-2,-3.155E-1,2.915E-1));
#3104=DIRECTION('',(0.E0,-1.E0,0.E0));
#3105=DIRECTION('',(-1.E0,0.E0,0.E0));
#3106=AXIS2_PLACEMENT_3D('',#3103,#3104,#3105);
#3107=PLANE('',#3106);
#3109=ORIENTED_EDGE('',*,*,#3108,.F.);
#3110=ORIENTED_EDGE('',*,*,#3038,.T.);
#3111=ORIENTED_EDGE('',*,*,#3095,.T.);
#3112=ORIENTED_EDGE('',*,*,#2976,.F.);
#3113=EDGE_LOOP('',(#3109,#3110,#3111,#3112));
#3114=FACE_OUTER_BOUND('',#3113,.F.);
#3115=ADVANCED_FACE('',(#3114),#3107,.T.);
#3116=CARTESIAN_POINT('',(-2.E-3,-2.93E-1,2.915E-1));
#3117=DIRECTION('',(0.E0,0.E0,-1.E0));
#3118=DIRECTION('',(0.E0,1.E0,0.E0));
#3119=AXIS2_PLACEMENT_3D('',#3116,#3117,#3118);
#3120=PLANE('',#3119);
#3121=ORIENTED_EDGE('',*,*,#3108,.T.);
#3122=ORIENTED_EDGE('',*,*,#2974,.T.);
#3124=ORIENTED_EDGE('',*,*,#3123,.T.);
#3125=ORIENTED_EDGE('',*,*,#3040,.T.);
#3126=EDGE_LOOP('',(#3121,#3122,#3124,#3125));
#3127=FACE_OUTER_BOUND('',#3126,.F.);
#3128=ADVANCED_FACE('',(#3127),#3120,.F.);
#3129=CARTESIAN_POINT('',(-2.45E-2,-2.705E-1,2.915E-1));
#3130=DIRECTION('',(0.E0,1.E0,0.E0));
#3131=DIRECTION('',(1.E0,0.E0,0.E0));
#3132=AXIS2_PLACEMENT_3D('',#3129,#3130,#3131);
#3133=PLANE('',#3132);
#3134=ORIENTED_EDGE('',*,*,#3123,.F.);
#3135=ORIENTED_EDGE('',*,*,#2972,.T.);
#3137=ORIENTED_EDGE('',*,*,#3136,.T.);
#3138=ORIENTED_EDGE('',*,*,#3042,.F.);
#3139=EDGE_LOOP('',(#3134,#3135,#3137,#3138));
#3140=FACE_OUTER_BOUND('',#3139,.F.);
#3141=ADVANCED_FACE('',(#3140),#3133,.T.);
#3142=CARTESIAN_POINT('',(-1.002E0,-1.95E-1,3.25E-2));
#3143=DIRECTION('',(1.E0,0.E0,0.E0));
#3144=DIRECTION('',(0.E0,1.E0,0.E0));
#3145=AXIS2_PLACEMENT_3D('',#3142,#3143,#3144);
#3146=CYLINDRICAL_SURFACE('',#3145,7.55E-2);
#3147=ORIENTED_EDGE('',*,*,#3136,.F.);
#3148=ORIENTED_EDGE('',*,*,#2970,.T.);
#3149=ORIENTED_EDGE('',*,*,#3008,.T.);
#3150=ORIENTED_EDGE('',*,*,#3044,.F.);
#3151=EDGE_LOOP('',(#3147,#3148,#3149,#3150));
#3152=FACE_OUTER_BOUND('',#3151,.F.);
#3153=ADVANCED_FACE('',(#3152),#3146,.F.);
#3154=CARTESIAN_POINT('',(-2.E-3,5.E-1,-6.55E-2));
#3155=DIRECTION('',(0.E0,1.E0,0.E0));
#3156=DIRECTION('',(0.E0,0.E0,1.E0));
#3157=AXIS2_PLACEMENT_3D('',#3154,#3155,#3156);
#3158=PLANE('',#3157);
#3159=ORIENTED_EDGE('',*,*,#3084,.F.);
#3160=ORIENTED_EDGE('',*,*,#3057,.F.);
#3161=ORIENTED_EDGE('',*,*,#3021,.F.);
#3162=ORIENTED_EDGE('',*,*,#2993,.F.);
#3163=EDGE_LOOP('',(#3159,#3160,#3161,#3162));
#3164=FACE_OUTER_BOUND('',#3163,.F.);
#3165=ADVANCED_FACE('',(#3164),#3158,.T.);
#3166=CARTESIAN_POINT('',(-1.805E-1,-3.155E-1,2.915E-1));
#3167=DIRECTION('',(-1.E0,0.E0,0.E0));
#3168=DIRECTION('',(0.E0,1.E0,0.E0));
#3169=AXIS2_PLACEMENT_3D('',#3166,#3167,#3168);
#3170=PLANE('',#3169);
#3171=ORIENTED_EDGE('',*,*,#1801,.F.);
#3173=ORIENTED_EDGE('',*,*,#3172,.F.);
#3175=ORIENTED_EDGE('',*,*,#3174,.F.);
#3177=ORIENTED_EDGE('',*,*,#3176,.F.);
#3179=ORIENTED_EDGE('',*,*,#3178,.F.);
#3181=ORIENTED_EDGE('',*,*,#3180,.T.);
#3183=ORIENTED_EDGE('',*,*,#3182,.T.);
#3185=ORIENTED_EDGE('',*,*,#3184,.T.);
#3186=EDGE_LOOP('',(#3171,#3173,#3175,#3177,#3179,#3181,#3183,#3185));
#3187=FACE_OUTER_BOUND('',#3186,.F.);
#3188=ADVANCED_FACE('',(#3187),#3170,.T.);
#3189=CARTESIAN_POINT('',(-1.805E-1,-3.155E-1,2.915E-1));
#3190=DIRECTION('',(-1.E0,0.E0,0.E0));
#3191=DIRECTION('',(0.E0,1.E0,0.E0));
#3192=AXIS2_PLACEMENT_3D('',#3189,#3190,#3191);
#3193=PLANE('',#3192);
#3194=ORIENTED_EDGE('',*,*,#2359,.T.);
#3196=ORIENTED_EDGE('',*,*,#3195,.T.);
#3198=ORIENTED_EDGE('',*,*,#3197,.T.);
#3200=ORIENTED_EDGE('',*,*,#3199,.F.);
#3201=EDGE_LOOP('',(#3194,#3196,#3198,#3200));
#3202=FACE_OUTER_BOUND('',#3201,.F.);
#3203=ADVANCED_FACE('',(#3202),#3193,.T.);
#3204=CARTESIAN_POINT('',(-1.805E-1,-1.95E-1,-4.3E-2));
#3205=DIRECTION('',(0.E0,0.E0,1.E0));
#3206=DIRECTION('',(1.E0,0.E0,0.E0));
#3207=AXIS2_PLACEMENT_3D('',#3204,#3205,#3206);
#3208=PLANE('',#3207);
#3209=ORIENTED_EDGE('',*,*,#1807,.T.);
#3211=ORIENTED_EDGE('',*,*,#3210,.F.);
#3213=ORIENTED_EDGE('',*,*,#3212,.F.);
#3214=ORIENTED_EDGE('',*,*,#3172,.T.);
#3215=EDGE_LOOP('',(#3209,#3211,#3213,#3214));
#3216=FACE_OUTER_BOUND('',#3215,.F.);
#3217=ADVANCED_FACE('',(#3216),#3208,.T.);
#3218=CARTESIAN_POINT('',(-1.805E-1,-1.95E-1,-4.3E-2));
#3219=DIRECTION('',(0.E0,0.E0,1.E0));
#3220=DIRECTION('',(1.E0,0.E0,0.E0));
#3221=AXIS2_PLACEMENT_3D('',#3218,#3219,#3220);
#3222=PLANE('',#3221);
#3223=ORIENTED_EDGE('',*,*,#2361,.F.);
#3224=ORIENTED_EDGE('',*,*,#3199,.T.);
#3226=ORIENTED_EDGE('',*,*,#3225,.T.);
#3228=ORIENTED_EDGE('',*,*,#3227,.F.);
#3229=EDGE_LOOP('',(#3223,#3224,#3226,#3228));
#3230=FACE_OUTER_BOUND('',#3229,.F.);
#3231=ADVANCED_FACE('',(#3230),#3222,.T.);
#3232=CARTESIAN_POINT('',(-1.355E-1,-2.705E-1,2.915E-1));
#3233=DIRECTION('',(1.E0,0.E0,0.E0));
#3234=DIRECTION('',(0.E0,-1.E0,0.E0));
#3235=AXIS2_PLACEMENT_3D('',#3232,#3233,#3234);
#3236=PLANE('',#3235);
#3237=ORIENTED_EDGE('',*,*,#1805,.T.);
#3239=ORIENTED_EDGE('',*,*,#3238,.F.);
#3241=ORIENTED_EDGE('',*,*,#3240,.F.);
#3243=ORIENTED_EDGE('',*,*,#3242,.F.);
#3245=ORIENTED_EDGE('',*,*,#3244,.F.);
#3247=ORIENTED_EDGE('',*,*,#3246,.T.);
#3249=ORIENTED_EDGE('',*,*,#3248,.T.);
#3250=ORIENTED_EDGE('',*,*,#3210,.T.);
#3251=EDGE_LOOP('',(#3237,#3239,#3241,#3243,#3245,#3247,#3249,#3250));
#3252=FACE_OUTER_BOUND('',#3251,.F.);
#3253=ADVANCED_FACE('',(#3252),#3236,.T.);
#3254=CARTESIAN_POINT('',(-1.355E-1,-2.705E-1,2.915E-1));
#3255=DIRECTION('',(1.E0,0.E0,0.E0));
#3256=DIRECTION('',(0.E0,-1.E0,0.E0));
#3257=AXIS2_PLACEMENT_3D('',#3254,#3255,#3256);
#3258=PLANE('',#3257);
#3259=ORIENTED_EDGE('',*,*,#2363,.F.);
#3260=ORIENTED_EDGE('',*,*,#3227,.T.);
#3262=ORIENTED_EDGE('',*,*,#3261,.T.);
#3264=ORIENTED_EDGE('',*,*,#3263,.F.);
#3265=EDGE_LOOP('',(#3259,#3260,#3262,#3264));
#3266=FACE_OUTER_BOUND('',#3265,.F.);
#3267=ADVANCED_FACE('',(#3266),#3258,.T.);
#3268=CARTESIAN_POINT('',(-1.355E-1,-1.95E-1,-8.8E-2));
#3269=DIRECTION('',(0.E0,0.E0,-1.E0));
#3270=DIRECTION('',(-1.E0,0.E0,0.E0));
#3271=AXIS2_PLACEMENT_3D('',#3268,#3269,#3270);
#3272=PLANE('',#3271);
#3273=ORIENTED_EDGE('',*,*,#1803,.T.);
#3274=ORIENTED_EDGE('',*,*,#3184,.F.);
#3276=ORIENTED_EDGE('',*,*,#3275,.F.);
#3277=ORIENTED_EDGE('',*,*,#3238,.T.);
#3278=EDGE_LOOP('',(#3273,#3274,#3276,#3277));
#3279=FACE_OUTER_BOUND('',#3278,.F.);
#3280=ADVANCED_FACE('',(#3279),#3272,.T.);
#3281=CARTESIAN_POINT('',(-1.355E-1,-1.95E-1,-8.8E-2));
#3282=DIRECTION('',(0.E0,0.E0,-1.E0));
#3283=DIRECTION('',(-1.E0,0.E0,0.E0));
#3284=AXIS2_PLACEMENT_3D('',#3281,#3282,#3283);
#3285=PLANE('',#3284);
#3286=ORIENTED_EDGE('',*,*,#2365,.F.);
#3287=ORIENTED_EDGE('',*,*,#3263,.T.);
#3289=ORIENTED_EDGE('',*,*,#3288,.T.);
#3290=ORIENTED_EDGE('',*,*,#3195,.F.);
#3291=EDGE_LOOP('',(#3286,#3287,#3289,#3290));
#3292=FACE_OUTER_BOUND('',#3291,.F.);
#3293=ADVANCED_FACE('',(#3292),#3285,.T.);
#3294=CARTESIAN_POINT('',(-1.158E0,-1.95E-1,3.25E-2));
#3295=DIRECTION('',(1.E0,0.E0,0.E0));
#3296=DIRECTION('',(0.E0,1.E0,0.E0));
#3297=AXIS2_PLACEMENT_3D('',#3294,#3295,#3296);
#3298=CYLINDRICAL_SURFACE('',#3297,1.205E-1);
#3300=ORIENTED_EDGE('',*,*,#3299,.F.);
#3301=ORIENTED_EDGE('',*,*,#3240,.T.);
#3302=ORIENTED_EDGE('',*,*,#3275,.T.);
#3303=ORIENTED_EDGE('',*,*,#3182,.F.);
#3304=EDGE_LOOP('',(#3300,#3301,#3302,#3303));
#3305=FACE_OUTER_BOUND('',#3304,.F.);
#3306=ADVANCED_FACE('',(#3305),#3298,.T.);
#3307=CARTESIAN_POINT('',(-1.355E-1,-3.155E-1,2.915E-1));
#3308=DIRECTION('',(0.E0,-1.E0,0.E0));
#3309=DIRECTION('',(-1.E0,0.E0,0.E0));
#3310=AXIS2_PLACEMENT_3D('',#3307,#3308,#3309);
#3311=PLANE('',#3310);
#3313=ORIENTED_EDGE('',*,*,#3312,.F.);
#3314=ORIENTED_EDGE('',*,*,#3242,.T.);
#3315=ORIENTED_EDGE('',*,*,#3299,.T.);
#3316=ORIENTED_EDGE('',*,*,#3180,.F.);
#3317=EDGE_LOOP('',(#3313,#3314,#3315,#3316));
#3318=FACE_OUTER_BOUND('',#3317,.F.);
#3319=ADVANCED_FACE('',(#3318),#3311,.T.);
#3320=CARTESIAN_POINT('',(-1.58E-1,-2.93E-1,2.915E-1));
#3321=DIRECTION('',(0.E0,0.E0,-1.E0));
#3322=DIRECTION('',(0.E0,1.E0,0.E0));
#3323=AXIS2_PLACEMENT_3D('',#3320,#3321,#3322);
#3324=PLANE('',#3323);
#3325=ORIENTED_EDGE('',*,*,#3312,.T.);
#3326=ORIENTED_EDGE('',*,*,#3178,.T.);
#3328=ORIENTED_EDGE('',*,*,#3327,.T.);
#3329=ORIENTED_EDGE('',*,*,#3244,.T.);
#3330=EDGE_LOOP('',(#3325,#3326,#3328,#3329));
#3331=FACE_OUTER_BOUND('',#3330,.F.);
#3332=ADVANCED_FACE('',(#3331),#3324,.F.);
#3333=CARTESIAN_POINT('',(-1.805E-1,-2.705E-1,2.915E-1));
#3334=DIRECTION('',(0.E0,1.E0,0.E0));
#3335=DIRECTION('',(1.E0,0.E0,0.E0));
#3336=AXIS2_PLACEMENT_3D('',#3333,#3334,#3335);
#3337=PLANE('',#3336);
#3338=ORIENTED_EDGE('',*,*,#3327,.F.);
#3339=ORIENTED_EDGE('',*,*,#3176,.T.);
#3341=ORIENTED_EDGE('',*,*,#3340,.T.);
#3342=ORIENTED_EDGE('',*,*,#3246,.F.);
#3343=EDGE_LOOP('',(#3338,#3339,#3341,#3342));
#3344=FACE_OUTER_BOUND('',#3343,.F.);
#3345=ADVANCED_FACE('',(#3344),#3337,.T.);
#3346=CARTESIAN_POINT('',(-1.158E0,-1.95E-1,3.25E-2));
#3347=DIRECTION('',(1.E0,0.E0,0.E0));
#3348=DIRECTION('',(0.E0,1.E0,0.E0));
#3349=AXIS2_PLACEMENT_3D('',#3346,#3347,#3348);
#3350=CYLINDRICAL_SURFACE('',#3349,7.55E-2);
#3351=ORIENTED_EDGE('',*,*,#3340,.F.);
#3352=ORIENTED_EDGE('',*,*,#3174,.T.);
#3353=ORIENTED_EDGE('',*,*,#3212,.T.);
#3354=ORIENTED_EDGE('',*,*,#3248,.F.);
#3355=EDGE_LOOP('',(#3351,#3352,#3353,#3354));
#3356=FACE_OUTER_BOUND('',#3355,.F.);
#3357=ADVANCED_FACE('',(#3356),#3350,.F.);
#3358=CARTESIAN_POINT('',(-1.58E-1,5.E-1,-6.55E-2));
#3359=DIRECTION('',(0.E0,1.E0,0.E0));
#3360=DIRECTION('',(0.E0,0.E0,1.E0));
#3361=AXIS2_PLACEMENT_3D('',#3358,#3359,#3360);
#3362=PLANE('',#3361);
#3363=ORIENTED_EDGE('',*,*,#3288,.F.);
#3364=ORIENTED_EDGE('',*,*,#3261,.F.);
#3365=ORIENTED_EDGE('',*,*,#3225,.F.);
#3366=ORIENTED_EDGE('',*,*,#3197,.F.);
#3367=EDGE_LOOP('',(#3363,#3364,#3365,#3366));
#3368=FACE_OUTER_BOUND('',#3367,.F.);
#3369=ADVANCED_FACE('',(#3368),#3362,.T.);
#3370=CARTESIAN_POINT('',(-3.365E-1,-3.155E-1,2.915E-1));
#3371=DIRECTION('',(-1.E0,0.E0,0.E0));
#3372=DIRECTION('',(0.E0,1.E0,0.E0));
#3373=AXIS2_PLACEMENT_3D('',#3370,#3371,#3372);
#3374=PLANE('',#3373);
#3375=ORIENTED_EDGE('',*,*,#1811,.F.);
#3377=ORIENTED_EDGE('',*,*,#3376,.F.);
#3379=ORIENTED_EDGE('',*,*,#3378,.F.);
#3381=ORIENTED_EDGE('',*,*,#3380,.F.);
#3383=ORIENTED_EDGE('',*,*,#3382,.F.);
#3385=ORIENTED_EDGE('',*,*,#3384,.T.);
#3387=ORIENTED_EDGE('',*,*,#3386,.T.);
#3389=ORIENTED_EDGE('',*,*,#3388,.T.);
#3390=EDGE_LOOP('',(#3375,#3377,#3379,#3381,#3383,#3385,#3387,#3389));
#3391=FACE_OUTER_BOUND('',#3390,.F.);
#3392=ADVANCED_FACE('',(#3391),#3374,.T.);
#3393=CARTESIAN_POINT('',(-3.365E-1,-3.155E-1,2.915E-1));
#3394=DIRECTION('',(-1.E0,0.E0,0.E0));
#3395=DIRECTION('',(0.E0,1.E0,0.E0));
#3396=AXIS2_PLACEMENT_3D('',#3393,#3394,#3395);
#3397=PLANE('',#3396);
#3398=ORIENTED_EDGE('',*,*,#2369,.T.);
#3400=ORIENTED_EDGE('',*,*,#3399,.T.);
#3402=ORIENTED_EDGE('',*,*,#3401,.T.);
#3404=ORIENTED_EDGE('',*,*,#3403,.F.);
#3405=EDGE_LOOP('',(#3398,#3400,#3402,#3404));
#3406=FACE_OUTER_BOUND('',#3405,.F.);
#3407=ADVANCED_FACE('',(#3406),#3397,.T.);
#3408=CARTESIAN_POINT('',(-3.365E-1,-1.95E-1,-4.3E-2));
#3409=DIRECTION('',(0.E0,0.E0,1.E0));
#3410=DIRECTION('',(1.E0,0.E0,0.E0));
#3411=AXIS2_PLACEMENT_3D('',#3408,#3409,#3410);
#3412=PLANE('',#3411);
#3413=ORIENTED_EDGE('',*,*,#1817,.T.);
#3415=ORIENTED_EDGE('',*,*,#3414,.F.);
#3417=ORIENTED_EDGE('',*,*,#3416,.F.);
#3418=ORIENTED_EDGE('',*,*,#3376,.T.);
#3419=EDGE_LOOP('',(#3413,#3415,#3417,#3418));
#3420=FACE_OUTER_BOUND('',#3419,.F.);
#3421=ADVANCED_FACE('',(#3420),#3412,.T.);
#3422=CARTESIAN_POINT('',(-3.365E-1,-1.95E-1,-4.3E-2));
#3423=DIRECTION('',(0.E0,0.E0,1.E0));
#3424=DIRECTION('',(1.E0,0.E0,0.E0));
#3425=AXIS2_PLACEMENT_3D('',#3422,#3423,#3424);
#3426=PLANE('',#3425);
#3427=ORIENTED_EDGE('',*,*,#2371,.F.);
#3428=ORIENTED_EDGE('',*,*,#3403,.T.);
#3430=ORIENTED_EDGE('',*,*,#3429,.T.);
#3432=ORIENTED_EDGE('',*,*,#3431,.F.);
#3433=EDGE_LOOP('',(#3427,#3428,#3430,#3432));
#3434=FACE_OUTER_BOUND('',#3433,.F.);
#3435=ADVANCED_FACE('',(#3434),#3426,.T.);
#3436=CARTESIAN_POINT('',(-2.915E-1,-2.705E-1,2.915E-1));
#3437=DIRECTION('',(1.E0,0.E0,0.E0));
#3438=DIRECTION('',(0.E0,-1.E0,0.E0));
#3439=AXIS2_PLACEMENT_3D('',#3436,#3437,#3438);
#3440=PLANE('',#3439);
#3441=ORIENTED_EDGE('',*,*,#1815,.T.);
#3443=ORIENTED_EDGE('',*,*,#3442,.F.);
#3445=ORIENTED_EDGE('',*,*,#3444,.F.);
#3447=ORIENTED_EDGE('',*,*,#3446,.F.);
#3449=ORIENTED_EDGE('',*,*,#3448,.F.);
#3451=ORIENTED_EDGE('',*,*,#3450,.T.);
#3453=ORIENTED_EDGE('',*,*,#3452,.T.);
#3454=ORIENTED_EDGE('',*,*,#3414,.T.);
#3455=EDGE_LOOP('',(#3441,#3443,#3445,#3447,#3449,#3451,#3453,#3454));
#3456=FACE_OUTER_BOUND('',#3455,.F.);
#3457=ADVANCED_FACE('',(#3456),#3440,.T.);
#3458=CARTESIAN_POINT('',(-2.915E-1,-2.705E-1,2.915E-1));
#3459=DIRECTION('',(1.E0,0.E0,0.E0));
#3460=DIRECTION('',(0.E0,-1.E0,0.E0));
#3461=AXIS2_PLACEMENT_3D('',#3458,#3459,#3460);
#3462=PLANE('',#3461);
#3463=ORIENTED_EDGE('',*,*,#2373,.F.);
#3464=ORIENTED_EDGE('',*,*,#3431,.T.);
#3466=ORIENTED_EDGE('',*,*,#3465,.T.);
#3468=ORIENTED_EDGE('',*,*,#3467,.F.);
#3469=EDGE_LOOP('',(#3463,#3464,#3466,#3468));
#3470=FACE_OUTER_BOUND('',#3469,.F.);
#3471=ADVANCED_FACE('',(#3470),#3462,.T.);
#3472=CARTESIAN_POINT('',(-2.915E-1,-1.95E-1,-8.8E-2));
#3473=DIRECTION('',(0.E0,0.E0,-1.E0));
#3474=DIRECTION('',(-1.E0,0.E0,0.E0));
#3475=AXIS2_PLACEMENT_3D('',#3472,#3473,#3474);
#3476=PLANE('',#3475);
#3477=ORIENTED_EDGE('',*,*,#1813,.T.);
#3478=ORIENTED_EDGE('',*,*,#3388,.F.);
#3480=ORIENTED_EDGE('',*,*,#3479,.F.);
#3481=ORIENTED_EDGE('',*,*,#3442,.T.);
#3482=EDGE_LOOP('',(#3477,#3478,#3480,#3481));
#3483=FACE_OUTER_BOUND('',#3482,.F.);
#3484=ADVANCED_FACE('',(#3483),#3476,.T.);
#3485=CARTESIAN_POINT('',(-2.915E-1,-1.95E-1,-8.8E-2));
#3486=DIRECTION('',(0.E0,0.E0,-1.E0));
#3487=DIRECTION('',(-1.E0,0.E0,0.E0));
#3488=AXIS2_PLACEMENT_3D('',#3485,#3486,#3487);
#3489=PLANE('',#3488);
#3490=ORIENTED_EDGE('',*,*,#2375,.F.);
#3491=ORIENTED_EDGE('',*,*,#3467,.T.);
#3493=ORIENTED_EDGE('',*,*,#3492,.T.);
#3494=ORIENTED_EDGE('',*,*,#3399,.F.);
#3495=EDGE_LOOP('',(#3490,#3491,#3493,#3494));
#3496=FACE_OUTER_BOUND('',#3495,.F.);
#3497=ADVANCED_FACE('',(#3496),#3489,.T.);
#3498=CARTESIAN_POINT('',(-1.314E0,-1.95E-1,3.25E-2));
#3499=DIRECTION('',(1.E0,0.E0,0.E0));
#3500=DIRECTION('',(0.E0,1.E0,0.E0));
#3501=AXIS2_PLACEMENT_3D('',#3498,#3499,#3500);
#3502=CYLINDRICAL_SURFACE('',#3501,1.205E-1);
#3504=ORIENTED_EDGE('',*,*,#3503,.F.);
#3505=ORIENTED_EDGE('',*,*,#3444,.T.);
#3506=ORIENTED_EDGE('',*,*,#3479,.T.);
#3507=ORIENTED_EDGE('',*,*,#3386,.F.);
#3508=EDGE_LOOP('',(#3504,#3505,#3506,#3507));
#3509=FACE_OUTER_BOUND('',#3508,.F.);
#3510=ADVANCED_FACE('',(#3509),#3502,.T.);
#3511=CARTESIAN_POINT('',(-2.915E-1,-3.155E-1,2.915E-1));
#3512=DIRECTION('',(0.E0,-1.E0,0.E0));
#3513=DIRECTION('',(-1.E0,0.E0,0.E0));
#3514=AXIS2_PLACEMENT_3D('',#3511,#3512,#3513);
#3515=PLANE('',#3514);
#3517=ORIENTED_EDGE('',*,*,#3516,.F.);
#3518=ORIENTED_EDGE('',*,*,#3446,.T.);
#3519=ORIENTED_EDGE('',*,*,#3503,.T.);
#3520=ORIENTED_EDGE('',*,*,#3384,.F.);
#3521=EDGE_LOOP('',(#3517,#3518,#3519,#3520));
#3522=FACE_OUTER_BOUND('',#3521,.F.);
#3523=ADVANCED_FACE('',(#3522),#3515,.T.);
#3524=CARTESIAN_POINT('',(-3.14E-1,-2.93E-1,2.915E-1));
#3525=DIRECTION('',(0.E0,0.E0,-1.E0));
#3526=DIRECTION('',(0.E0,1.E0,0.E0));
#3527=AXIS2_PLACEMENT_3D('',#3524,#3525,#3526);
#3528=PLANE('',#3527);
#3529=ORIENTED_EDGE('',*,*,#3516,.T.);
#3530=ORIENTED_EDGE('',*,*,#3382,.T.);
#3532=ORIENTED_EDGE('',*,*,#3531,.T.);
#3533=ORIENTED_EDGE('',*,*,#3448,.T.);
#3534=EDGE_LOOP('',(#3529,#3530,#3532,#3533));
#3535=FACE_OUTER_BOUND('',#3534,.F.);
#3536=ADVANCED_FACE('',(#3535),#3528,.F.);
#3537=CARTESIAN_POINT('',(-3.365E-1,-2.705E-1,2.915E-1));
#3538=DIRECTION('',(0.E0,1.E0,0.E0));
#3539=DIRECTION('',(1.E0,0.E0,0.E0));
#3540=AXIS2_PLACEMENT_3D('',#3537,#3538,#3539);
#3541=PLANE('',#3540);
#3542=ORIENTED_EDGE('',*,*,#3531,.F.);
#3543=ORIENTED_EDGE('',*,*,#3380,.T.);
#3545=ORIENTED_EDGE('',*,*,#3544,.T.);
#3546=ORIENTED_EDGE('',*,*,#3450,.F.);
#3547=EDGE_LOOP('',(#3542,#3543,#3545,#3546));
#3548=FACE_OUTER_BOUND('',#3547,.F.);
#3549=ADVANCED_FACE('',(#3548),#3541,.T.);
#3550=CARTESIAN_POINT('',(-1.314E0,-1.95E-1,3.25E-2));
#3551=DIRECTION('',(1.E0,0.E0,0.E0));
#3552=DIRECTION('',(0.E0,1.E0,0.E0));
#3553=AXIS2_PLACEMENT_3D('',#3550,#3551,#3552);
#3554=CYLINDRICAL_SURFACE('',#3553,7.55E-2);
#3555=ORIENTED_EDGE('',*,*,#3544,.F.);
#3556=ORIENTED_EDGE('',*,*,#3378,.T.);
#3557=ORIENTED_EDGE('',*,*,#3416,.T.);
#3558=ORIENTED_EDGE('',*,*,#3452,.F.);
#3559=EDGE_LOOP('',(#3555,#3556,#3557,#3558));
#3560=FACE_OUTER_BOUND('',#3559,.F.);
#3561=ADVANCED_FACE('',(#3560),#3554,.F.);
#3562=CARTESIAN_POINT('',(-3.14E-1,5.E-1,-6.55E-2));
#3563=DIRECTION('',(0.E0,1.E0,0.E0));
#3564=DIRECTION('',(0.E0,0.E0,1.E0));
#3565=AXIS2_PLACEMENT_3D('',#3562,#3563,#3564);
#3566=PLANE('',#3565);
#3567=ORIENTED_EDGE('',*,*,#3492,.F.);
#3568=ORIENTED_EDGE('',*,*,#3465,.F.);
#3569=ORIENTED_EDGE('',*,*,#3429,.F.);
#3570=ORIENTED_EDGE('',*,*,#3401,.F.);
#3571=EDGE_LOOP('',(#3567,#3568,#3569,#3570));
#3572=FACE_OUTER_BOUND('',#3571,.F.);
#3573=ADVANCED_FACE('',(#3572),#3566,.T.);
#3574=CLOSED_SHELL('',(#1712,#1821,#1836,#1869,#1883,#1897,#1923,#1937,#1952,
#1967,#1982,#1996,#2011,#2025,#2073,#2086,#2098,#2112,#2126,#2140,#2152,#2166,
#2178,#2190,#2202,#2214,#2226,#2238,#2250,#2262,#2275,#2288,#2301,#2314,#2379,
#2393,#2424,#2437,#2450,#2463,#2476,#2489,#2502,#2515,#2528,#2541,#2553,#2576,
#2591,#2605,#2619,#2641,#2655,#2668,#2681,#2694,#2707,#2720,#2733,#2745,#2757,
#2780,#2795,#2809,#2823,#2845,#2859,#2872,#2885,#2898,#2911,#2924,#2937,#2949,
#2961,#2984,#2999,#3013,#3027,#3049,#3063,#3076,#3089,#3102,#3115,#3128,#3141,
#3153,#3165,#3188,#3203,#3217,#3231,#3253,#3267,#3280,#3293,#3306,#3319,#3332,
#3345,#3357,#3369,#3392,#3407,#3421,#3435,#3457,#3471,#3484,#3497,#3510,#3523,
#3536,#3549,#3561,#3573));
#3575=MANIFOLD_SOLID_BREP('',#3574);
#3576=CARTESIAN_POINT('',(0.E0,0.E0,0.E0));
#3577=DIRECTION('',(0.E0,0.E0,1.E0));
#3578=DIRECTION('',(1.E0,0.E0,0.E0));
#3579=AXIS2_PLACEMENT_3D('CSYS',#3576,#3577,#3578);
#3580=CARTESIAN_POINT('',(3.12E-1,-2.88E-1,1.355E-1));
#3581=DIRECTION('',(0.E0,0.E0,1.E0));
#3582=DIRECTION('',(1.E0,0.E0,0.E0));
#3583=AXIS2_PLACEMENT_3D('',#3580,#3581,#3582);
#3587=CARTESIAN_POINT('',(3.12E-1,-2.88E-1,1.355E-1));
#3588=DIRECTION('',(0.E0,0.E0,1.E0));
#3589=DIRECTION('',(-1.E0,0.E0,0.E0));
#3590=AXIS2_PLACEMENT_3D('',#3587,#3588,#3589);
#3596=CARTESIAN_POINT('',(1.56E-1,-2.88E-1,1.355E-1));
#3597=DIRECTION('',(0.E0,0.E0,1.E0));
#3598=DIRECTION('',(1.E0,0.E0,0.E0));
#3599=AXIS2_PLACEMENT_3D('',#3596,#3597,#3598);
#3603=CARTESIAN_POINT('',(1.56E-1,-2.88E-1,1.355E-1));
#3604=DIRECTION('',(0.E0,0.E0,1.E0));
#3605=DIRECTION('',(-1.E0,0.E0,0.E0));
#3606=AXIS2_PLACEMENT_3D('',#3603,#3604,#3605);
#3611=CARTESIAN_POINT('',(0.E0,-2.88E-1,1.355E-1));
#3612=DIRECTION('',(0.E0,0.E0,1.E0));
#3613=DIRECTION('',(1.E0,0.E0,0.E0));
#3614=AXIS2_PLACEMENT_3D('',#3611,#3612,#3613);
#3618=CARTESIAN_POINT('',(0.E0,-2.88E-1,1.355E-1));
#3619=DIRECTION('',(0.E0,0.E0,1.E0));
#3620=DIRECTION('',(-1.E0,0.E0,0.E0));
#3621=AXIS2_PLACEMENT_3D('',#3618,#3619,#3620);
#3626=CARTESIAN_POINT('',(-1.56E-1,-2.88E-1,1.355E-1));
#3627=DIRECTION('',(0.E0,0.E0,1.E0));
#3628=DIRECTION('',(1.E0,0.E0,0.E0));
#3629=AXIS2_PLACEMENT_3D('',#3626,#3627,#3628);
#3633=CARTESIAN_POINT('',(-1.56E-1,-2.88E-1,1.355E-1));
#3634=DIRECTION('',(0.E0,0.E0,1.E0));
#3635=DIRECTION('',(-1.E0,0.E0,0.E0));
#3636=AXIS2_PLACEMENT_3D('',#3633,#3634,#3635);
#3641=CARTESIAN_POINT('',(-3.12E-1,-2.88E-1,1.355E-1));
#3642=DIRECTION('',(0.E0,0.E0,1.E0));
#3643=DIRECTION('',(1.E0,0.E0,0.E0));
#3644=AXIS2_PLACEMENT_3D('',#3641,#3642,#3643);
#3648=CARTESIAN_POINT('',(-3.12E-1,-2.88E-1,1.355E-1));
#3649=DIRECTION('',(0.E0,0.E0,1.E0));
#3650=DIRECTION('',(-1.E0,0.E0,0.E0));
#3651=AXIS2_PLACEMENT_3D('',#3648,#3649,#3650);
#3656=DIMENSIONAL_EXPONENTS(1.E0,0.E0,0.E0,0.E0,0.E0,0.E0,0.E0);
#3658=LENGTH_MEASURE_WITH_UNIT(LENGTH_MEASURE(2.54E1),#3657);
#3659=(CONVERSION_BASED_UNIT('INCH',#3658)LENGTH_UNIT()NAMED_UNIT(#3656));
#3660=DIMENSIONAL_EXPONENTS(0.E0,0.E0,0.E0,0.E0,0.E0,0.E0,0.E0);
#3662=PLANE_ANGLE_MEASURE_WITH_UNIT(PLANE_ANGLE_MEASURE(1.745329251994E-2),
#3661);
#3663=(CONVERSION_BASED_UNIT('DEGREE',#3662)NAMED_UNIT(*)PLANE_ANGLE_UNIT());
#3665=UNCERTAINTY_MEASURE_WITH_UNIT(LENGTH_MEASURE(1.254440579401E-4),#3659,
'closure',
'Maximum model space distance between geometric entities at asserted connectivities');
#3666=(GEOMETRIC_REPRESENTATION_CONTEXT(3)GLOBAL_UNCERTAINTY_ASSIGNED_CONTEXT((
#3665))GLOBAL_UNIT_ASSIGNED_CONTEXT((#3659,#3663,#3664))REPRESENTATION_CONTEXT(
'ID1','3'));
#3595=GEOMETRIC_SET('',(#3594,#3610,#3625,#3640,#3655));
#3670=SHAPE_REPRESENTATION_RELATIONSHIP('','',#3669,#3667);
#3671=SHAPE_REPRESENTATION_RELATIONSHIP('','',#3669,#3668);
#3672=APPLICATION_CONTEXT(
'CONFIGURATION CONTROLLED 3D DESIGNS OF MECHANICAL PARTS AND ASSEMBLIES');
#3673=APPLICATION_PROTOCOL_DEFINITION('international standard',
'config_control_design',1994,#3672);
#3674=DESIGN_CONTEXT('',#3672,'design');
#3675=MECHANICAL_CONTEXT('',#3672,'mechanical');
#3676=PRODUCT('026605050','026605050','NOT SPECIFIED',(#3675));
#3677=PRODUCT_DEFINITION_FORMATION_WITH_SPECIFIED_SOURCE('3','LAST_VERSION',
#3676,.MADE.);
#3681=PRODUCT_CATEGORY('part','');
#3682=PRODUCT_RELATED_PRODUCT_CATEGORY('detail','',(#3676));
#3683=PRODUCT_CATEGORY_RELATIONSHIP('','',#3681,#3682);
#3684=SECURITY_CLASSIFICATION_LEVEL('unclassified');
#3685=SECURITY_CLASSIFICATION('','',#3684);
#3686=CC_DESIGN_SECURITY_CLASSIFICATION(#3685,(#3677));
#3687=APPROVAL_STATUS('approved');
#3688=APPROVAL(#3687,'');
#3689=CC_DESIGN_APPROVAL(#3688,(#3685,#3677,#3678));
#3690=CALENDAR_DATE(115,21,4);
#3691=COORDINATED_UNIVERSAL_TIME_OFFSET(5,30,.AHEAD.);
#3692=LOCAL_TIME(12,15,1.2E1,#3691);
#3693=DATE_AND_TIME(#3690,#3692);
#3694=APPROVAL_DATE_TIME(#3693,#3688);
#3695=DATE_TIME_ROLE('creation_date');
#3696=CC_DESIGN_DATE_AND_TIME_ASSIGNMENT(#3693,#3695,(#3678));
#3697=DATE_TIME_ROLE('classification_date');
#3698=CC_DESIGN_DATE_AND_TIME_ASSIGNMENT(#3693,#3697,(#3685));
#3699=PERSON('UNSPECIFIED','UNSPECIFIED',$,$,$,$);
#3700=ORGANIZATION('UNSPECIFIED','UNSPECIFIED','UNSPECIFIED');
#3701=PERSON_AND_ORGANIZATION(#3699,#3700);
#3702=APPROVAL_ROLE('approver');
#3703=APPROVAL_PERSON_ORGANIZATION(#3701,#3688,#3702);
#3704=PERSON_AND_ORGANIZATION_ROLE('creator');
#3705=CC_DESIGN_PERSON_AND_ORGANIZATION_ASSIGNMENT(#3701,#3704,(#3677,#3678));
#3706=PERSON_AND_ORGANIZATION_ROLE('design_supplier');
#3707=CC_DESIGN_PERSON_AND_ORGANIZATION_ASSIGNMENT(#3701,#3706,(#3677));
#3708=PERSON_AND_ORGANIZATION_ROLE('classification_officer');
#3709=CC_DESIGN_PERSON_AND_ORGANIZATION_ASSIGNMENT(#3701,#3708,(#3685));
#3710=PERSON_AND_ORGANIZATION_ROLE('design_owner');
#3711=CC_DESIGN_PERSON_AND_ORGANIZATION_ASSIGNMENT(#3701,#3710,(#3676));
#177=CIRCLE('',#176,2.5E-2);
#186=CIRCLE('',#185,7.5E-2);
#195=CIRCLE('',#194,7.5E-2);
#212=CIRCLE('',#211,7.5E-2);
#613=CIRCLE('',#612,7.5E-2);
#630=CIRCLE('',#629,7.5E-2);
#639=CIRCLE('',#638,7.5E-2);
#648=CIRCLE('',#647,2.5E-2);
#701=CIRCLE('',#700,1.205E-1);
#730=CIRCLE('',#729,7.55E-2);
#759=CIRCLE('',#758,1.205E-1);
#792=CIRCLE('',#791,7.55E-2);
#817=CIRCLE('',#816,1.205E-1);
#846=CIRCLE('',#845,7.55E-2);
#875=CIRCLE('',#874,1.205E-1);
#908=CIRCLE('',#907,7.55E-2);
#933=CIRCLE('',#932,1.205E-1);
#962=CIRCLE('',#961,7.55E-2);
#991=CIRCLE('',#990,1.205E-1);
#1024=CIRCLE('',#1023,7.55E-2);
#1049=CIRCLE('',#1048,1.205E-1);
#1078=CIRCLE('',#1077,7.55E-2);
#1107=CIRCLE('',#1106,1.205E-1);
#1140=CIRCLE('',#1139,7.55E-2);
#1165=CIRCLE('',#1164,1.205E-1);
#1194=CIRCLE('',#1193,7.55E-2);
#1223=CIRCLE('',#1222,1.205E-1);
#1256=CIRCLE('',#1255,7.55E-2);
#1690=EDGE_CURVE('',#1275,#1276,#4,.T.);
#1692=EDGE_CURVE('',#1276,#1278,#8,.T.);
#1694=EDGE_CURVE('',#1278,#1280,#12,.T.);
#1696=EDGE_CURVE('',#1280,#1282,#16,.T.);
#1698=EDGE_CURVE('',#1282,#1284,#20,.T.);
#1700=EDGE_CURVE('',#1284,#1286,#24,.T.);
#1702=EDGE_CURVE('',#1286,#1288,#28,.T.);
#1704=EDGE_CURVE('',#1288,#1290,#32,.T.);
#1706=EDGE_CURVE('',#1290,#1292,#36,.T.);
#1708=EDGE_CURVE('',#1292,#1275,#40,.T.);
#1718=EDGE_CURVE('',#1439,#1440,#44,.T.);
#1720=EDGE_CURVE('',#1276,#1439,#236,.T.);
#1723=EDGE_CURVE('',#1275,#1390,#48,.T.);
#1725=EDGE_CURVE('',#1380,#1390,#408,.T.);
#1727=EDGE_CURVE('',#1384,#1380,#404,.T.);
#1729=EDGE_CURVE('',#1384,#1392,#52,.T.);
#1731=EDGE_CURVE('',#1392,#1374,#56,.T.);
#1733=EDGE_CURVE('',#1364,#1374,#488,.T.);
#1735=EDGE_CURVE('',#1368,#1364,#392,.T.);
#1737=EDGE_CURVE('',#1368,#1376,#60,.T.);
#1739=EDGE_CURVE('',#1376,#1358,#64,.T.);
#1741=EDGE_CURVE('',#1348,#1358,#484,.T.);
#1743=EDGE_CURVE('',#1352,#1348,#380,.T.);
#1745=EDGE_CURVE('',#1352,#1360,#68,.T.);
#1747=EDGE_CURVE('',#1360,#1342,#72,.T.);
#1749=EDGE_CURVE('',#1332,#1342,#480,.T.);
#1751=EDGE_CURVE('',#1336,#1332,#368,.T.);
#1753=EDGE_CURVE('',#1336,#1344,#76,.T.);
#1755=EDGE_CURVE('',#1344,#1326,#80,.T.);
#1757=EDGE_CURVE('',#1316,#1326,#476,.T.);
#1759=EDGE_CURVE('',#1320,#1316,#356,.T.);
#1761=EDGE_CURVE('',#1320,#1328,#84,.T.);
#1763=EDGE_CURVE('',#1328,#1295,#88,.T.);
#1765=EDGE_CURVE('',#1295,#1296,#240,.T.);
#1767=EDGE_CURVE('',#1440,#1296,#228,.T.);
#1771=EDGE_CURVE('',#1471,#1472,#92,.T.);
#1773=EDGE_CURVE('',#1476,#1472,#96,.T.);
#1775=EDGE_CURVE('',#1475,#1476,#100,.T.);
#1777=EDGE_CURVE('',#1471,#1475,#104,.T.);
#1781=EDGE_CURVE('',#1527,#1528,#108,.T.);
#1783=EDGE_CURVE('',#1532,#1528,#112,.T.);
#1785=EDGE_CURVE('',#1531,#1532,#116,.T.);
#1787=EDGE_CURVE('',#1527,#1531,#120,.T.);
#1791=EDGE_CURVE('',#1575,#1576,#124,.T.);
#1793=EDGE_CURVE('',#1580,#1576,#128,.T.);
#1795=EDGE_CURVE('',#1579,#1580,#132,.T.);
#1797=EDGE_CURVE('',#1575,#1579,#136,.T.);
#1801=EDGE_CURVE('',#1623,#1624,#140,.T.);
#1803=EDGE_CURVE('',#1628,#1624,#144,.T.);
#1805=EDGE_CURVE('',#1627,#1628,#148,.T.);
#1807=EDGE_CURVE('',#1623,#1627,#152,.T.);
#1811=EDGE_CURVE('',#1671,#1672,#156,.T.);
#1813=EDGE_CURVE('',#1676,#1672,#160,.T.);
#1815=EDGE_CURVE('',#1675,#1676,#164,.T.);
#1817=EDGE_CURVE('',#1671,#1675,#168,.T.);
#1828=EDGE_CURVE('',#1440,#1395,#220,.T.);
#1830=EDGE_CURVE('',#1395,#1417,#656,.T.);
#1832=EDGE_CURVE('',#1439,#1417,#604,.T.);
#1842=EDGE_CURVE('',#1440,#1442,#224,.T.);
#1844=EDGE_CURVE('',#1414,#1442,#172,.T.);
#1846=EDGE_CURVE('',#1412,#1414,#177,.T.);
#1848=EDGE_CURVE('',#1410,#1412,#181,.T.);
#1850=EDGE_CURVE('',#1408,#1410,#186,.T.);
#1852=EDGE_CURVE('',#1406,#1408,#190,.T.);
#1854=EDGE_CURVE('',#1404,#1406,#195,.T.);
#1856=EDGE_CURVE('',#1402,#1404,#199,.T.);
#1858=EDGE_CURVE('',#1400,#1402,#203,.T.);
#1860=EDGE_CURVE('',#1398,#1400,#207,.T.);
#1862=EDGE_CURVE('',#1396,#1398,#212,.T.);
#1864=EDGE_CURVE('',#1395,#1396,#216,.T.);
#1877=EDGE_CURVE('',#1296,#1298,#276,.T.);
#1879=EDGE_CURVE('',#1442,#1298,#512,.T.);
#1889=EDGE_CURVE('',#1439,#1444,#232,.T.);
#1891=EDGE_CURVE('',#1278,#1444,#516,.T.);
#1904=EDGE_CURVE('',#1312,#1295,#244,.T.);
#1906=EDGE_CURVE('',#1310,#1312,#248,.T.);
#1908=EDGE_CURVE('',#1308,#1310,#252,.T.);
#1910=EDGE_CURVE('',#1306,#1308,#256,.T.);
#1912=EDGE_CURVE('',#1304,#1306,#260,.T.);
#1914=EDGE_CURVE('',#1302,#1304,#264,.T.);
#1916=EDGE_CURVE('',#1300,#1302,#268,.T.);
#1918=EDGE_CURVE('',#1298,#1300,#272,.T.);
#1929=EDGE_CURVE('',#1324,#1328,#280,.T.);
#1931=EDGE_CURVE('',#1324,#1312,#284,.T.);
#1943=EDGE_CURVE('',#1340,#1344,#288,.T.);
#1945=EDGE_CURVE('',#1340,#1322,#292,.T.);
#1947=EDGE_CURVE('',#1322,#1326,#296,.T.);
#1958=EDGE_CURVE('',#1356,#1360,#300,.T.);
#1960=EDGE_CURVE('',#1356,#1338,#304,.T.);
#1962=EDGE_CURVE('',#1338,#1342,#308,.T.);
#1973=EDGE_CURVE('',#1372,#1376,#312,.T.);
#1975=EDGE_CURVE('',#1372,#1354,#316,.T.);
#1977=EDGE_CURVE('',#1354,#1358,#320,.T.);
#1988=EDGE_CURVE('',#1386,#1390,#324,.T.);
#1992=EDGE_CURVE('',#1292,#1386,#328,.T.);
#2002=EDGE_CURVE('',#1388,#1392,#332,.T.);
#2004=EDGE_CURVE('',#1388,#1370,#336,.T.);
#2006=EDGE_CURVE('',#1370,#1374,#340,.T.);
#2017=EDGE_CURVE('',#1319,#1320,#352,.T.);
#2019=EDGE_CURVE('',#1319,#1324,#412,.T.);
#2031=EDGE_CURVE('',#1379,#1380,#344,.T.);
#2033=EDGE_CURVE('',#1290,#1379,#460,.T.);
#2036=EDGE_CURVE('',#1288,#1308,#348,.T.);
#2039=EDGE_CURVE('',#1319,#1310,#416,.T.);
#2043=EDGE_CURVE('',#1315,#1316,#360,.T.);
#2045=EDGE_CURVE('',#1335,#1315,#424,.T.);
#2047=EDGE_CURVE('',#1335,#1336,#364,.T.);
#2050=EDGE_CURVE('',#1331,#1332,#372,.T.);
#2052=EDGE_CURVE('',#1351,#1331,#436,.T.);
#2054=EDGE_CURVE('',#1351,#1352,#376,.T.);
#2057=EDGE_CURVE('',#1347,#1348,#384,.T.);
#2059=EDGE_CURVE('',#1367,#1347,#448,.T.);
#2061=EDGE_CURVE('',#1367,#1368,#388,.T.);
#2064=EDGE_CURVE('',#1363,#1364,#396,.T.);
#2066=EDGE_CURVE('',#1383,#1363,#468,.T.);
#2068=EDGE_CURVE('',#1383,#1384,#400,.T.);
#2082=EDGE_CURVE('',#1379,#1386,#456,.T.);
#2104=EDGE_CURVE('',#1335,#1340,#420,.T.);
#2107=EDGE_CURVE('',#1315,#1322,#428,.T.);
#2118=EDGE_CURVE('',#1351,#1356,#432,.T.);
#2121=EDGE_CURVE('',#1331,#1338,#440,.T.);
#2132=EDGE_CURVE('',#1367,#1372,#444,.T.);
#2135=EDGE_CURVE('',#1347,#1354,#452,.T.);
#2158=EDGE_CURVE('',#1383,#1388,#464,.T.);
#2161=EDGE_CURVE('',#1363,#1370,#472,.T.);
#2269=EDGE_CURVE('',#1286,#1306,#492,.T.);
#2282=EDGE_CURVE('',#1284,#1304,#496,.T.);
#2295=EDGE_CURVE('',#1282,#1302,#500,.T.);
#2308=EDGE_CURVE('',#1280,#1300,#504,.T.);
#2320=EDGE_CURVE('',#1444,#1442,#508,.T.);
#2329=EDGE_CURVE('',#1479,#1480,#520,.T.);
#2331=EDGE_CURVE('',#1479,#1483,#524,.T.);
#2333=EDGE_CURVE('',#1483,#1484,#528,.T.);
#2335=EDGE_CURVE('',#1484,#1480,#532,.T.);
#2339=EDGE_CURVE('',#1535,#1536,#536,.T.);
#2341=EDGE_CURVE('',#1535,#1539,#540,.T.);
#2343=EDGE_CURVE('',#1539,#1540,#544,.T.);
#2345=EDGE_CURVE('',#1540,#1536,#548,.T.);
#2349=EDGE_CURVE('',#1583,#1584,#552,.T.);
#2351=EDGE_CURVE('',#1583,#1587,#556,.T.);
#2353=EDGE_CURVE('',#1587,#1588,#560,.T.);
#2355=EDGE_CURVE('',#1588,#1584,#564,.T.);
#2359=EDGE_CURVE('',#1631,#1632,#568,.T.);
#2361=EDGE_CURVE('',#1631,#1635,#572,.T.);
#2363=EDGE_CURVE('',#1635,#1636,#576,.T.);
#2365=EDGE_CURVE('',#1636,#1632,#580,.T.);
#2369=EDGE_CURVE('',#1679,#1680,#584,.T.);
#2371=EDGE_CURVE('',#1679,#1683,#588,.T.);
#2373=EDGE_CURVE('',#1683,#1684,#592,.T.);
#2375=EDGE_CURVE('',#1684,#1680,#596,.T.);
#2386=EDGE_CURVE('',#1436,#1444,#652,.T.);
#2388=EDGE_CURVE('',#1414,#1436,#600,.T.);
#2401=EDGE_CURVE('',#1417,#1418,#608,.T.);
#2403=EDGE_CURVE('',#1418,#1420,#613,.T.);
#2405=EDGE_CURVE('',#1420,#1422,#617,.T.);
#2407=EDGE_CURVE('',#1422,#1424,#621,.T.);
#2409=EDGE_CURVE('',#1424,#1426,#625,.T.);
#2411=EDGE_CURVE('',#1426,#1428,#630,.T.);
#2413=EDGE_CURVE('',#1428,#1430,#634,.T.);
#2415=EDGE_CURVE('',#1430,#1432,#639,.T.);
#2417=EDGE_CURVE('',#1432,#1434,#643,.T.);
#2419=EDGE_CURVE('',#1434,#1436,#648,.T.);
#2431=EDGE_CURVE('',#1396,#1418,#660,.T.);
#2444=EDGE_CURVE('',#1398,#1420,#664,.T.);
#2457=EDGE_CURVE('',#1400,#1422,#668,.T.);
#2470=EDGE_CURVE('',#1402,#1424,#672,.T.);
#2483=EDGE_CURVE('',#1404,#1426,#676,.T.);
#2496=EDGE_CURVE('',#1406,#1428,#680,.T.);
#2509=EDGE_CURVE('',#1408,#1430,#684,.T.);
#2522=EDGE_CURVE('',#1410,#1432,#688,.T.);
#2535=EDGE_CURVE('',#1412,#1434,#692,.T.);
#2560=EDGE_CURVE('',#1490,#1471,#717,.T.);
#2562=EDGE_CURVE('',#1459,#1490,#792,.T.);
#2564=EDGE_CURVE('',#1450,#1459,#783,.T.);
#2566=EDGE_CURVE('',#1448,#1450,#771,.T.);
#2568=EDGE_CURVE('',#1448,#1456,#696,.T.);
#2570=EDGE_CURVE('',#1456,#1488,#701,.T.);
#2572=EDGE_CURVE('',#1488,#1472,#705,.T.);
#2583=EDGE_CURVE('',#1480,#1464,#709,.T.);
#2585=EDGE_CURVE('',#1464,#1466,#808,.T.);
#2587=EDGE_CURVE('',#1479,#1466,#721,.T.);
#2598=EDGE_CURVE('',#1492,#1475,#734,.T.);
#2600=EDGE_CURVE('',#1490,#1492,#713,.T.);
#2613=EDGE_CURVE('',#1466,#1468,#804,.T.);
#2615=EDGE_CURVE('',#1483,#1468,#738,.T.);
#2626=EDGE_CURVE('',#1486,#1476,#746,.T.);
#2628=EDGE_CURVE('',#1455,#1486,#759,.T.);
#2630=EDGE_CURVE('',#1447,#1455,#763,.T.);
#2632=EDGE_CURVE('',#1452,#1447,#779,.T.);
#2634=EDGE_CURVE('',#1452,#1460,#725,.T.);
#2636=EDGE_CURVE('',#1460,#1492,#730,.T.);
#2649=EDGE_CURVE('',#1468,#1463,#800,.T.);
#2651=EDGE_CURVE('',#1484,#1463,#750,.T.);
#2663=EDGE_CURVE('',#1486,#1488,#742,.T.);
#2676=EDGE_CURVE('',#1463,#1464,#796,.T.);
#2687=EDGE_CURVE('',#1455,#1456,#754,.T.);
#2700=EDGE_CURVE('',#1447,#1448,#767,.T.);
#2715=EDGE_CURVE('',#1450,#1452,#775,.T.);
#2728=EDGE_CURVE('',#1459,#1460,#787,.T.);
#2764=EDGE_CURVE('',#1515,#1527,#833,.T.);
#2766=EDGE_CURVE('',#1507,#1515,#908,.T.);
#2768=EDGE_CURVE('',#1498,#1507,#899,.T.);
#2770=EDGE_CURVE('',#1496,#1498,#887,.T.);
#2772=EDGE_CURVE('',#1496,#1504,#812,.T.);
#2774=EDGE_CURVE('',#1504,#1512,#817,.T.);
#2776=EDGE_CURVE('',#1512,#1528,#821,.T.);
#2787=EDGE_CURVE('',#1536,#1520,#825,.T.);
#2789=EDGE_CURVE('',#1520,#1522,#924,.T.);
#2791=EDGE_CURVE('',#1535,#1522,#837,.T.);
#2802=EDGE_CURVE('',#1516,#1531,#850,.T.);
#2804=EDGE_CURVE('',#1515,#1516,#829,.T.);
#2817=EDGE_CURVE('',#1522,#1524,#920,.T.);
#2819=EDGE_CURVE('',#1539,#1524,#854,.T.);
#2830=EDGE_CURVE('',#1511,#1532,#862,.T.);
#2832=EDGE_CURVE('',#1503,#1511,#875,.T.);
#2834=EDGE_CURVE('',#1495,#1503,#879,.T.);
#2836=EDGE_CURVE('',#1500,#1495,#895,.T.);
#2838=EDGE_CURVE('',#1500,#1508,#841,.T.);
#2840=EDGE_CURVE('',#1508,#1516,#846,.T.);
#2853=EDGE_CURVE('',#1524,#1519,#916,.T.);
#2855=EDGE_CURVE('',#1540,#1519,#866,.T.);
#2867=EDGE_CURVE('',#1511,#1512,#858,.T.);
#2880=EDGE_CURVE('',#1519,#1520,#912,.T.);
#2891=EDGE_CURVE('',#1503,#1504,#870,.T.);
#2904=EDGE_CURVE('',#1495,#1496,#883,.T.);
#2919=EDGE_CURVE('',#1498,#1500,#891,.T.);
#2932=EDGE_CURVE('',#1507,#1508,#903,.T.);
#2968=EDGE_CURVE('',#1563,#1575,#949,.T.);
#2970=EDGE_CURVE('',#1555,#1563,#1024,.T.);
#2972=EDGE_CURVE('',#1546,#1555,#1015,.T.);
#2974=EDGE_CURVE('',#1544,#1546,#1003,.T.);
#2976=EDGE_CURVE('',#1544,#1552,#928,.T.);
#2978=EDGE_CURVE('',#1552,#1560,#933,.T.);
#2980=EDGE_CURVE('',#1560,#1576,#937,.T.);
#2991=EDGE_CURVE('',#1584,#1568,#941,.T.);
#2993=EDGE_CURVE('',#1568,#1570,#1040,.T.);
#2995=EDGE_CURVE('',#1583,#1570,#953,.T.);
#3006=EDGE_CURVE('',#1564,#1579,#966,.T.);
#3008=EDGE_CURVE('',#1563,#1564,#945,.T.);
#3021=EDGE_CURVE('',#1570,#1572,#1036,.T.);
#3023=EDGE_CURVE('',#1587,#1572,#970,.T.);
#3034=EDGE_CURVE('',#1559,#1580,#978,.T.);
#3036=EDGE_CURVE('',#1551,#1559,#991,.T.);
#3038=EDGE_CURVE('',#1543,#1551,#995,.T.);
#3040=EDGE_CURVE('',#1548,#1543,#1011,.T.);
#3042=EDGE_CURVE('',#1548,#1556,#957,.T.);
#3044=EDGE_CURVE('',#1556,#1564,#962,.T.);
#3057=EDGE_CURVE('',#1572,#1567,#1032,.T.);
#3059=EDGE_CURVE('',#1588,#1567,#982,.T.);
#3071=EDGE_CURVE('',#1559,#1560,#974,.T.);
#3084=EDGE_CURVE('',#1567,#1568,#1028,.T.);
#3095=EDGE_CURVE('',#1551,#1552,#986,.T.);
#3108=EDGE_CURVE('',#1543,#1544,#999,.T.);
#3123=EDGE_CURVE('',#1546,#1548,#1007,.T.);
#3136=EDGE_CURVE('',#1555,#1556,#1019,.T.);
#3172=EDGE_CURVE('',#1611,#1623,#1065,.T.);
#3174=EDGE_CURVE('',#1603,#1611,#1140,.T.);
#3176=EDGE_CURVE('',#1594,#1603,#1131,.T.);
#3178=EDGE_CURVE('',#1592,#1594,#1119,.T.);
#3180=EDGE_CURVE('',#1592,#1600,#1044,.T.);
#3182=EDGE_CURVE('',#1600,#1608,#1049,.T.);
#3184=EDGE_CURVE('',#1608,#1624,#1053,.T.);
#3195=EDGE_CURVE('',#1632,#1616,#1057,.T.);
#3197=EDGE_CURVE('',#1616,#1618,#1156,.T.);
#3199=EDGE_CURVE('',#1631,#1618,#1069,.T.);
#3210=EDGE_CURVE('',#1612,#1627,#1082,.T.);
#3212=EDGE_CURVE('',#1611,#1612,#1061,.T.);
#3225=EDGE_CURVE('',#1618,#1620,#1152,.T.);
#3227=EDGE_CURVE('',#1635,#1620,#1086,.T.);
#3238=EDGE_CURVE('',#1607,#1628,#1094,.T.);
#3240=EDGE_CURVE('',#1599,#1607,#1107,.T.);
#3242=EDGE_CURVE('',#1591,#1599,#1111,.T.);
#3244=EDGE_CURVE('',#1596,#1591,#1127,.T.);
#3246=EDGE_CURVE('',#1596,#1604,#1073,.T.);
#3248=EDGE_CURVE('',#1604,#1612,#1078,.T.);
#3261=EDGE_CURVE('',#1620,#1615,#1148,.T.);
#3263=EDGE_CURVE('',#1636,#1615,#1098,.T.);
#3275=EDGE_CURVE('',#1607,#1608,#1090,.T.);
#3288=EDGE_CURVE('',#1615,#1616,#1144,.T.);
#3299=EDGE_CURVE('',#1599,#1600,#1102,.T.);
#3312=EDGE_CURVE('',#1591,#1592,#1115,.T.);
#3327=EDGE_CURVE('',#1594,#1596,#1123,.T.);
#3340=EDGE_CURVE('',#1603,#1604,#1135,.T.);
#3376=EDGE_CURVE('',#1659,#1671,#1181,.T.);
#3378=EDGE_CURVE('',#1651,#1659,#1256,.T.);
#3380=EDGE_CURVE('',#1642,#1651,#1247,.T.);
#3382=EDGE_CURVE('',#1640,#1642,#1235,.T.);
#3384=EDGE_CURVE('',#1640,#1648,#1160,.T.);
#3386=EDGE_CURVE('',#1648,#1656,#1165,.T.);
#3388=EDGE_CURVE('',#1656,#1672,#1169,.T.);
#3399=EDGE_CURVE('',#1680,#1664,#1173,.T.);
#3401=EDGE_CURVE('',#1664,#1666,#1272,.T.);
#3403=EDGE_CURVE('',#1679,#1666,#1185,.T.);
#3414=EDGE_CURVE('',#1660,#1675,#1198,.T.);
#3416=EDGE_CURVE('',#1659,#1660,#1177,.T.);
#3429=EDGE_CURVE('',#1666,#1668,#1268,.T.);
#3431=EDGE_CURVE('',#1683,#1668,#1202,.T.);
#3442=EDGE_CURVE('',#1655,#1676,#1210,.T.);
#3444=EDGE_CURVE('',#1647,#1655,#1223,.T.);
#3446=EDGE_CURVE('',#1639,#1647,#1227,.T.);
#3448=EDGE_CURVE('',#1644,#1639,#1243,.T.);
#3450=EDGE_CURVE('',#1644,#1652,#1189,.T.);
#3452=EDGE_CURVE('',#1652,#1660,#1194,.T.);
#3465=EDGE_CURVE('',#1668,#1663,#1264,.T.);
#3467=EDGE_CURVE('',#1684,#1663,#1214,.T.);
#3479=EDGE_CURVE('',#1655,#1656,#1206,.T.);
#3492=EDGE_CURVE('',#1663,#1664,#1260,.T.);
#3503=EDGE_CURVE('',#1647,#1648,#1218,.T.);
#3516=EDGE_CURVE('',#1639,#1640,#1231,.T.);
#3531=EDGE_CURVE('',#1642,#1644,#1239,.T.);
#3544=EDGE_CURVE('',#1651,#1652,#1251,.T.);
#3584=CIRCLE('',#3583,3.35E-2);
#3585=TRIMMED_CURVE('',#3584,(PARAMETER_VALUE(0.E0)),(PARAMETER_VALUE(1.8E2)),
.T.,.UNSPECIFIED.);
#3586=COMPOSITE_CURVE_SEGMENT(.CONTINUOUS.,.T.,#3585);
#3591=CIRCLE('',#3590,3.35E-2);
#3592=TRIMMED_CURVE('',#3591,(PARAMETER_VALUE(0.E0)),(PARAMETER_VALUE(1.8E2)),
.T.,.UNSPECIFIED.);
#3593=COMPOSITE_CURVE_SEGMENT(.CONTINUOUS.,.T.,#3592);
#3594=COMPOSITE_CURVE('',(#3586,#3593),.F.);
#3600=CIRCLE('',#3599,3.35E-2);
#3601=TRIMMED_CURVE('',#3600,(PARAMETER_VALUE(0.E0)),(PARAMETER_VALUE(1.8E2)),
.T.,.UNSPECIFIED.);
#3602=COMPOSITE_CURVE_SEGMENT(.CONTINUOUS.,.T.,#3601);
#3607=CIRCLE('',#3606,3.35E-2);
#3608=TRIMMED_CURVE('',#3607,(PARAMETER_VALUE(0.E0)),(PARAMETER_VALUE(1.8E2)),
.T.,.UNSPECIFIED.);
#3609=COMPOSITE_CURVE_SEGMENT(.CONTINUOUS.,.T.,#3608);
#3610=COMPOSITE_CURVE('',(#3602,#3609),.F.);
#3615=CIRCLE('',#3614,3.35E-2);
#3616=TRIMMED_CURVE('',#3615,(PARAMETER_VALUE(0.E0)),(PARAMETER_VALUE(1.8E2)),
.T.,.UNSPECIFIED.);
#3617=COMPOSITE_CURVE_SEGMENT(.CONTINUOUS.,.T.,#3616);
#3622=CIRCLE('',#3621,3.35E-2);
#3623=TRIMMED_CURVE('',#3622,(PARAMETER_VALUE(0.E0)),(PARAMETER_VALUE(1.8E2)),
.T.,.UNSPECIFIED.);
#3624=COMPOSITE_CURVE_SEGMENT(.CONTINUOUS.,.T.,#3623);
#3625=COMPOSITE_CURVE('',(#3617,#3624),.F.);
#3630=CIRCLE('',#3629,3.35E-2);
#3631=TRIMMED_CURVE('',#3630,(PARAMETER_VALUE(0.E0)),(PARAMETER_VALUE(1.8E2)),
.T.,.UNSPECIFIED.);
#3632=COMPOSITE_CURVE_SEGMENT(.CONTINUOUS.,.T.,#3631);
#3637=CIRCLE('',#3636,3.35E-2);
#3638=TRIMMED_CURVE('',#3637,(PARAMETER_VALUE(0.E0)),(PARAMETER_VALUE(1.8E2)),
.T.,.UNSPECIFIED.);
#3639=COMPOSITE_CURVE_SEGMENT(.CONTINUOUS.,.T.,#3638);
#3640=COMPOSITE_CURVE('',(#3632,#3639),.F.);
#3645=CIRCLE('',#3644,3.35E-2);
#3646=TRIMMED_CURVE('',#3645,(PARAMETER_VALUE(0.E0)),(PARAMETER_VALUE(1.8E2)),
.T.,.UNSPECIFIED.);
#3647=COMPOSITE_CURVE_SEGMENT(.CONTINUOUS.,.T.,#3646);
#3652=CIRCLE('',#3651,3.35E-2);
#3653=TRIMMED_CURVE('',#3652,(PARAMETER_VALUE(0.E0)),(PARAMETER_VALUE(1.8E2)),
.T.,.UNSPECIFIED.);
#3654=COMPOSITE_CURVE_SEGMENT(.CONTINUOUS.,.T.,#3653);
#3655=COMPOSITE_CURVE('',(#3647,#3654),.F.);
#3657=(LENGTH_UNIT()NAMED_UNIT(*)SI_UNIT(.MILLI.,.METRE.));
#3661=(NAMED_UNIT(*)PLANE_ANGLE_UNIT()SI_UNIT($,.RADIAN.));
#3664=(NAMED_UNIT(*)SI_UNIT($,.STERADIAN.)SOLID_ANGLE_UNIT());
#3667=ADVANCED_BREP_SHAPE_REPRESENTATION('',(#3575),#3666);
#3668=GEOMETRICALLY_BOUNDED_SURFACE_SHAPE_REPRESENTATION('',(#3595),#3666);
#3669=SHAPE_REPRESENTATION('',(#3579),#3666);
#3678=PRODUCT_DEFINITION('design','',#3677,#3674);
#3679=PRODUCT_DEFINITION_SHAPE('','SHAPE FOR 026605050.',#3678);
#3680=SHAPE_DEFINITION_REPRESENTATION(#3679,#3669);
ENDSEC;
END-ISO-10303-21;
