ISO-10303-21;
HEADER;
/* DSUB-9_Pins_Vertical_P2.77x2.84mm.step 3D STEP model for use in ECAD systems
 * Copyright (C) 2025, KiCAD
 *
 * This work is licensed under the
 * [Creative Commons CC-BY-SA 4.0 License](https://creativecommons.org/licenses/by-sa/4.0/legalcode),
 * with the following exception:
 *
 * To the extent that the creation of electronic designs that use 'Licensed Material' can be
 * considered to be 'Adapted Material', then the copyright holder waives article 3 of the license
 * with respect to these designs and any generated files which use data provided as part of the
 * 'Licensed Material'.
 *
 * You are free to use the library data in your own projects without the obligation to share your
 * project files under this or any other license agreement. However, if you wish to distribute
 * these libraries, or parts thereof (including in modified form) as a collection then the exception
 * above does not apply. Please refer to
 * https://gitlab.com/kicad/libraries/kicad-packages3D/-/blob/master/LICENSE.md for further clarification
 * of the exception.
 *
 * Disclaimer of Warranties and Limitation of Liability.
 * These libraries are provided in the hope that they will be useful, but are provided without warranty of any kind, express or implied.
 * USE 3D CAD DATA AT YOUR OWN RISK
 * DO NOT RELY UPON ANY INFORMATION FOUND HERE WITHOUT INDEPENDENT VERIFICATION.
 */

FILE_DESCRIPTION(
/* description */ ('model of DSUB-9_Pins_Vertical_P2.77x2.84mm'),
/* implementation_level */ '2;1');

FILE_NAME(
/* name */ 'DSUB-9_Pins_Vertical_P2.77x2.84mm.step',
/* time_stamp */ '1970-01-01T00:00:00',
/* author */ ('KiCAD','kicad'),
/* organization */ ('OCCT'),
/* preprocessor_version */ '',
/* originating_system */ 'KiCAD',
/* authorisation */ '');

FILE_SCHEMA(('AUTOMOTIVE_DESIGN { 1 0 10303 214 1 1 1 1 }'));
ENDSEC;

DATA;
#1=APPLICATION_PROTOCOL_DEFINITION('international standard','automotive_design',2000,#2);
#2=APPLICATION_CONTEXT('core data for automotive mechanical design processes');
#3=SHAPE_DEFINITION_REPRESENTATION(#4,#10);
#4=PRODUCT_DEFINITION_SHAPE('','',#5);
#5=PRODUCT_DEFINITION('design','',#6,#9);
#6=PRODUCT_DEFINITION_FORMATION('','',#7);
#7=PRODUCT('DSUB-9_Pins_Vertical_P2.77x2.84mm','DSUB-9_Pins_Vertical_P2.77x2.84mm','',(#8));
#8=PRODUCT_CONTEXT('',#2,'mechanical');
#9=PRODUCT_DEFINITION_CONTEXT('part definition',#2,'design');
#10=ADVANCED_BREP_SHAPE_REPRESENTATION('',(#11,#15),#3140);
#11=AXIS2_PLACEMENT_3D('',#12,#13,#14);
#12=CARTESIAN_POINT('',(0.,0.,0.));
#13=DIRECTION('',(0.,0.,1.));
#14=DIRECTION('',(1.,0.,-0.));
#15=BREP_WITH_VOIDS('',#16,(#2575));
#16=CLOSED_SHELL('',(#17,#167,#191,#208,#225,#242,#261,#280,#297,#308,#327,#346,#365,#384,#403,#422,#441,#460,#479,#546,#563,#580,#597,#614,#631,#648,#665,#682,#699,#723,#739,#757,#776,#794,#811,#828,#840,#845,#850,#855,#860,#865,#870,#875,#880,#885,#909,#926,#944,#961,#978,#995,#1011,#1022,#1044,#1060,#1076,#1092,#1108,#1124,#1140,#1149,#1229,#1251,#1268,#1285,#1300,#1315,#1332,#1349,#1357,#1376,#1395,#1417,#1435,#1453,#1469,#1485,#1503,#1521,#1532,#1551,#1569,#1590,#1605,#1620,#1634,#1648,#1663,#1680,#1687,#1705,#1723,#1791,#1813,#1832,#1849,#1868,#1885,#1902,#1918,#1932,#1951,#1959,#1973,#1981,#1995,#2004,#2017,#2021,#2057,#2076,#2091,#2106,#2117,#2206,#2224,#2242,#2260,#2278,#2296,#2314,#2332,#2350,#2368,#2387,#2406,#2425,#2444,#2463,#2482,#2501,#2520,#2539,#2543,#2547,#2551,#2555,#2559,#2563,#2567,#2571));
#17=ADVANCED_FACE('',(#18,#82,#92,#101,#110,#119,#128,#137,#146,#155),#164,.F.);
#18=FACE_BOUND('',#19,.F.);
#19=EDGE_LOOP('',(#20,#30,#38,#46,#54,#62,#69,#76));
#20=ORIENTED_EDGE('',*,*,#21,.F.);
#21=EDGE_CURVE('',#22,#24,#26,.T.);
#22=VERTEX_POINT('',#23);
#23=CARTESIAN_POINT('',(11.286887157304,-5.07,6.8));
#24=VERTEX_POINT('',#25);
#25=CARTESIAN_POINT('',(12.269360935211,-4.256400846904,6.8));
#26=CIRCLE('',#27,1.);
#27=AXIS2_PLACEMENT_3D('',#28,#13,#29);
#28=CARTESIAN_POINT('',(11.286887157304,-4.07,6.8));
#29=DIRECTION('',(0.982473777906,-0.186400846904,0.));
#30=ORIENTED_EDGE('',*,*,#31,.T.);
#31=EDGE_CURVE('',#22,#32,#34,.T.);
#32=VERTEX_POINT('',#33);
#33=CARTESIAN_POINT('',(-0.206887157304,-5.07,6.8));
#34=LINE('',#35,#36);
#35=CARTESIAN_POINT('',(8.8275,-5.07,6.8));
#36=VECTOR('',#37,1.);
#37=DIRECTION('',(-1.,0.,0.));
#38=ORIENTED_EDGE('',*,*,#39,.F.);
#39=EDGE_CURVE('',#40,#32,#42,.T.);
#40=VERTEX_POINT('',#41);
#41=CARTESIAN_POINT('',(-1.189360935211,-4.256400846904,6.8));
#42=CIRCLE('',#43,1.);
#43=AXIS2_PLACEMENT_3D('',#44,#13,#45);
#44=CARTESIAN_POINT('',(-0.206887157304,-4.07,6.8));
#45=DIRECTION('',(0.,-1.,0.));
#46=ORIENTED_EDGE('',*,*,#47,.T.);
#47=EDGE_CURVE('',#40,#48,#50,.T.);
#48=VERTEX_POINT('',#49);
#49=CARTESIAN_POINT('',(-2.194908880416,1.043599153096,6.8));
#50=LINE('',#51,#52);
#51=CARTESIAN_POINT('',(-1.276801840555,-3.7955209848,6.8));
#52=VECTOR('',#53,1.);
#53=DIRECTION('',(-0.186400846904,0.982473777906,0.));
#54=ORIENTED_EDGE('',*,*,#55,.F.);
#55=EDGE_CURVE('',#56,#48,#58,.T.);
#56=VERTEX_POINT('',#57);
#57=CARTESIAN_POINT('',(-1.21243510251,2.23,6.8));
#58=CIRCLE('',#59,1.);
#59=AXIS2_PLACEMENT_3D('',#60,#13,#61);
#60=CARTESIAN_POINT('',(-1.21243510251,1.23,6.8));
#61=DIRECTION('',(0.,1.,0.));
#62=ORIENTED_EDGE('',*,*,#63,.T.);
#63=EDGE_CURVE('',#56,#64,#66,.T.);
#64=VERTEX_POINT('',#65);
#65=CARTESIAN_POINT('',(12.29243510251,2.23,6.8));
#66=LINE('',#67,#68);
#67=CARTESIAN_POINT('',(1.56,2.23,6.8));
#68=VECTOR('',#14,1.);
#69=ORIENTED_EDGE('',*,*,#70,.F.);
#70=EDGE_CURVE('',#71,#64,#73,.T.);
#71=VERTEX_POINT('',#72);
#72=CARTESIAN_POINT('',(13.274908880416,1.043599153096,6.8));
#73=CIRCLE('',#74,1.);
#74=AXIS2_PLACEMENT_3D('',#75,#13,#61);
#75=CARTESIAN_POINT('',(12.29243510251,1.23,6.8));
#76=ORIENTED_EDGE('',*,*,#77,.T.);
#77=EDGE_CURVE('',#71,#24,#78,.T.);
#78=LINE('',#79,#80);
#79=CARTESIAN_POINT('',(13.049301840555,-0.1455209848,6.8));
#80=VECTOR('',#81,1.);
#81=DIRECTION('',(-0.186400846904,-0.982473777906,0.));
#82=FACE_BOUND('',#83,.F.);
#83=EDGE_LOOP('',(#84));
#84=ORIENTED_EDGE('',*,*,#85,.F.);
#85=EDGE_CURVE('',#86,#86,#88,.T.);
#86=VERTEX_POINT('',#87);
#87=CARTESIAN_POINT('',(10.015,-2.84,6.8));
#88=CIRCLE('',#89,0.32);
#89=AXIS2_PLACEMENT_3D('',#90,#91,#14);
#90=CARTESIAN_POINT('',(9.695,-2.84,6.8));
#91=DIRECTION('',(0.,0.,-1.));
#92=FACE_BOUND('',#93,.F.);
#93=EDGE_LOOP('',(#94));
#94=ORIENTED_EDGE('',*,*,#95,.F.);
#95=EDGE_CURVE('',#96,#96,#98,.T.);
#96=VERTEX_POINT('',#97);
#97=CARTESIAN_POINT('',(7.245,-2.84,6.8));
#98=CIRCLE('',#99,0.32);
#99=AXIS2_PLACEMENT_3D('',#100,#91,#14);
#100=CARTESIAN_POINT('',(6.925,-2.84,6.8));
#101=FACE_BOUND('',#102,.F.);
#102=EDGE_LOOP('',(#103));
#103=ORIENTED_EDGE('',*,*,#104,.F.);
#104=EDGE_CURVE('',#105,#105,#107,.T.);
#105=VERTEX_POINT('',#106);
#106=CARTESIAN_POINT('',(4.475,-2.84,6.8));
#107=CIRCLE('',#108,0.32);
#108=AXIS2_PLACEMENT_3D('',#109,#91,#14);
#109=CARTESIAN_POINT('',(4.155,-2.84,6.8));
#110=FACE_BOUND('',#111,.F.);
#111=EDGE_LOOP('',(#112));
#112=ORIENTED_EDGE('',*,*,#113,.F.);
#113=EDGE_CURVE('',#114,#114,#116,.T.);
#114=VERTEX_POINT('',#115);
#115=CARTESIAN_POINT('',(1.705,-2.84,6.8));
#116=CIRCLE('',#117,0.32);
#117=AXIS2_PLACEMENT_3D('',#118,#91,#14);
#118=CARTESIAN_POINT('',(1.385,-2.84,6.8));
#119=FACE_BOUND('',#120,.F.);
#120=EDGE_LOOP('',(#121));
#121=ORIENTED_EDGE('',*,*,#122,.F.);
#122=EDGE_CURVE('',#123,#123,#125,.T.);
#123=VERTEX_POINT('',#124);
#124=CARTESIAN_POINT('',(11.4,0.,6.8));
#125=CIRCLE('',#126,0.32);
#126=AXIS2_PLACEMENT_3D('',#127,#91,#14);
#127=CARTESIAN_POINT('',(11.08,0.,6.8));
#128=FACE_BOUND('',#129,.F.);
#129=EDGE_LOOP('',(#130));
#130=ORIENTED_EDGE('',*,*,#131,.F.);
#131=EDGE_CURVE('',#132,#132,#134,.T.);
#132=VERTEX_POINT('',#133);
#133=CARTESIAN_POINT('',(8.63,0.,6.8));
#134=CIRCLE('',#135,0.32);
#135=AXIS2_PLACEMENT_3D('',#136,#91,#14);
#136=CARTESIAN_POINT('',(8.31,0.,6.8));
#137=FACE_BOUND('',#138,.F.);
#138=EDGE_LOOP('',(#139));
#139=ORIENTED_EDGE('',*,*,#140,.F.);
#140=EDGE_CURVE('',#141,#141,#143,.T.);
#141=VERTEX_POINT('',#142);
#142=CARTESIAN_POINT('',(5.86,0.,6.8));
#143=CIRCLE('',#144,0.32);
#144=AXIS2_PLACEMENT_3D('',#145,#91,#14);
#145=CARTESIAN_POINT('',(5.54,0.,6.8));
#146=FACE_BOUND('',#147,.F.);
#147=EDGE_LOOP('',(#148));
#148=ORIENTED_EDGE('',*,*,#149,.F.);
#149=EDGE_CURVE('',#150,#150,#152,.T.);
#150=VERTEX_POINT('',#151);
#151=CARTESIAN_POINT('',(3.09,0.,6.8));
#152=CIRCLE('',#153,0.32);
#153=AXIS2_PLACEMENT_3D('',#154,#91,#14);
#154=CARTESIAN_POINT('',(2.77,0.,6.8));
#155=FACE_BOUND('',#156,.F.);
#156=EDGE_LOOP('',(#157));
#157=ORIENTED_EDGE('',*,*,#158,.F.);
#158=EDGE_CURVE('',#159,#159,#161,.T.);
#159=VERTEX_POINT('',#160);
#160=CARTESIAN_POINT('',(0.32,0.,6.8));
#161=CIRCLE('',#162,0.32);
#162=AXIS2_PLACEMENT_3D('',#163,#91,#14);
#163=CARTESIAN_POINT('',(0.,0.,6.8));
#164=PLANE('',#165);
#165=AXIS2_PLACEMENT_3D('',#166,#91,#37);
#166=CARTESIAN_POINT('',(5.54,-1.181841134212,6.8));
#167=ADVANCED_FACE('',(#168),#188,.F.);
#168=FACE_BOUND('',#169,.T.);
#169=EDGE_LOOP('',(#170,#20,#177,#183));
#170=ORIENTED_EDGE('',*,*,#171,.F.);
#171=EDGE_CURVE('',#24,#172,#174,.T.);
#172=VERTEX_POINT('',#173);
#173=CARTESIAN_POINT('',(12.269360935211,-4.256400846904,10.5));
#174=LINE('',#175,#176);
#175=CARTESIAN_POINT('',(12.269360935211,-4.256400846904,4.7));
#176=VECTOR('',#13,1.);
#177=ORIENTED_EDGE('',*,*,#178,.T.);
#178=EDGE_CURVE('',#22,#179,#181,.T.);
#179=VERTEX_POINT('',#180);
#180=CARTESIAN_POINT('',(11.286887157304,-5.07,10.5));
#181=LINE('',#182,#176);
#182=CARTESIAN_POINT('',(11.286887157304,-5.07,4.7));
#183=ORIENTED_EDGE('',*,*,#184,.T.);
#184=EDGE_CURVE('',#179,#172,#185,.T.);
#185=CIRCLE('',#186,1.);
#186=AXIS2_PLACEMENT_3D('',#187,#13,#29);
#187=CARTESIAN_POINT('',(11.286887157304,-4.07,10.5));
#188=CYLINDRICAL_SURFACE('',#189,1.);
#189=AXIS2_PLACEMENT_3D('',#190,#13,#29);
#190=CARTESIAN_POINT('',(11.286887157304,-4.07,4.7));
#191=ADVANCED_FACE('',(#192),#205,.F.);
#192=FACE_BOUND('',#193,.F.);
#193=EDGE_LOOP('',(#170,#194,#195,#201));
#194=ORIENTED_EDGE('',*,*,#77,.F.);
#195=ORIENTED_EDGE('',*,*,#196,.T.);
#196=EDGE_CURVE('',#71,#197,#199,.T.);
#197=VERTEX_POINT('',#198);
#198=CARTESIAN_POINT('',(13.274908880416,1.043599153096,10.5));
#199=LINE('',#200,#176);
#200=CARTESIAN_POINT('',(13.274908880416,1.043599153096,4.7));
#201=ORIENTED_EDGE('',*,*,#202,.T.);
#202=EDGE_CURVE('',#197,#172,#203,.T.);
#203=LINE('',#204,#80);
#204=CARTESIAN_POINT('',(13.049469689904,-0.144636291479,10.5));
#205=PLANE('',#206);
#206=AXIS2_PLACEMENT_3D('',#207,#29,#81);
#207=CARTESIAN_POINT('',(13.5,2.23,4.7));
#208=ADVANCED_FACE('',(#209),#222,.F.);
#209=FACE_BOUND('',#210,.T.);
#210=EDGE_LOOP('',(#211,#69,#195,#217));
#211=ORIENTED_EDGE('',*,*,#212,.F.);
#212=EDGE_CURVE('',#64,#213,#215,.T.);
#213=VERTEX_POINT('',#214);
#214=CARTESIAN_POINT('',(12.29243510251,2.23,10.5));
#215=LINE('',#216,#176);
#216=CARTESIAN_POINT('',(12.29243510251,2.23,4.7));
#217=ORIENTED_EDGE('',*,*,#218,.T.);
#218=EDGE_CURVE('',#197,#213,#219,.T.);
#219=CIRCLE('',#220,1.);
#220=AXIS2_PLACEMENT_3D('',#221,#13,#61);
#221=CARTESIAN_POINT('',(12.29243510251,1.23,10.5));
#222=CYLINDRICAL_SURFACE('',#223,1.);
#223=AXIS2_PLACEMENT_3D('',#224,#13,#61);
#224=CARTESIAN_POINT('',(12.29243510251,1.23,4.7));
#225=ADVANCED_FACE('',(#226),#239,.F.);
#226=FACE_BOUND('',#227,.F.);
#227=EDGE_LOOP('',(#211,#228,#229,#235));
#228=ORIENTED_EDGE('',*,*,#63,.F.);
#229=ORIENTED_EDGE('',*,*,#230,.T.);
#230=EDGE_CURVE('',#56,#231,#233,.T.);
#231=VERTEX_POINT('',#232);
#232=CARTESIAN_POINT('',(-1.21243510251,2.23,10.5));
#233=LINE('',#234,#176);
#234=CARTESIAN_POINT('',(-1.21243510251,2.23,4.7));
#235=ORIENTED_EDGE('',*,*,#236,.T.);
#236=EDGE_CURVE('',#231,#213,#237,.T.);
#237=LINE('',#238,#68);
#238=CARTESIAN_POINT('',(1.56,2.23,10.5));
#239=PLANE('',#240);
#240=AXIS2_PLACEMENT_3D('',#241,#61,#14);
#241=CARTESIAN_POINT('',(-2.42,2.23,4.7));
#242=ADVANCED_FACE('',(#243),#258,.F.);
#243=FACE_BOUND('',#244,.F.);
#244=EDGE_LOOP('',(#245,#246,#247,#253));
#245=ORIENTED_EDGE('',*,*,#230,.F.);
#246=ORIENTED_EDGE('',*,*,#55,.T.);
#247=ORIENTED_EDGE('',*,*,#248,.T.);
#248=EDGE_CURVE('',#48,#249,#251,.T.);
#249=VERTEX_POINT('',#250);
#250=CARTESIAN_POINT('',(-2.194908880416,1.043599153096,10.5));
#251=LINE('',#252,#176);
#252=CARTESIAN_POINT('',(-2.194908880416,1.043599153096,4.7));
#253=ORIENTED_EDGE('',*,*,#254,.F.);
#254=EDGE_CURVE('',#231,#249,#255,.T.);
#255=CIRCLE('',#256,1.);
#256=AXIS2_PLACEMENT_3D('',#257,#13,#61);
#257=CARTESIAN_POINT('',(-1.21243510251,1.23,10.5));
#258=CYLINDRICAL_SURFACE('',#259,1.);
#259=AXIS2_PLACEMENT_3D('',#260,#13,#61);
#260=CARTESIAN_POINT('',(-1.21243510251,1.23,4.7));
#261=ADVANCED_FACE('',(#262),#276,.F.);
#262=FACE_BOUND('',#263,.F.);
#263=EDGE_LOOP('',(#264,#265,#266,#272));
#264=ORIENTED_EDGE('',*,*,#248,.F.);
#265=ORIENTED_EDGE('',*,*,#47,.F.);
#266=ORIENTED_EDGE('',*,*,#267,.T.);
#267=EDGE_CURVE('',#40,#268,#270,.T.);
#268=VERTEX_POINT('',#269);
#269=CARTESIAN_POINT('',(-1.189360935211,-4.256400846904,10.5));
#270=LINE('',#271,#176);
#271=CARTESIAN_POINT('',(-1.189360935211,-4.256400846904,4.7));
#272=ORIENTED_EDGE('',*,*,#273,.T.);
#273=EDGE_CURVE('',#268,#249,#274,.T.);
#274=LINE('',#275,#52);
#275=CARTESIAN_POINT('',(-1.276969689904,-3.794636291479,10.5));
#276=PLANE('',#277);
#277=AXIS2_PLACEMENT_3D('',#278,#279,#53);
#278=CARTESIAN_POINT('',(-1.035,-5.07,4.7));
#279=DIRECTION('',(-0.982473777906,-0.186400846904,0.));
#280=ADVANCED_FACE('',(#281),#294,.F.);
#281=FACE_BOUND('',#282,.T.);
#282=EDGE_LOOP('',(#283,#38,#266,#289));
#283=ORIENTED_EDGE('',*,*,#284,.F.);
#284=EDGE_CURVE('',#32,#285,#287,.T.);
#285=VERTEX_POINT('',#286);
#286=CARTESIAN_POINT('',(-0.206887157304,-5.07,10.5));
#287=LINE('',#288,#176);
#288=CARTESIAN_POINT('',(-0.206887157304,-5.07,4.7));
#289=ORIENTED_EDGE('',*,*,#290,.T.);
#290=EDGE_CURVE('',#268,#285,#291,.T.);
#291=CIRCLE('',#292,1.);
#292=AXIS2_PLACEMENT_3D('',#293,#13,#45);
#293=CARTESIAN_POINT('',(-0.206887157304,-4.07,10.5));
#294=CYLINDRICAL_SURFACE('',#295,1.);
#295=AXIS2_PLACEMENT_3D('',#296,#13,#45);
#296=CARTESIAN_POINT('',(-0.206887157304,-4.07,4.7));
#297=ADVANCED_FACE('',(#298),#305,.F.);
#298=FACE_BOUND('',#299,.F.);
#299=EDGE_LOOP('',(#283,#300,#177,#301));
#300=ORIENTED_EDGE('',*,*,#31,.F.);
#301=ORIENTED_EDGE('',*,*,#302,.T.);
#302=EDGE_CURVE('',#179,#285,#303,.T.);
#303=LINE('',#304,#36);
#304=CARTESIAN_POINT('',(8.8275,-5.07,10.5));
#305=PLANE('',#306);
#306=AXIS2_PLACEMENT_3D('',#307,#45,#37);
#307=CARTESIAN_POINT('',(12.115,-5.07,4.7));
#308=ADVANCED_FACE('',(#309),#324,.T.);
#309=FACE_BOUND('',#310,.F.);
#310=EDGE_LOOP('',(#311,#312,#318,#323));
#311=ORIENTED_EDGE('',*,*,#85,.T.);
#312=ORIENTED_EDGE('',*,*,#313,.T.);
#313=EDGE_CURVE('',#86,#314,#316,.T.);
#314=VERTEX_POINT('',#315);
#315=CARTESIAN_POINT('',(10.015,-2.84,10.14));
#316=LINE('',#317,#176);
#317=CARTESIAN_POINT('',(10.015,-2.84,4.4));
#318=ORIENTED_EDGE('',*,*,#319,.T.);
#319=EDGE_CURVE('',#314,#314,#320,.T.);
#320=CIRCLE('',#321,0.32);
#321=AXIS2_PLACEMENT_3D('',#322,#13,#14);
#322=CARTESIAN_POINT('',(9.695,-2.84,10.14));
#323=ORIENTED_EDGE('',*,*,#313,.F.);
#324=CYLINDRICAL_SURFACE('',#325,0.32);
#325=AXIS2_PLACEMENT_3D('',#326,#91,#14);
#326=CARTESIAN_POINT('',(9.695,-2.84,4.4));
#327=ADVANCED_FACE('',(#328),#343,.T.);
#328=FACE_BOUND('',#329,.F.);
#329=EDGE_LOOP('',(#330,#331,#337,#342));
#330=ORIENTED_EDGE('',*,*,#95,.T.);
#331=ORIENTED_EDGE('',*,*,#332,.T.);
#332=EDGE_CURVE('',#96,#333,#335,.T.);
#333=VERTEX_POINT('',#334);
#334=CARTESIAN_POINT('',(7.245,-2.84,10.14));
#335=LINE('',#336,#176);
#336=CARTESIAN_POINT('',(7.245,-2.84,4.4));
#337=ORIENTED_EDGE('',*,*,#338,.T.);
#338=EDGE_CURVE('',#333,#333,#339,.T.);
#339=CIRCLE('',#340,0.32);
#340=AXIS2_PLACEMENT_3D('',#341,#13,#14);
#341=CARTESIAN_POINT('',(6.925,-2.84,10.14));
#342=ORIENTED_EDGE('',*,*,#332,.F.);
#343=CYLINDRICAL_SURFACE('',#344,0.32);
#344=AXIS2_PLACEMENT_3D('',#345,#91,#14);
#345=CARTESIAN_POINT('',(6.925,-2.84,4.4));
#346=ADVANCED_FACE('',(#347),#362,.T.);
#347=FACE_BOUND('',#348,.F.);
#348=EDGE_LOOP('',(#349,#350,#356,#361));
#349=ORIENTED_EDGE('',*,*,#104,.T.);
#350=ORIENTED_EDGE('',*,*,#351,.T.);
#351=EDGE_CURVE('',#105,#352,#354,.T.);
#352=VERTEX_POINT('',#353);
#353=CARTESIAN_POINT('',(4.475,-2.84,10.14));
#354=LINE('',#355,#176);
#355=CARTESIAN_POINT('',(4.475,-2.84,4.4));
#356=ORIENTED_EDGE('',*,*,#357,.T.);
#357=EDGE_CURVE('',#352,#352,#358,.T.);
#358=CIRCLE('',#359,0.32);
#359=AXIS2_PLACEMENT_3D('',#360,#13,#14);
#360=CARTESIAN_POINT('',(4.155,-2.84,10.14));
#361=ORIENTED_EDGE('',*,*,#351,.F.);
#362=CYLINDRICAL_SURFACE('',#363,0.32);
#363=AXIS2_PLACEMENT_3D('',#364,#91,#14);
#364=CARTESIAN_POINT('',(4.155,-2.84,4.4));
#365=ADVANCED_FACE('',(#366),#381,.T.);
#366=FACE_BOUND('',#367,.F.);
#367=EDGE_LOOP('',(#368,#369,#375,#380));
#368=ORIENTED_EDGE('',*,*,#113,.T.);
#369=ORIENTED_EDGE('',*,*,#370,.T.);
#370=EDGE_CURVE('',#114,#371,#373,.T.);
#371=VERTEX_POINT('',#372);
#372=CARTESIAN_POINT('',(1.705,-2.84,10.14));
#373=LINE('',#374,#176);
#374=CARTESIAN_POINT('',(1.705,-2.84,4.4));
#375=ORIENTED_EDGE('',*,*,#376,.T.);
#376=EDGE_CURVE('',#371,#371,#377,.T.);
#377=CIRCLE('',#378,0.32);
#378=AXIS2_PLACEMENT_3D('',#379,#13,#14);
#379=CARTESIAN_POINT('',(1.385,-2.84,10.14));
#380=ORIENTED_EDGE('',*,*,#370,.F.);
#381=CYLINDRICAL_SURFACE('',#382,0.32);
#382=AXIS2_PLACEMENT_3D('',#383,#91,#14);
#383=CARTESIAN_POINT('',(1.385,-2.84,4.4));
#384=ADVANCED_FACE('',(#385),#400,.T.);
#385=FACE_BOUND('',#386,.F.);
#386=EDGE_LOOP('',(#387,#388,#394,#399));
#387=ORIENTED_EDGE('',*,*,#122,.T.);
#388=ORIENTED_EDGE('',*,*,#389,.T.);
#389=EDGE_CURVE('',#123,#390,#392,.T.);
#390=VERTEX_POINT('',#391);
#391=CARTESIAN_POINT('',(11.4,0.,10.14));
#392=LINE('',#393,#176);
#393=CARTESIAN_POINT('',(11.4,0.,4.4));
#394=ORIENTED_EDGE('',*,*,#395,.T.);
#395=EDGE_CURVE('',#390,#390,#396,.T.);
#396=CIRCLE('',#397,0.32);
#397=AXIS2_PLACEMENT_3D('',#398,#13,#14);
#398=CARTESIAN_POINT('',(11.08,0.,10.14));
#399=ORIENTED_EDGE('',*,*,#389,.F.);
#400=CYLINDRICAL_SURFACE('',#401,0.32);
#401=AXIS2_PLACEMENT_3D('',#402,#91,#14);
#402=CARTESIAN_POINT('',(11.08,0.,4.4));
#403=ADVANCED_FACE('',(#404),#419,.T.);
#404=FACE_BOUND('',#405,.F.);
#405=EDGE_LOOP('',(#406,#407,#413,#418));
#406=ORIENTED_EDGE('',*,*,#131,.T.);
#407=ORIENTED_EDGE('',*,*,#408,.T.);
#408=EDGE_CURVE('',#132,#409,#411,.T.);
#409=VERTEX_POINT('',#410);
#410=CARTESIAN_POINT('',(8.63,0.,10.14));
#411=LINE('',#412,#176);
#412=CARTESIAN_POINT('',(8.63,0.,4.4));
#413=ORIENTED_EDGE('',*,*,#414,.T.);
#414=EDGE_CURVE('',#409,#409,#415,.T.);
#415=CIRCLE('',#416,0.32);
#416=AXIS2_PLACEMENT_3D('',#417,#13,#14);
#417=CARTESIAN_POINT('',(8.31,0.,10.14));
#418=ORIENTED_EDGE('',*,*,#408,.F.);
#419=CYLINDRICAL_SURFACE('',#420,0.32);
#420=AXIS2_PLACEMENT_3D('',#421,#91,#14);
#421=CARTESIAN_POINT('',(8.31,0.,4.4));
#422=ADVANCED_FACE('',(#423),#438,.T.);
#423=FACE_BOUND('',#424,.F.);
#424=EDGE_LOOP('',(#425,#426,#432,#437));
#425=ORIENTED_EDGE('',*,*,#140,.T.);
#426=ORIENTED_EDGE('',*,*,#427,.T.);
#427=EDGE_CURVE('',#141,#428,#430,.T.);
#428=VERTEX_POINT('',#429);
#429=CARTESIAN_POINT('',(5.86,0.,10.14));
#430=LINE('',#431,#176);
#431=CARTESIAN_POINT('',(5.86,0.,4.4));
#432=ORIENTED_EDGE('',*,*,#433,.T.);
#433=EDGE_CURVE('',#428,#428,#434,.T.);
#434=CIRCLE('',#435,0.32);
#435=AXIS2_PLACEMENT_3D('',#436,#13,#14);
#436=CARTESIAN_POINT('',(5.54,0.,10.14));
#437=ORIENTED_EDGE('',*,*,#427,.F.);
#438=CYLINDRICAL_SURFACE('',#439,0.32);
#439=AXIS2_PLACEMENT_3D('',#440,#91,#14);
#440=CARTESIAN_POINT('',(5.54,0.,4.4));
#441=ADVANCED_FACE('',(#442),#457,.T.);
#442=FACE_BOUND('',#443,.F.);
#443=EDGE_LOOP('',(#444,#445,#451,#456));
#444=ORIENTED_EDGE('',*,*,#149,.T.);
#445=ORIENTED_EDGE('',*,*,#446,.T.);
#446=EDGE_CURVE('',#150,#447,#449,.T.);
#447=VERTEX_POINT('',#448);
#448=CARTESIAN_POINT('',(3.09,0.,10.14));
#449=LINE('',#450,#176);
#450=CARTESIAN_POINT('',(3.09,0.,4.4));
#451=ORIENTED_EDGE('',*,*,#452,.T.);
#452=EDGE_CURVE('',#447,#447,#453,.T.);
#453=CIRCLE('',#454,0.32);
#454=AXIS2_PLACEMENT_3D('',#455,#13,#14);
#455=CARTESIAN_POINT('',(2.77,0.,10.14));
#456=ORIENTED_EDGE('',*,*,#446,.F.);
#457=CYLINDRICAL_SURFACE('',#458,0.32);
#458=AXIS2_PLACEMENT_3D('',#459,#91,#14);
#459=CARTESIAN_POINT('',(2.77,0.,4.4));
#460=ADVANCED_FACE('',(#461),#476,.T.);
#461=FACE_BOUND('',#462,.F.);
#462=EDGE_LOOP('',(#463,#464,#470,#475));
#463=ORIENTED_EDGE('',*,*,#158,.T.);
#464=ORIENTED_EDGE('',*,*,#465,.T.);
#465=EDGE_CURVE('',#159,#466,#468,.T.);
#466=VERTEX_POINT('',#467);
#467=CARTESIAN_POINT('',(0.32,0.,10.14));
#468=LINE('',#469,#176);
#469=CARTESIAN_POINT('',(0.32,0.,4.4));
#470=ORIENTED_EDGE('',*,*,#471,.T.);
#471=EDGE_CURVE('',#466,#466,#472,.T.);
#472=CIRCLE('',#473,0.32);
#473=AXIS2_PLACEMENT_3D('',#474,#13,#14);
#474=CARTESIAN_POINT('',(0.,0.,10.14));
#475=ORIENTED_EDGE('',*,*,#465,.F.);
#476=CYLINDRICAL_SURFACE('',#477,0.32);
#477=AXIS2_PLACEMENT_3D('',#478,#91,#14);
#478=CARTESIAN_POINT('',(0.,0.,4.4));
#479=ADVANCED_FACE('',(#480,#536),#543,.F.);
#480=FACE_BOUND('',#481,.F.);
#481=EDGE_LOOP('',(#482,#491,#496,#504,#511,#518,#523,#531));
#482=ORIENTED_EDGE('',*,*,#483,.F.);
#483=EDGE_CURVE('',#484,#486,#488,.T.);
#484=VERTEX_POINT('',#485);
#485=CARTESIAN_POINT('',(-1.739305743877,2.68,10.5));
#486=VERTEX_POINT('',#487);
#487=CARTESIAN_POINT('',(-2.676349440977,1.573637889098,10.5));
#488=CIRCLE('',#489,0.95);
#489=AXIS2_PLACEMENT_3D('',#490,#13,#61);
#490=CARTESIAN_POINT('',(-1.739305743877,1.73,10.5));
#491=ORIENTED_EDGE('',*,*,#492,.F.);
#492=EDGE_CURVE('',#493,#484,#495,.T.);
#493=VERTEX_POINT('',#494);
#494=CARTESIAN_POINT('',(12.819305743877,2.68,10.5));
#495=LINE('',#494,#36);
#496=ORIENTED_EDGE('',*,*,#497,.F.);
#497=EDGE_CURVE('',#498,#493,#500,.T.);
#498=VERTEX_POINT('',#499);
#499=CARTESIAN_POINT('',(13.756349440977,1.573637889098,10.5));
#500=CIRCLE('',#501,0.95);
#501=AXIS2_PLACEMENT_3D('',#502,#13,#503);
#502=CARTESIAN_POINT('',(12.819305743877,1.73,10.5));
#503=DIRECTION('',(0.986361786421,-0.164591695686,0.));
#504=ORIENTED_EDGE('',*,*,#505,.F.);
#505=EDGE_CURVE('',#506,#498,#508,.T.);
#506=VERTEX_POINT('',#507);
#507=CARTESIAN_POINT('',(12.705084380736,-4.726362110902,10.5));
#508=LINE('',#507,#509);
#509=VECTOR('',#510,1.);
#510=DIRECTION('',(0.164591695686,0.986361786421,0.));
#511=ORIENTED_EDGE('',*,*,#512,.F.);
#512=EDGE_CURVE('',#513,#506,#515,.T.);
#513=VERTEX_POINT('',#514);
#514=CARTESIAN_POINT('',(11.768040683636,-5.52,10.5));
#515=CIRCLE('',#516,0.95);
#516=AXIS2_PLACEMENT_3D('',#517,#13,#45);
#517=CARTESIAN_POINT('',(11.768040683636,-4.57,10.5));
#518=ORIENTED_EDGE('',*,*,#519,.F.);
#519=EDGE_CURVE('',#520,#513,#522,.T.);
#520=VERTEX_POINT('',#521);
#521=CARTESIAN_POINT('',(-0.688040683636,-5.52,10.5));
#522=LINE('',#521,#68);
#523=ORIENTED_EDGE('',*,*,#524,.F.);
#524=EDGE_CURVE('',#525,#520,#527,.T.);
#525=VERTEX_POINT('',#526);
#526=CARTESIAN_POINT('',(-1.625084380736,-4.726362110902,10.5));
#527=CIRCLE('',#528,0.95);
#528=AXIS2_PLACEMENT_3D('',#529,#13,#530);
#529=CARTESIAN_POINT('',(-0.688040683636,-4.57,10.5));
#530=DIRECTION('',(-0.986361786421,-0.164591695686,0.));
#531=ORIENTED_EDGE('',*,*,#532,.F.);
#532=EDGE_CURVE('',#486,#525,#533,.T.);
#533=LINE('',#487,#534);
#534=VECTOR('',#535,1.);
#535=DIRECTION('',(0.164591695686,-0.986361786421,0.));
#536=FACE_BOUND('',#537,.F.);
#537=EDGE_LOOP('',(#538,#183,#539,#217,#540,#541,#542,#289));
#538=ORIENTED_EDGE('',*,*,#302,.F.);
#539=ORIENTED_EDGE('',*,*,#202,.F.);
#540=ORIENTED_EDGE('',*,*,#236,.F.);
#541=ORIENTED_EDGE('',*,*,#254,.T.);
#542=ORIENTED_EDGE('',*,*,#273,.F.);
#543=PLANE('',#544);
#544=AXIS2_PLACEMENT_3D('',#545,#91,#37);
#545=CARTESIAN_POINT('',(5.54,-1.18000805679,10.5));
#546=ADVANCED_FACE('',(#547),#562,.T.);
#547=FACE_BOUND('',#548,.T.);
#548=EDGE_LOOP('',(#549,#318,#556,#557));
#549=ORIENTED_EDGE('',*,*,#550,.F.);
#550=EDGE_CURVE('',#314,#551,#553,.T.);
#551=VERTEX_POINT('',#552);
#552=CARTESIAN_POINT('',(9.855,-2.84,10.3));
#553=CIRCLE('',#554,0.16);
#554=AXIS2_PLACEMENT_3D('',#555,#45,#14);
#555=CARTESIAN_POINT('',(9.855,-2.84,10.14));
#556=ORIENTED_EDGE('',*,*,#550,.T.);
#557=ORIENTED_EDGE('',*,*,#558,.F.);
#558=EDGE_CURVE('',#551,#551,#559,.T.);
#559=CIRCLE('',#560,0.16);
#560=AXIS2_PLACEMENT_3D('',#561,#13,#14);
#561=CARTESIAN_POINT('',(9.695,-2.84,10.3));
#562=TOROIDAL_SURFACE('',#321,0.16,0.16);
#563=ADVANCED_FACE('',(#564),#579,.T.);
#564=FACE_BOUND('',#565,.T.);
#565=EDGE_LOOP('',(#566,#337,#573,#574));
#566=ORIENTED_EDGE('',*,*,#567,.F.);
#567=EDGE_CURVE('',#333,#568,#570,.T.);
#568=VERTEX_POINT('',#569);
#569=CARTESIAN_POINT('',(7.085,-2.84,10.3));
#570=CIRCLE('',#571,0.16);
#571=AXIS2_PLACEMENT_3D('',#572,#45,#14);
#572=CARTESIAN_POINT('',(7.085,-2.84,10.14));
#573=ORIENTED_EDGE('',*,*,#567,.T.);
#574=ORIENTED_EDGE('',*,*,#575,.F.);
#575=EDGE_CURVE('',#568,#568,#576,.T.);
#576=CIRCLE('',#577,0.16);
#577=AXIS2_PLACEMENT_3D('',#578,#13,#14);
#578=CARTESIAN_POINT('',(6.925,-2.84,10.3));
#579=TOROIDAL_SURFACE('',#340,0.16,0.16);
#580=ADVANCED_FACE('',(#581),#596,.T.);
#581=FACE_BOUND('',#582,.T.);
#582=EDGE_LOOP('',(#583,#356,#590,#591));
#583=ORIENTED_EDGE('',*,*,#584,.F.);
#584=EDGE_CURVE('',#352,#585,#587,.T.);
#585=VERTEX_POINT('',#586);
#586=CARTESIAN_POINT('',(4.315,-2.84,10.3));
#587=CIRCLE('',#588,0.16);
#588=AXIS2_PLACEMENT_3D('',#589,#45,#14);
#589=CARTESIAN_POINT('',(4.315,-2.84,10.14));
#590=ORIENTED_EDGE('',*,*,#584,.T.);
#591=ORIENTED_EDGE('',*,*,#592,.F.);
#592=EDGE_CURVE('',#585,#585,#593,.T.);
#593=CIRCLE('',#594,0.16);
#594=AXIS2_PLACEMENT_3D('',#595,#13,#14);
#595=CARTESIAN_POINT('',(4.155,-2.84,10.3));
#596=TOROIDAL_SURFACE('',#359,0.16,0.16);
#597=ADVANCED_FACE('',(#598),#613,.T.);
#598=FACE_BOUND('',#599,.T.);
#599=EDGE_LOOP('',(#600,#375,#607,#608));
#600=ORIENTED_EDGE('',*,*,#601,.F.);
#601=EDGE_CURVE('',#371,#602,#604,.T.);
#602=VERTEX_POINT('',#603);
#603=CARTESIAN_POINT('',(1.545,-2.84,10.3));
#604=CIRCLE('',#605,0.16);
#605=AXIS2_PLACEMENT_3D('',#606,#45,#14);
#606=CARTESIAN_POINT('',(1.545,-2.84,10.14));
#607=ORIENTED_EDGE('',*,*,#601,.T.);
#608=ORIENTED_EDGE('',*,*,#609,.F.);
#609=EDGE_CURVE('',#602,#602,#610,.T.);
#610=CIRCLE('',#611,0.16);
#611=AXIS2_PLACEMENT_3D('',#612,#13,#14);
#612=CARTESIAN_POINT('',(1.385,-2.84,10.3));
#613=TOROIDAL_SURFACE('',#378,0.16,0.16);
#614=ADVANCED_FACE('',(#615),#630,.T.);
#615=FACE_BOUND('',#616,.T.);
#616=EDGE_LOOP('',(#617,#394,#624,#625));
#617=ORIENTED_EDGE('',*,*,#618,.F.);
#618=EDGE_CURVE('',#390,#619,#621,.T.);
#619=VERTEX_POINT('',#620);
#620=CARTESIAN_POINT('',(11.24,0.,10.3));
#621=CIRCLE('',#622,0.16);
#622=AXIS2_PLACEMENT_3D('',#623,#45,#14);
#623=CARTESIAN_POINT('',(11.24,0.,10.14));
#624=ORIENTED_EDGE('',*,*,#618,.T.);
#625=ORIENTED_EDGE('',*,*,#626,.F.);
#626=EDGE_CURVE('',#619,#619,#627,.T.);
#627=CIRCLE('',#628,0.16);
#628=AXIS2_PLACEMENT_3D('',#629,#13,#14);
#629=CARTESIAN_POINT('',(11.08,0.,10.3));
#630=TOROIDAL_SURFACE('',#397,0.16,0.16);
#631=ADVANCED_FACE('',(#632),#647,.T.);
#632=FACE_BOUND('',#633,.T.);
#633=EDGE_LOOP('',(#634,#413,#641,#642));
#634=ORIENTED_EDGE('',*,*,#635,.F.);
#635=EDGE_CURVE('',#409,#636,#638,.T.);
#636=VERTEX_POINT('',#637);
#637=CARTESIAN_POINT('',(8.47,0.,10.3));
#638=CIRCLE('',#639,0.16);
#639=AXIS2_PLACEMENT_3D('',#640,#45,#14);
#640=CARTESIAN_POINT('',(8.47,0.,10.14));
#641=ORIENTED_EDGE('',*,*,#635,.T.);
#642=ORIENTED_EDGE('',*,*,#643,.F.);
#643=EDGE_CURVE('',#636,#636,#644,.T.);
#644=CIRCLE('',#645,0.16);
#645=AXIS2_PLACEMENT_3D('',#646,#13,#14);
#646=CARTESIAN_POINT('',(8.31,0.,10.3));
#647=TOROIDAL_SURFACE('',#416,0.16,0.16);
#648=ADVANCED_FACE('',(#649),#664,.T.);
#649=FACE_BOUND('',#650,.T.);
#650=EDGE_LOOP('',(#651,#432,#658,#659));
#651=ORIENTED_EDGE('',*,*,#652,.F.);
#652=EDGE_CURVE('',#428,#653,#655,.T.);
#653=VERTEX_POINT('',#654);
#654=CARTESIAN_POINT('',(5.7,0.,10.3));
#655=CIRCLE('',#656,0.16);
#656=AXIS2_PLACEMENT_3D('',#657,#45,#14);
#657=CARTESIAN_POINT('',(5.7,0.,10.14));
#658=ORIENTED_EDGE('',*,*,#652,.T.);
#659=ORIENTED_EDGE('',*,*,#660,.F.);
#660=EDGE_CURVE('',#653,#653,#661,.T.);
#661=CIRCLE('',#662,0.16);
#662=AXIS2_PLACEMENT_3D('',#663,#13,#14);
#663=CARTESIAN_POINT('',(5.54,0.,10.3));
#664=TOROIDAL_SURFACE('',#435,0.16,0.16);
#665=ADVANCED_FACE('',(#666),#681,.T.);
#666=FACE_BOUND('',#667,.T.);
#667=EDGE_LOOP('',(#668,#451,#675,#676));
#668=ORIENTED_EDGE('',*,*,#669,.F.);
#669=EDGE_CURVE('',#447,#670,#672,.T.);
#670=VERTEX_POINT('',#671);
#671=CARTESIAN_POINT('',(2.93,0.,10.3));
#672=CIRCLE('',#673,0.16);
#673=AXIS2_PLACEMENT_3D('',#674,#45,#14);
#674=CARTESIAN_POINT('',(2.93,0.,10.14));
#675=ORIENTED_EDGE('',*,*,#669,.T.);
#676=ORIENTED_EDGE('',*,*,#677,.F.);
#677=EDGE_CURVE('',#670,#670,#678,.T.);
#678=CIRCLE('',#679,0.16);
#679=AXIS2_PLACEMENT_3D('',#680,#13,#14);
#680=CARTESIAN_POINT('',(2.77,0.,10.3));
#681=TOROIDAL_SURFACE('',#454,0.16,0.16);
#682=ADVANCED_FACE('',(#683),#698,.T.);
#683=FACE_BOUND('',#684,.T.);
#684=EDGE_LOOP('',(#685,#470,#692,#693));
#685=ORIENTED_EDGE('',*,*,#686,.F.);
#686=EDGE_CURVE('',#466,#687,#689,.T.);
#687=VERTEX_POINT('',#688);
#688=CARTESIAN_POINT('',(0.16,0.,10.3));
#689=CIRCLE('',#690,0.16);
#690=AXIS2_PLACEMENT_3D('',#691,#45,#14);
#691=CARTESIAN_POINT('',(0.16,0.,10.14));
#692=ORIENTED_EDGE('',*,*,#686,.T.);
#693=ORIENTED_EDGE('',*,*,#694,.F.);
#694=EDGE_CURVE('',#687,#687,#695,.T.);
#695=CIRCLE('',#696,0.16);
#696=AXIS2_PLACEMENT_3D('',#697,#13,#14);
#697=CARTESIAN_POINT('',(0.,0.,10.3));
#698=TOROIDAL_SURFACE('',#473,0.16,0.16);
#699=ADVANCED_FACE('',(#700),#721,.T.);
#700=FACE_BOUND('',#701,.T.);
#701=EDGE_LOOP('',(#702,#709,#716,#482));
#702=ORIENTED_EDGE('',*,*,#703,.F.);
#703=EDGE_CURVE('',#704,#484,#706,.T.);
#704=VERTEX_POINT('',#705);
#705=CARTESIAN_POINT('',(-1.739305743877,2.73,10.45));
#706=LINE('',#705,#707);
#707=VECTOR('',#708,1.);
#708=DIRECTION('',(0.,-0.707106781187,0.707106781187));
#709=ORIENTED_EDGE('',*,*,#710,.T.);
#710=EDGE_CURVE('',#704,#711,#713,.T.);
#711=VERTEX_POINT('',#712);
#712=CARTESIAN_POINT('',(-2.725667530298,1.565408304314,10.45));
#713=CIRCLE('',#714,1.);
#714=AXIS2_PLACEMENT_3D('',#715,#13,#61);
#715=CARTESIAN_POINT('',(-1.739305743877,1.73,10.45));
#716=ORIENTED_EDGE('',*,*,#717,.T.);
#717=EDGE_CURVE('',#711,#486,#718,.T.);
#718=LINE('',#712,#719);
#719=VECTOR('',#720,1.);
#720=DIRECTION('',(0.697463107881,0.116383904146,0.707106781187));
#721=CONICAL_SURFACE('',#722,1.,0.785398163397);
#722=AXIS2_PLACEMENT_3D('',#715,#91,#61);
#723=ADVANCED_FACE('',(#724),#735,.F.);
#724=FACE_BOUND('',#725,.T.);
#725=EDGE_LOOP('',(#726,#731,#734,#491));
#726=ORIENTED_EDGE('',*,*,#727,.F.);
#727=EDGE_CURVE('',#728,#493,#730,.T.);
#728=VERTEX_POINT('',#729);
#729=CARTESIAN_POINT('',(12.819305743877,2.73,10.45));
#730=LINE('',#729,#707);
#731=ORIENTED_EDGE('',*,*,#732,.T.);
#732=EDGE_CURVE('',#728,#704,#733,.T.);
#733=LINE('',#729,#36);
#734=ORIENTED_EDGE('',*,*,#703,.T.);
#735=PLANE('',#736);
#736=AXIS2_PLACEMENT_3D('',#737,#738,#14);
#737=CARTESIAN_POINT('',(12.819305743877,2.705,10.475));
#738=DIRECTION('',(0.,-0.707106781187,-0.707106781187));
#739=ADVANCED_FACE('',(#740),#752,.F.);
#740=FACE_BOUND('',#741,.T.);
#741=EDGE_LOOP('',(#742,#743,#748,#531));
#742=ORIENTED_EDGE('',*,*,#717,.F.);
#743=ORIENTED_EDGE('',*,*,#744,.T.);
#744=EDGE_CURVE('',#711,#745,#747,.T.);
#745=VERTEX_POINT('',#746);
#746=CARTESIAN_POINT('',(-1.674402470057,-4.734591695686,10.45));
#747=LINE('',#712,#534);
#748=ORIENTED_EDGE('',*,*,#749,.T.);
#749=EDGE_CURVE('',#745,#525,#750,.T.);
#750=LINE('',#751,#719);
#751=CARTESIAN_POINT('',(-1.649743425397,-4.730476903294,10.475));
#752=PLANE('',#753);
#753=AXIS2_PLACEMENT_3D('',#754,#755,#756);
#754=CARTESIAN_POINT('',(-2.701008485638,1.569523096706,10.475));
#755=DIRECTION('',(0.697463107881,0.116383904146,-0.707106781187));
#756=DIRECTION('',(-0.164591695686,0.986361786421,1.387778780781E-17));
#757=ADVANCED_FACE('',(#758),#774,.T.);
#758=FACE_BOUND('',#759,.T.);
#759=EDGE_LOOP('',(#760,#768,#773,#496));
#760=ORIENTED_EDGE('',*,*,#761,.F.);
#761=EDGE_CURVE('',#762,#498,#764,.T.);
#762=VERTEX_POINT('',#763);
#763=CARTESIAN_POINT('',(13.805667530298,1.565408304314,10.45));
#764=LINE('',#765,#766);
#765=CARTESIAN_POINT('',(13.781008485638,1.569523096706,10.475));
#766=VECTOR('',#767,1.);
#767=DIRECTION('',(-0.697463107881,0.116383904146,0.707106781187));
#768=ORIENTED_EDGE('',*,*,#769,.T.);
#769=EDGE_CURVE('',#762,#728,#770,.T.);
#770=CIRCLE('',#771,1.);
#771=AXIS2_PLACEMENT_3D('',#772,#13,#503);
#772=CARTESIAN_POINT('',(12.819305743877,1.73,10.45));
#773=ORIENTED_EDGE('',*,*,#727,.T.);
#774=CONICAL_SURFACE('',#775,1.,0.785398163397);
#775=AXIS2_PLACEMENT_3D('',#772,#91,#503);
#776=ADVANCED_FACE('',(#777),#792,.T.);
#777=FACE_BOUND('',#778,.T.);
#778=EDGE_LOOP('',(#779,#780,#787,#523));
#779=ORIENTED_EDGE('',*,*,#749,.F.);
#780=ORIENTED_EDGE('',*,*,#781,.T.);
#781=EDGE_CURVE('',#745,#782,#784,.T.);
#782=VERTEX_POINT('',#783);
#783=CARTESIAN_POINT('',(-0.688040683636,-5.57,10.45));
#784=CIRCLE('',#785,1.);
#785=AXIS2_PLACEMENT_3D('',#786,#13,#530);
#786=CARTESIAN_POINT('',(-0.688040683636,-4.57,10.45));
#787=ORIENTED_EDGE('',*,*,#788,.T.);
#788=EDGE_CURVE('',#782,#520,#789,.T.);
#789=LINE('',#783,#790);
#790=VECTOR('',#791,1.);
#791=DIRECTION('',(-1.387778780781E-17,0.707106781187,0.707106781187));
#792=CONICAL_SURFACE('',#793,1.,0.785398163397);
#793=AXIS2_PLACEMENT_3D('',#786,#91,#530);
#794=ADVANCED_FACE('',(#795),#806,.F.);
#795=FACE_BOUND('',#796,.T.);
#796=EDGE_LOOP('',(#797,#802,#805,#504));
#797=ORIENTED_EDGE('',*,*,#798,.F.);
#798=EDGE_CURVE('',#799,#506,#801,.T.);
#799=VERTEX_POINT('',#800);
#800=CARTESIAN_POINT('',(12.754402470057,-4.734591695686,10.45));
#801=LINE('',#800,#766);
#802=ORIENTED_EDGE('',*,*,#803,.T.);
#803=EDGE_CURVE('',#799,#762,#804,.T.);
#804=LINE('',#800,#509);
#805=ORIENTED_EDGE('',*,*,#761,.T.);
#806=PLANE('',#807);
#807=AXIS2_PLACEMENT_3D('',#808,#809,#810);
#808=CARTESIAN_POINT('',(12.729743425397,-4.730476903294,10.475));
#809=DIRECTION('',(-0.697463107881,0.116383904146,-0.707106781187));
#810=DIRECTION('',(-0.164591695686,-0.986361786421,4.163336342344E-17));
#811=ADVANCED_FACE('',(#812),#824,.F.);
#812=FACE_BOUND('',#813,.T.);
#813=EDGE_LOOP('',(#814,#815,#820,#518));
#814=ORIENTED_EDGE('',*,*,#788,.F.);
#815=ORIENTED_EDGE('',*,*,#816,.T.);
#816=EDGE_CURVE('',#782,#817,#819,.T.);
#817=VERTEX_POINT('',#818);
#818=CARTESIAN_POINT('',(11.768040683636,-5.57,10.45));
#819=LINE('',#783,#68);
#820=ORIENTED_EDGE('',*,*,#821,.T.);
#821=EDGE_CURVE('',#817,#513,#822,.T.);
#822=LINE('',#823,#790);
#823=CARTESIAN_POINT('',(11.768040683636,-5.545,10.475));
#824=PLANE('',#825);
#825=AXIS2_PLACEMENT_3D('',#826,#827,#37);
#826=CARTESIAN_POINT('',(-0.688040683636,-5.545,10.475));
#827=DIRECTION('',(0.,0.707106781187,-0.707106781187));
#828=ADVANCED_FACE('',(#829),#838,.T.);
#829=FACE_BOUND('',#830,.T.);
#830=EDGE_LOOP('',(#831,#832,#837,#511));
#831=ORIENTED_EDGE('',*,*,#821,.F.);
#832=ORIENTED_EDGE('',*,*,#833,.T.);
#833=EDGE_CURVE('',#817,#799,#834,.T.);
#834=CIRCLE('',#835,1.);
#835=AXIS2_PLACEMENT_3D('',#836,#13,#45);
#836=CARTESIAN_POINT('',(11.768040683636,-4.57,10.45));
#837=ORIENTED_EDGE('',*,*,#798,.T.);
#838=CONICAL_SURFACE('',#839,1.,0.785398163397);
#839=AXIS2_PLACEMENT_3D('',#836,#91,#45);
#840=ADVANCED_FACE('',(#841),#844,.T.);
#841=FACE_BOUND('',#842,.T.);
#842=EDGE_LOOP('',(#843));
#843=ORIENTED_EDGE('',*,*,#558,.T.);
#844=PLANE('',#560);
#845=ADVANCED_FACE('',(#846),#849,.T.);
#846=FACE_BOUND('',#847,.T.);
#847=EDGE_LOOP('',(#848));
#848=ORIENTED_EDGE('',*,*,#575,.T.);
#849=PLANE('',#577);
#850=ADVANCED_FACE('',(#851),#854,.T.);
#851=FACE_BOUND('',#852,.T.);
#852=EDGE_LOOP('',(#853));
#853=ORIENTED_EDGE('',*,*,#592,.T.);
#854=PLANE('',#594);
#855=ADVANCED_FACE('',(#856),#859,.T.);
#856=FACE_BOUND('',#857,.T.);
#857=EDGE_LOOP('',(#858));
#858=ORIENTED_EDGE('',*,*,#609,.T.);
#859=PLANE('',#611);
#860=ADVANCED_FACE('',(#861),#864,.T.);
#861=FACE_BOUND('',#862,.T.);
#862=EDGE_LOOP('',(#863));
#863=ORIENTED_EDGE('',*,*,#626,.T.);
#864=PLANE('',#628);
#865=ADVANCED_FACE('',(#866),#869,.T.);
#866=FACE_BOUND('',#867,.T.);
#867=EDGE_LOOP('',(#868));
#868=ORIENTED_EDGE('',*,*,#643,.T.);
#869=PLANE('',#645);
#870=ADVANCED_FACE('',(#871),#874,.T.);
#871=FACE_BOUND('',#872,.T.);
#872=EDGE_LOOP('',(#873));
#873=ORIENTED_EDGE('',*,*,#660,.T.);
#874=PLANE('',#662);
#875=ADVANCED_FACE('',(#876),#879,.T.);
#876=FACE_BOUND('',#877,.T.);
#877=EDGE_LOOP('',(#878));
#878=ORIENTED_EDGE('',*,*,#677,.T.);
#879=PLANE('',#679);
#880=ADVANCED_FACE('',(#881),#884,.T.);
#881=FACE_BOUND('',#882,.T.);
#882=EDGE_LOOP('',(#883));
#883=ORIENTED_EDGE('',*,*,#694,.T.);
#884=PLANE('',#696);
#885=ADVANCED_FACE('',(#886),#906,.T.);
#886=FACE_BOUND('',#887,.T.);
#887=EDGE_LOOP('',(#888,#894,#901,#905));
#888=ORIENTED_EDGE('',*,*,#889,.F.);
#889=EDGE_CURVE('',#890,#704,#892,.T.);
#890=VERTEX_POINT('',#891);
#891=CARTESIAN_POINT('',(-1.739305743877,2.73,5.3));
#892=LINE('',#893,#176);
#893=CARTESIAN_POINT('',(-1.739305743877,2.73,4.7));
#894=ORIENTED_EDGE('',*,*,#895,.F.);
#895=EDGE_CURVE('',#896,#890,#898,.T.);
#896=VERTEX_POINT('',#897);
#897=CARTESIAN_POINT('',(-2.725667530298,1.565408304314,5.3));
#898=CIRCLE('',#899,1.);
#899=AXIS2_PLACEMENT_3D('',#900,#91,#530);
#900=CARTESIAN_POINT('',(-1.739305743877,1.73,5.3));
#901=ORIENTED_EDGE('',*,*,#902,.T.);
#902=EDGE_CURVE('',#896,#711,#903,.T.);
#903=LINE('',#904,#176);
#904=CARTESIAN_POINT('',(-2.725667530298,1.565408304314,4.7));
#905=ORIENTED_EDGE('',*,*,#710,.F.);
#906=CYLINDRICAL_SURFACE('',#907,1.);
#907=AXIS2_PLACEMENT_3D('',#908,#13,#61);
#908=CARTESIAN_POINT('',(-1.739305743877,1.73,4.7));
#909=ADVANCED_FACE('',(#910),#923,.T.);
#910=FACE_BOUND('',#911,.T.);
#911=EDGE_LOOP('',(#912,#913,#914,#920));
#912=ORIENTED_EDGE('',*,*,#889,.T.);
#913=ORIENTED_EDGE('',*,*,#732,.F.);
#914=ORIENTED_EDGE('',*,*,#915,.F.);
#915=EDGE_CURVE('',#916,#728,#918,.T.);
#916=VERTEX_POINT('',#917);
#917=CARTESIAN_POINT('',(12.819305743877,2.73,5.3));
#918=LINE('',#919,#176);
#919=CARTESIAN_POINT('',(12.819305743877,2.73,4.7));
#920=ORIENTED_EDGE('',*,*,#921,.F.);
#921=EDGE_CURVE('',#890,#916,#922,.T.);
#922=LINE('',#891,#68);
#923=PLANE('',#924);
#924=AXIS2_PLACEMENT_3D('',#925,#61,#14);
#925=CARTESIAN_POINT('',(-2.92,2.73,4.7));
#926=ADVANCED_FACE('',(#927),#941,.T.);
#927=FACE_BOUND('',#928,.T.);
#928=EDGE_LOOP('',(#929,#935,#936,#937));
#929=ORIENTED_EDGE('',*,*,#930,.T.);
#930=EDGE_CURVE('',#931,#745,#933,.T.);
#931=VERTEX_POINT('',#932);
#932=CARTESIAN_POINT('',(-1.674402470057,-4.734591695686,5.3));
#933=LINE('',#934,#176);
#934=CARTESIAN_POINT('',(-1.674402470057,-4.734591695686,4.7));
#935=ORIENTED_EDGE('',*,*,#744,.F.);
#936=ORIENTED_EDGE('',*,*,#902,.F.);
#937=ORIENTED_EDGE('',*,*,#938,.F.);
#938=EDGE_CURVE('',#931,#896,#939,.T.);
#939=LINE('',#932,#940);
#940=VECTOR('',#756,1.);
#941=PLANE('',#942);
#942=AXIS2_PLACEMENT_3D('',#943,#530,#756);
#943=CARTESIAN_POINT('',(-1.535,-5.57,4.7));
#944=ADVANCED_FACE('',(#945),#958,.T.);
#945=FACE_BOUND('',#946,.F.);
#946=EDGE_LOOP('',(#914,#947,#954,#768));
#947=ORIENTED_EDGE('',*,*,#948,.T.);
#948=EDGE_CURVE('',#916,#949,#951,.T.);
#949=VERTEX_POINT('',#950);
#950=CARTESIAN_POINT('',(13.805667530298,1.565408304314,5.3));
#951=CIRCLE('',#952,1.);
#952=AXIS2_PLACEMENT_3D('',#953,#91,#61);
#953=CARTESIAN_POINT('',(12.819305743877,1.73,5.3));
#954=ORIENTED_EDGE('',*,*,#955,.T.);
#955=EDGE_CURVE('',#949,#762,#956,.T.);
#956=LINE('',#957,#176);
#957=CARTESIAN_POINT('',(13.805667530298,1.565408304314,4.7));
#958=CYLINDRICAL_SURFACE('',#959,1.);
#959=AXIS2_PLACEMENT_3D('',#960,#13,#61);
#960=CARTESIAN_POINT('',(12.819305743877,1.73,4.7));
#961=ADVANCED_FACE('',(#962),#975,.T.);
#962=FACE_BOUND('',#963,.F.);
#963=EDGE_LOOP('',(#964,#970,#929,#780));
#964=ORIENTED_EDGE('',*,*,#965,.F.);
#965=EDGE_CURVE('',#966,#782,#968,.T.);
#966=VERTEX_POINT('',#967);
#967=CARTESIAN_POINT('',(-0.688040683636,-5.57,5.3));
#968=LINE('',#969,#176);
#969=CARTESIAN_POINT('',(-0.688040683636,-5.57,4.7));
#970=ORIENTED_EDGE('',*,*,#971,.T.);
#971=EDGE_CURVE('',#966,#931,#972,.T.);
#972=CIRCLE('',#973,1.);
#973=AXIS2_PLACEMENT_3D('',#974,#91,#45);
#974=CARTESIAN_POINT('',(-0.688040683636,-4.57,5.3));
#975=CYLINDRICAL_SURFACE('',#976,1.);
#976=AXIS2_PLACEMENT_3D('',#977,#13,#45);
#977=CARTESIAN_POINT('',(-0.688040683636,-4.57,4.7));
#978=ADVANCED_FACE('',(#979),#992,.T.);
#979=FACE_BOUND('',#980,.T.);
#980=EDGE_LOOP('',(#981,#987,#954,#991));
#981=ORIENTED_EDGE('',*,*,#982,.F.);
#982=EDGE_CURVE('',#983,#799,#985,.T.);
#983=VERTEX_POINT('',#984);
#984=CARTESIAN_POINT('',(12.754402470057,-4.734591695686,5.3));
#985=LINE('',#986,#176);
#986=CARTESIAN_POINT('',(12.754402470057,-4.734591695686,4.7));
#987=ORIENTED_EDGE('',*,*,#988,.F.);
#988=EDGE_CURVE('',#949,#983,#989,.T.);
#989=LINE('',#950,#990);
#990=VECTOR('',#810,1.);
#991=ORIENTED_EDGE('',*,*,#803,.F.);
#992=PLANE('',#993);
#993=AXIS2_PLACEMENT_3D('',#994,#503,#810);
#994=CARTESIAN_POINT('',(14.,2.73,4.7));
#995=ADVANCED_FACE('',(#996),#1008,.T.);
#996=FACE_BOUND('',#997,.T.);
#997=EDGE_LOOP('',(#964,#998,#1003,#1007));
#998=ORIENTED_EDGE('',*,*,#999,.F.);
#999=EDGE_CURVE('',#1000,#966,#1002,.T.);
#1000=VERTEX_POINT('',#1001);
#1001=CARTESIAN_POINT('',(11.768040683636,-5.57,5.3));
#1002=LINE('',#1001,#36);
#1003=ORIENTED_EDGE('',*,*,#1004,.T.);
#1004=EDGE_CURVE('',#1000,#817,#1005,.T.);
#1005=LINE('',#1006,#176);
#1006=CARTESIAN_POINT('',(11.768040683636,-5.57,4.7));
#1007=ORIENTED_EDGE('',*,*,#816,.F.);
#1008=PLANE('',#1009);
#1009=AXIS2_PLACEMENT_3D('',#1010,#45,#37);
#1010=CARTESIAN_POINT('',(12.615,-5.57,4.7));
#1011=ADVANCED_FACE('',(#1012),#1019,.T.);
#1012=FACE_BOUND('',#1013,.F.);
#1013=EDGE_LOOP('',(#981,#1014,#1003,#832));
#1014=ORIENTED_EDGE('',*,*,#1015,.T.);
#1015=EDGE_CURVE('',#983,#1000,#1016,.T.);
#1016=CIRCLE('',#1017,1.);
#1017=AXIS2_PLACEMENT_3D('',#1018,#91,#503);
#1018=CARTESIAN_POINT('',(11.768040683636,-4.57,5.3));
#1019=CYLINDRICAL_SURFACE('',#1020,1.);
#1020=AXIS2_PLACEMENT_3D('',#1021,#13,#503);
#1021=CARTESIAN_POINT('',(11.768040683636,-4.57,4.7));
#1022=ADVANCED_FACE('',(#1023),#1043,.F.);
#1023=FACE_BOUND('',#1024,.F.);
#1024=EDGE_LOOP('',(#1025,#1032,#1038,#894));
#1025=ORIENTED_EDGE('',*,*,#1026,.F.);
#1026=EDGE_CURVE('',#1027,#896,#1029,.T.);
#1027=VERTEX_POINT('',#1028);
#1028=CARTESIAN_POINT('',(-3.317484602151,1.466653286903,4.7));
#1029=CIRCLE('',#1030,0.6);
#1030=AXIS2_PLACEMENT_3D('',#1031,#535,#91);
#1031=CARTESIAN_POINT('',(-3.317484602151,1.466653286903,5.3));
#1032=ORIENTED_EDGE('',*,*,#1033,.T.);
#1033=EDGE_CURVE('',#1027,#1034,#1036,.T.);
#1034=VERTEX_POINT('',#1035);
#1035=CARTESIAN_POINT('',(-1.739305743877,3.33,4.7));
#1036=CIRCLE('',#1037,1.6);
#1037=AXIS2_PLACEMENT_3D('',#908,#91,#530);
#1038=ORIENTED_EDGE('',*,*,#1039,.T.);
#1039=EDGE_CURVE('',#1034,#890,#1040,.T.);
#1040=CIRCLE('',#1041,0.6);
#1041=AXIS2_PLACEMENT_3D('',#1042,#37,#61);
#1042=CARTESIAN_POINT('',(-1.739305743877,3.33,5.3));
#1043=TOROIDAL_SURFACE('',#899,1.6,0.6);
#1044=ADVANCED_FACE('',(#1045),#1058,.F.);
#1045=FACE_BOUND('',#1046,.T.);
#1046=EDGE_LOOP('',(#1038,#1047,#1048,#1055));
#1047=ORIENTED_EDGE('',*,*,#921,.T.);
#1048=ORIENTED_EDGE('',*,*,#1049,.F.);
#1049=EDGE_CURVE('',#1050,#916,#1052,.T.);
#1050=VERTEX_POINT('',#1051);
#1051=CARTESIAN_POINT('',(12.819305743877,3.33,4.7));
#1052=CIRCLE('',#1053,0.6);
#1053=AXIS2_PLACEMENT_3D('',#1054,#37,#91);
#1054=CARTESIAN_POINT('',(12.819305743877,3.33,5.3));
#1055=ORIENTED_EDGE('',*,*,#1056,.F.);
#1056=EDGE_CURVE('',#1034,#1050,#1057,.T.);
#1057=LINE('',#1035,#68);
#1058=CYLINDRICAL_SURFACE('',#1059,0.6);
#1059=AXIS2_PLACEMENT_3D('',#1042,#14,#91);
#1060=ADVANCED_FACE('',(#1061),#1074,.F.);
#1061=FACE_BOUND('',#1062,.T.);
#1062=EDGE_LOOP('',(#1063,#1070,#1025,#1071));
#1063=ORIENTED_EDGE('',*,*,#1064,.T.);
#1064=EDGE_CURVE('',#1065,#931,#1067,.T.);
#1065=VERTEX_POINT('',#1066);
#1066=CARTESIAN_POINT('',(-2.26621954191,-4.833346713097,4.7));
#1067=CIRCLE('',#1068,0.6);
#1068=AXIS2_PLACEMENT_3D('',#1069,#535,#530);
#1069=CARTESIAN_POINT('',(-2.26621954191,-4.833346713097,5.3));
#1070=ORIENTED_EDGE('',*,*,#938,.T.);
#1071=ORIENTED_EDGE('',*,*,#1072,.F.);
#1072=EDGE_CURVE('',#1065,#1027,#1073,.T.);
#1073=LINE('',#1066,#940);
#1074=CYLINDRICAL_SURFACE('',#1075,0.6);
#1075=AXIS2_PLACEMENT_3D('',#1069,#756,#91);
#1076=ADVANCED_FACE('',(#1077),#1091,.F.);
#1077=FACE_BOUND('',#1078,.F.);
#1078=EDGE_LOOP('',(#1048,#1079,#1085,#1090));
#1079=ORIENTED_EDGE('',*,*,#1080,.T.);
#1080=EDGE_CURVE('',#1050,#1081,#1083,.T.);
#1081=VERTEX_POINT('',#1082);
#1082=CARTESIAN_POINT('',(14.397484602151,1.466653286903,4.7));
#1083=CIRCLE('',#1084,1.6);
#1084=AXIS2_PLACEMENT_3D('',#960,#91,#61);
#1085=ORIENTED_EDGE('',*,*,#1086,.T.);
#1086=EDGE_CURVE('',#1081,#949,#1087,.T.);
#1087=CIRCLE('',#1088,0.6);
#1088=AXIS2_PLACEMENT_3D('',#1089,#510,#503);
#1089=CARTESIAN_POINT('',(14.397484602151,1.466653286903,5.3));
#1090=ORIENTED_EDGE('',*,*,#948,.F.);
#1091=TOROIDAL_SURFACE('',#952,1.6,0.6);
#1092=ADVANCED_FACE('',(#1093),#1107,.F.);
#1093=FACE_BOUND('',#1094,.F.);
#1094=EDGE_LOOP('',(#1095,#1102,#1063,#1106));
#1095=ORIENTED_EDGE('',*,*,#1096,.F.);
#1096=EDGE_CURVE('',#1097,#966,#1099,.T.);
#1097=VERTEX_POINT('',#1098);
#1098=CARTESIAN_POINT('',(-0.688040683636,-6.17,4.7));
#1099=CIRCLE('',#1100,0.6);
#1100=AXIS2_PLACEMENT_3D('',#1101,#14,#91);
#1101=CARTESIAN_POINT('',(-0.688040683636,-6.17,5.3));
#1102=ORIENTED_EDGE('',*,*,#1103,.T.);
#1103=EDGE_CURVE('',#1097,#1065,#1104,.T.);
#1104=CIRCLE('',#1105,1.6);
#1105=AXIS2_PLACEMENT_3D('',#977,#91,#45);
#1106=ORIENTED_EDGE('',*,*,#971,.F.);
#1107=TOROIDAL_SURFACE('',#973,1.6,0.6);
#1108=ADVANCED_FACE('',(#1109),#1122,.F.);
#1109=FACE_BOUND('',#1110,.T.);
#1110=EDGE_LOOP('',(#1085,#1111,#1112,#1119));
#1111=ORIENTED_EDGE('',*,*,#988,.T.);
#1112=ORIENTED_EDGE('',*,*,#1113,.F.);
#1113=EDGE_CURVE('',#1114,#983,#1116,.T.);
#1114=VERTEX_POINT('',#1115);
#1115=CARTESIAN_POINT('',(13.34621954191,-4.833346713097,4.7));
#1116=CIRCLE('',#1117,0.6);
#1117=AXIS2_PLACEMENT_3D('',#1118,#510,#503);
#1118=CARTESIAN_POINT('',(13.34621954191,-4.833346713097,5.3));
#1119=ORIENTED_EDGE('',*,*,#1120,.F.);
#1120=EDGE_CURVE('',#1081,#1114,#1121,.T.);
#1121=LINE('',#1082,#990);
#1122=CYLINDRICAL_SURFACE('',#1123,0.6);
#1123=AXIS2_PLACEMENT_3D('',#1089,#810,#91);
#1124=ADVANCED_FACE('',(#1125),#1138,.F.);
#1125=FACE_BOUND('',#1126,.T.);
#1126=EDGE_LOOP('',(#1127,#1134,#1095,#1135));
#1127=ORIENTED_EDGE('',*,*,#1128,.T.);
#1128=EDGE_CURVE('',#1129,#1000,#1131,.T.);
#1129=VERTEX_POINT('',#1130);
#1130=CARTESIAN_POINT('',(11.768040683636,-6.17,4.7));
#1131=CIRCLE('',#1132,0.6);
#1132=AXIS2_PLACEMENT_3D('',#1133,#14,#45);
#1133=CARTESIAN_POINT('',(11.768040683636,-6.17,5.3));
#1134=ORIENTED_EDGE('',*,*,#999,.T.);
#1135=ORIENTED_EDGE('',*,*,#1136,.F.);
#1136=EDGE_CURVE('',#1129,#1097,#1137,.T.);
#1137=LINE('',#1130,#36);
#1138=CYLINDRICAL_SURFACE('',#1139,0.6);
#1139=AXIS2_PLACEMENT_3D('',#1133,#37,#91);
#1140=ADVANCED_FACE('',(#1141),#1148,.F.);
#1141=FACE_BOUND('',#1142,.F.);
#1142=EDGE_LOOP('',(#1112,#1143,#1127,#1147));
#1143=ORIENTED_EDGE('',*,*,#1144,.T.);
#1144=EDGE_CURVE('',#1114,#1129,#1145,.T.);
#1145=CIRCLE('',#1146,1.6);
#1146=AXIS2_PLACEMENT_3D('',#1021,#91,#503);
#1147=ORIENTED_EDGE('',*,*,#1015,.F.);
#1148=TOROIDAL_SURFACE('',#1017,1.6,0.6);
#1149=ADVANCED_FACE('',(#1150,#1156,#1208,#1217),#1226,.T.);
#1150=FACE_BOUND('',#1151,.T.);
#1151=EDGE_LOOP('',(#1143,#1152,#1102,#1153,#1032,#1154,#1079,#1155));
#1152=ORIENTED_EDGE('',*,*,#1136,.T.);
#1153=ORIENTED_EDGE('',*,*,#1072,.T.);
#1154=ORIENTED_EDGE('',*,*,#1056,.T.);
#1155=ORIENTED_EDGE('',*,*,#1120,.T.);
#1156=FACE_BOUND('',#1157,.T.);
#1157=EDGE_LOOP('',(#1158,#1165,#1172,#1178,#1185,#1190,#1197,#1203));
#1158=ORIENTED_EDGE('',*,*,#1159,.T.);
#1159=EDGE_CURVE('',#1160,#1162,#1164,.T.);
#1160=VERTEX_POINT('',#1161);
#1161=CARTESIAN_POINT('',(19.94,4.73,4.7));
#1162=VERTEX_POINT('',#1163);
#1163=CARTESIAN_POINT('',(-8.86,4.73,4.7));
#1164=LINE('',#1161,#36);
#1165=ORIENTED_EDGE('',*,*,#1166,.T.);
#1166=EDGE_CURVE('',#1162,#1167,#1169,.T.);
#1167=VERTEX_POINT('',#1168);
#1168=CARTESIAN_POINT('',(-9.76,3.83,4.7));
#1169=CIRCLE('',#1170,0.9);
#1170=AXIS2_PLACEMENT_3D('',#1171,#13,#61);
#1171=CARTESIAN_POINT('',(-8.86,3.83,4.7));
#1172=ORIENTED_EDGE('',*,*,#1173,.T.);
#1173=EDGE_CURVE('',#1167,#1174,#1176,.T.);
#1174=VERTEX_POINT('',#1175);
#1175=CARTESIAN_POINT('',(-9.76,-6.67,4.7));
#1176=LINE('',#1168,#1177);
#1177=VECTOR('',#45,1.);
#1178=ORIENTED_EDGE('',*,*,#1179,.T.);
#1179=EDGE_CURVE('',#1174,#1180,#1182,.T.);
#1180=VERTEX_POINT('',#1181);
#1181=CARTESIAN_POINT('',(-8.86,-7.57,4.7));
#1182=CIRCLE('',#1183,0.9);
#1183=AXIS2_PLACEMENT_3D('',#1184,#13,#37);
#1184=CARTESIAN_POINT('',(-8.86,-6.67,4.7));
#1185=ORIENTED_EDGE('',*,*,#1186,.T.);
#1186=EDGE_CURVE('',#1180,#1187,#1189,.T.);
#1187=VERTEX_POINT('',#1188);
#1188=CARTESIAN_POINT('',(19.94,-7.57,4.7));
#1189=LINE('',#1181,#68);
#1190=ORIENTED_EDGE('',*,*,#1191,.T.);
#1191=EDGE_CURVE('',#1187,#1192,#1194,.T.);
#1192=VERTEX_POINT('',#1193);
#1193=CARTESIAN_POINT('',(20.84,-6.67,4.7));
#1194=CIRCLE('',#1195,0.9);
#1195=AXIS2_PLACEMENT_3D('',#1196,#13,#45);
#1196=CARTESIAN_POINT('',(19.94,-6.67,4.7));
#1197=ORIENTED_EDGE('',*,*,#1198,.T.);
#1198=EDGE_CURVE('',#1192,#1199,#1201,.T.);
#1199=VERTEX_POINT('',#1200);
#1200=CARTESIAN_POINT('',(20.84,3.83,4.7));
#1201=LINE('',#1193,#1202);
#1202=VECTOR('',#61,1.);
#1203=ORIENTED_EDGE('',*,*,#1204,.T.);
#1204=EDGE_CURVE('',#1199,#1160,#1205,.T.);
#1205=CIRCLE('',#1206,0.9);
#1206=AXIS2_PLACEMENT_3D('',#1207,#13,#14);
#1207=CARTESIAN_POINT('',(19.94,3.83,4.7));
#1208=FACE_BOUND('',#1209,.T.);
#1209=EDGE_LOOP('',(#1210));
#1210=ORIENTED_EDGE('',*,*,#1211,.F.);
#1211=EDGE_CURVE('',#1212,#1212,#1214,.T.);
#1212=VERTEX_POINT('',#1213);
#1213=CARTESIAN_POINT('',(-5.26,-1.42,4.7));
#1214=CIRCLE('',#1215,1.7);
#1215=AXIS2_PLACEMENT_3D('',#1216,#13,#14);
#1216=CARTESIAN_POINT('',(-6.96,-1.42,4.7));
#1217=FACE_BOUND('',#1218,.T.);
#1218=EDGE_LOOP('',(#1219));
#1219=ORIENTED_EDGE('',*,*,#1220,.F.);
#1220=EDGE_CURVE('',#1221,#1221,#1223,.T.);
#1221=VERTEX_POINT('',#1222);
#1222=CARTESIAN_POINT('',(19.74,-1.42,4.7));
#1223=CIRCLE('',#1224,1.7);
#1224=AXIS2_PLACEMENT_3D('',#1225,#13,#14);
#1225=CARTESIAN_POINT('',(18.04,-1.42,4.7));
#1226=PLANE('',#1227);
#1227=AXIS2_PLACEMENT_3D('',#1228,#13,#14);
#1228=CARTESIAN_POINT('',(5.54,-1.42,4.7));
#1229=ADVANCED_FACE('',(#1230),#1249,.T.);
#1230=FACE_BOUND('',#1231,.F.);
#1231=EDGE_LOOP('',(#1232,#1158,#1239,#1246));
#1232=ORIENTED_EDGE('',*,*,#1233,.T.);
#1233=EDGE_CURVE('',#1234,#1160,#1236,.T.);
#1234=VERTEX_POINT('',#1235);
#1235=CARTESIAN_POINT('',(19.94,4.83,4.6));
#1236=CIRCLE('',#1237,0.1);
#1237=AXIS2_PLACEMENT_3D('',#1238,#14,#61);
#1238=CARTESIAN_POINT('',(19.94,4.73,4.6));
#1239=ORIENTED_EDGE('',*,*,#1240,.F.);
#1240=EDGE_CURVE('',#1241,#1162,#1243,.T.);
#1241=VERTEX_POINT('',#1242);
#1242=CARTESIAN_POINT('',(-8.86,4.83,4.6));
#1243=CIRCLE('',#1244,0.1);
#1244=AXIS2_PLACEMENT_3D('',#1245,#14,#61);
#1245=CARTESIAN_POINT('',(-8.86,4.73,4.6));
#1246=ORIENTED_EDGE('',*,*,#1247,.F.);
#1247=EDGE_CURVE('',#1234,#1241,#1248,.T.);
#1248=LINE('',#1235,#36);
#1249=CYLINDRICAL_SURFACE('',#1250,0.1);
#1250=AXIS2_PLACEMENT_3D('',#1238,#37,#61);
#1251=ADVANCED_FACE('',(#1252),#1267,.T.);
#1252=FACE_BOUND('',#1253,.T.);
#1253=EDGE_LOOP('',(#1254,#1261,#1232,#1266));
#1254=ORIENTED_EDGE('',*,*,#1255,.F.);
#1255=EDGE_CURVE('',#1256,#1199,#1258,.T.);
#1256=VERTEX_POINT('',#1257);
#1257=CARTESIAN_POINT('',(20.94,3.83,4.6));
#1258=CIRCLE('',#1259,0.1);
#1259=AXIS2_PLACEMENT_3D('',#1260,#45,#14);
#1260=CARTESIAN_POINT('',(20.84,3.83,4.6));
#1261=ORIENTED_EDGE('',*,*,#1262,.T.);
#1262=EDGE_CURVE('',#1256,#1234,#1263,.T.);
#1263=CIRCLE('',#1264,1.);
#1264=AXIS2_PLACEMENT_3D('',#1265,#13,#14);
#1265=CARTESIAN_POINT('',(19.94,3.83,4.6));
#1266=ORIENTED_EDGE('',*,*,#1204,.F.);
#1267=TOROIDAL_SURFACE('',#1264,0.9,0.1);
#1268=ADVANCED_FACE('',(#1269),#1284,.T.);
#1269=FACE_BOUND('',#1270,.T.);
#1270=EDGE_LOOP('',(#1239,#1271,#1278,#1283));
#1271=ORIENTED_EDGE('',*,*,#1272,.T.);
#1272=EDGE_CURVE('',#1241,#1273,#1275,.T.);
#1273=VERTEX_POINT('',#1274);
#1274=CARTESIAN_POINT('',(-9.86,3.83,4.6));
#1275=CIRCLE('',#1276,1.);
#1276=AXIS2_PLACEMENT_3D('',#1277,#13,#61);
#1277=CARTESIAN_POINT('',(-8.86,3.83,4.6));
#1278=ORIENTED_EDGE('',*,*,#1279,.T.);
#1279=EDGE_CURVE('',#1273,#1167,#1280,.T.);
#1280=CIRCLE('',#1281,0.1);
#1281=AXIS2_PLACEMENT_3D('',#1282,#61,#37);
#1282=CARTESIAN_POINT('',(-9.76,3.83,4.6));
#1283=ORIENTED_EDGE('',*,*,#1166,.F.);
#1284=TOROIDAL_SURFACE('',#1276,0.9,0.1);
#1285=ADVANCED_FACE('',(#1286),#1298,.T.);
#1286=FACE_BOUND('',#1287,.F.);
#1287=EDGE_LOOP('',(#1288,#1197,#1254,#1295));
#1288=ORIENTED_EDGE('',*,*,#1289,.T.);
#1289=EDGE_CURVE('',#1290,#1192,#1292,.T.);
#1290=VERTEX_POINT('',#1291);
#1291=CARTESIAN_POINT('',(20.94,-6.67,4.6));
#1292=CIRCLE('',#1293,0.1);
#1293=AXIS2_PLACEMENT_3D('',#1294,#45,#14);
#1294=CARTESIAN_POINT('',(20.84,-6.67,4.6));
#1295=ORIENTED_EDGE('',*,*,#1296,.F.);
#1296=EDGE_CURVE('',#1290,#1256,#1297,.T.);
#1297=LINE('',#1291,#1202);
#1298=CYLINDRICAL_SURFACE('',#1299,0.1);
#1299=AXIS2_PLACEMENT_3D('',#1294,#61,#14);
#1300=ADVANCED_FACE('',(#1301),#1313,.T.);
#1301=FACE_BOUND('',#1302,.F.);
#1302=EDGE_LOOP('',(#1278,#1172,#1303,#1310));
#1303=ORIENTED_EDGE('',*,*,#1304,.F.);
#1304=EDGE_CURVE('',#1305,#1174,#1307,.T.);
#1305=VERTEX_POINT('',#1306);
#1306=CARTESIAN_POINT('',(-9.86,-6.67,4.6));
#1307=CIRCLE('',#1308,0.1);
#1308=AXIS2_PLACEMENT_3D('',#1309,#61,#37);
#1309=CARTESIAN_POINT('',(-9.76,-6.67,4.6));
#1310=ORIENTED_EDGE('',*,*,#1311,.F.);
#1311=EDGE_CURVE('',#1273,#1305,#1312,.T.);
#1312=LINE('',#1274,#1177);
#1313=CYLINDRICAL_SURFACE('',#1314,0.1);
#1314=AXIS2_PLACEMENT_3D('',#1282,#45,#37);
#1315=ADVANCED_FACE('',(#1316),#1331,.T.);
#1316=FACE_BOUND('',#1317,.T.);
#1317=EDGE_LOOP('',(#1318,#1325,#1288,#1330));
#1318=ORIENTED_EDGE('',*,*,#1319,.F.);
#1319=EDGE_CURVE('',#1320,#1187,#1322,.T.);
#1320=VERTEX_POINT('',#1321);
#1321=CARTESIAN_POINT('',(19.94,-7.67,4.6));
#1322=CIRCLE('',#1323,0.1);
#1323=AXIS2_PLACEMENT_3D('',#1324,#37,#45);
#1324=CARTESIAN_POINT('',(19.94,-7.57,4.6));
#1325=ORIENTED_EDGE('',*,*,#1326,.T.);
#1326=EDGE_CURVE('',#1320,#1290,#1327,.T.);
#1327=CIRCLE('',#1328,1.);
#1328=AXIS2_PLACEMENT_3D('',#1329,#13,#45);
#1329=CARTESIAN_POINT('',(19.94,-6.67,4.6));
#1330=ORIENTED_EDGE('',*,*,#1191,.F.);
#1331=TOROIDAL_SURFACE('',#1328,0.9,0.1);
#1332=ADVANCED_FACE('',(#1333),#1348,.T.);
#1333=FACE_BOUND('',#1334,.T.);
#1334=EDGE_LOOP('',(#1303,#1335,#1342,#1347));
#1335=ORIENTED_EDGE('',*,*,#1336,.T.);
#1336=EDGE_CURVE('',#1305,#1337,#1339,.T.);
#1337=VERTEX_POINT('',#1338);
#1338=CARTESIAN_POINT('',(-8.86,-7.67,4.6));
#1339=CIRCLE('',#1340,1.);
#1340=AXIS2_PLACEMENT_3D('',#1341,#13,#37);
#1341=CARTESIAN_POINT('',(-8.86,-6.67,4.6));
#1342=ORIENTED_EDGE('',*,*,#1343,.T.);
#1343=EDGE_CURVE('',#1337,#1180,#1344,.T.);
#1344=CIRCLE('',#1345,0.1);
#1345=AXIS2_PLACEMENT_3D('',#1346,#37,#45);
#1346=CARTESIAN_POINT('',(-8.86,-7.57,4.6));
#1347=ORIENTED_EDGE('',*,*,#1179,.F.);
#1348=TOROIDAL_SURFACE('',#1340,0.9,0.1);
#1349=ADVANCED_FACE('',(#1350),#1355,.T.);
#1350=FACE_BOUND('',#1351,.F.);
#1351=EDGE_LOOP('',(#1342,#1185,#1318,#1352));
#1352=ORIENTED_EDGE('',*,*,#1353,.F.);
#1353=EDGE_CURVE('',#1337,#1320,#1354,.T.);
#1354=LINE('',#1338,#68);
#1355=CYLINDRICAL_SURFACE('',#1356,0.1);
#1356=AXIS2_PLACEMENT_3D('',#1346,#14,#45);
#1357=ADVANCED_FACE('',(#1358),#1374,.T.);
#1358=FACE_BOUND('',#1359,.F.);
#1359=EDGE_LOOP('',(#1360,#1367,#1372,#1373));
#1360=ORIENTED_EDGE('',*,*,#1361,.F.);
#1361=EDGE_CURVE('',#1362,#1212,#1364,.T.);
#1362=VERTEX_POINT('',#1363);
#1363=CARTESIAN_POINT('',(-5.36,-1.42,4.6));
#1364=CIRCLE('',#1365,0.1);
#1365=AXIS2_PLACEMENT_3D('',#1366,#61,#14);
#1366=CARTESIAN_POINT('',(-5.26,-1.42,4.6));
#1367=ORIENTED_EDGE('',*,*,#1368,.F.);
#1368=EDGE_CURVE('',#1362,#1362,#1369,.T.);
#1369=CIRCLE('',#1370,1.6);
#1370=AXIS2_PLACEMENT_3D('',#1371,#13,#14);
#1371=CARTESIAN_POINT('',(-6.96,-1.42,4.6));
#1372=ORIENTED_EDGE('',*,*,#1361,.T.);
#1373=ORIENTED_EDGE('',*,*,#1211,.T.);
#1374=TOROIDAL_SURFACE('',#1375,1.7,0.1);
#1375=AXIS2_PLACEMENT_3D('',#1371,#91,#14);
#1376=ADVANCED_FACE('',(#1377),#1393,.T.);
#1377=FACE_BOUND('',#1378,.F.);
#1378=EDGE_LOOP('',(#1379,#1386,#1391,#1392));
#1379=ORIENTED_EDGE('',*,*,#1380,.F.);
#1380=EDGE_CURVE('',#1381,#1221,#1383,.T.);
#1381=VERTEX_POINT('',#1382);
#1382=CARTESIAN_POINT('',(19.64,-1.42,4.6));
#1383=CIRCLE('',#1384,0.1);
#1384=AXIS2_PLACEMENT_3D('',#1385,#61,#14);
#1385=CARTESIAN_POINT('',(19.74,-1.42,4.6));
#1386=ORIENTED_EDGE('',*,*,#1387,.F.);
#1387=EDGE_CURVE('',#1381,#1381,#1388,.T.);
#1388=CIRCLE('',#1389,1.6);
#1389=AXIS2_PLACEMENT_3D('',#1390,#13,#14);
#1390=CARTESIAN_POINT('',(18.04,-1.42,4.6));
#1391=ORIENTED_EDGE('',*,*,#1380,.T.);
#1392=ORIENTED_EDGE('',*,*,#1220,.T.);
#1393=TOROIDAL_SURFACE('',#1394,1.7,0.1);
#1394=AXIS2_PLACEMENT_3D('',#1390,#91,#14);
#1395=ADVANCED_FACE('',(#1396),#1414,.F.);
#1396=FACE_BOUND('',#1397,.F.);
#1397=EDGE_LOOP('',(#1398,#1404,#1409,#1413));
#1398=ORIENTED_EDGE('',*,*,#1399,.F.);
#1399=EDGE_CURVE('',#1400,#1241,#1402,.T.);
#1400=VERTEX_POINT('',#1401);
#1401=CARTESIAN_POINT('',(-8.86,4.83,4.4));
#1402=LINE('',#1403,#176);
#1403=CARTESIAN_POINT('',(-8.86,4.83,4.3));
#1404=ORIENTED_EDGE('',*,*,#1405,.F.);
#1405=EDGE_CURVE('',#1406,#1400,#1408,.T.);
#1406=VERTEX_POINT('',#1407);
#1407=CARTESIAN_POINT('',(19.94,4.83,4.4));
#1408=LINE('',#1407,#36);
#1409=ORIENTED_EDGE('',*,*,#1410,.T.);
#1410=EDGE_CURVE('',#1406,#1234,#1411,.T.);
#1411=LINE('',#1412,#176);
#1412=CARTESIAN_POINT('',(19.94,4.83,4.3));
#1413=ORIENTED_EDGE('',*,*,#1247,.T.);
#1414=PLANE('',#1415);
#1415=AXIS2_PLACEMENT_3D('',#1416,#45,#37);
#1416=CARTESIAN_POINT('',(20.94,4.83,4.3));
#1417=ADVANCED_FACE('',(#1418),#1432,.T.);
#1418=FACE_BOUND('',#1419,.T.);
#1419=EDGE_LOOP('',(#1420,#1426,#1409,#1431));
#1420=ORIENTED_EDGE('',*,*,#1421,.F.);
#1421=EDGE_CURVE('',#1422,#1256,#1424,.T.);
#1422=VERTEX_POINT('',#1423);
#1423=CARTESIAN_POINT('',(20.94,3.83,4.4));
#1424=LINE('',#1425,#176);
#1425=CARTESIAN_POINT('',(20.94,3.83,4.3));
#1426=ORIENTED_EDGE('',*,*,#1427,.T.);
#1427=EDGE_CURVE('',#1422,#1406,#1428,.T.);
#1428=CIRCLE('',#1429,1.);
#1429=AXIS2_PLACEMENT_3D('',#1430,#13,#14);
#1430=CARTESIAN_POINT('',(19.94,3.83,4.4));
#1431=ORIENTED_EDGE('',*,*,#1262,.F.);
#1432=CYLINDRICAL_SURFACE('',#1433,1.);
#1433=AXIS2_PLACEMENT_3D('',#1434,#13,#14);
#1434=CARTESIAN_POINT('',(19.94,3.83,4.3));
#1435=ADVANCED_FACE('',(#1436),#1450,.T.);
#1436=FACE_BOUND('',#1437,.T.);
#1437=EDGE_LOOP('',(#1398,#1438,#1445,#1449));
#1438=ORIENTED_EDGE('',*,*,#1439,.T.);
#1439=EDGE_CURVE('',#1400,#1440,#1442,.T.);
#1440=VERTEX_POINT('',#1441);
#1441=CARTESIAN_POINT('',(-9.86,3.83,4.4));
#1442=CIRCLE('',#1443,1.);
#1443=AXIS2_PLACEMENT_3D('',#1444,#13,#61);
#1444=CARTESIAN_POINT('',(-8.86,3.83,4.4));
#1445=ORIENTED_EDGE('',*,*,#1446,.T.);
#1446=EDGE_CURVE('',#1440,#1273,#1447,.T.);
#1447=LINE('',#1448,#176);
#1448=CARTESIAN_POINT('',(-9.86,3.83,4.3));
#1449=ORIENTED_EDGE('',*,*,#1272,.F.);
#1450=CYLINDRICAL_SURFACE('',#1451,1.);
#1451=AXIS2_PLACEMENT_3D('',#1452,#13,#61);
#1452=CARTESIAN_POINT('',(-8.86,3.83,4.3));
#1453=ADVANCED_FACE('',(#1454),#1466,.F.);
#1454=FACE_BOUND('',#1455,.F.);
#1455=EDGE_LOOP('',(#1420,#1456,#1461,#1465));
#1456=ORIENTED_EDGE('',*,*,#1457,.F.);
#1457=EDGE_CURVE('',#1458,#1422,#1460,.T.);
#1458=VERTEX_POINT('',#1459);
#1459=CARTESIAN_POINT('',(20.94,-6.67,4.4));
#1460=LINE('',#1459,#1202);
#1461=ORIENTED_EDGE('',*,*,#1462,.T.);
#1462=EDGE_CURVE('',#1458,#1290,#1463,.T.);
#1463=LINE('',#1464,#176);
#1464=CARTESIAN_POINT('',(20.94,-6.67,4.3));
#1465=ORIENTED_EDGE('',*,*,#1296,.T.);
#1466=PLANE('',#1467);
#1467=AXIS2_PLACEMENT_3D('',#1468,#37,#61);
#1468=CARTESIAN_POINT('',(20.94,-7.67,4.3));
#1469=ADVANCED_FACE('',(#1470),#1482,.F.);
#1470=FACE_BOUND('',#1471,.F.);
#1471=EDGE_LOOP('',(#1445,#1472,#1473,#1479));
#1472=ORIENTED_EDGE('',*,*,#1311,.T.);
#1473=ORIENTED_EDGE('',*,*,#1474,.F.);
#1474=EDGE_CURVE('',#1475,#1305,#1477,.T.);
#1475=VERTEX_POINT('',#1476);
#1476=CARTESIAN_POINT('',(-9.86,-6.67,4.4));
#1477=LINE('',#1478,#176);
#1478=CARTESIAN_POINT('',(-9.86,-6.67,4.3));
#1479=ORIENTED_EDGE('',*,*,#1480,.F.);
#1480=EDGE_CURVE('',#1440,#1475,#1481,.T.);
#1481=LINE('',#1441,#1177);
#1482=PLANE('',#1483);
#1483=AXIS2_PLACEMENT_3D('',#1484,#14,#45);
#1484=CARTESIAN_POINT('',(-9.86,4.83,4.3));
#1485=ADVANCED_FACE('',(#1486),#1500,.T.);
#1486=FACE_BOUND('',#1487,.T.);
#1487=EDGE_LOOP('',(#1488,#1494,#1461,#1499));
#1488=ORIENTED_EDGE('',*,*,#1489,.F.);
#1489=EDGE_CURVE('',#1490,#1320,#1492,.T.);
#1490=VERTEX_POINT('',#1491);
#1491=CARTESIAN_POINT('',(19.94,-7.67,4.4));
#1492=LINE('',#1493,#176);
#1493=CARTESIAN_POINT('',(19.94,-7.67,4.3));
#1494=ORIENTED_EDGE('',*,*,#1495,.T.);
#1495=EDGE_CURVE('',#1490,#1458,#1496,.T.);
#1496=CIRCLE('',#1497,1.);
#1497=AXIS2_PLACEMENT_3D('',#1498,#13,#45);
#1498=CARTESIAN_POINT('',(19.94,-6.67,4.4));
#1499=ORIENTED_EDGE('',*,*,#1326,.F.);
#1500=CYLINDRICAL_SURFACE('',#1501,1.);
#1501=AXIS2_PLACEMENT_3D('',#1502,#13,#45);
#1502=CARTESIAN_POINT('',(19.94,-6.67,4.3));
#1503=ADVANCED_FACE('',(#1504),#1518,.T.);
#1504=FACE_BOUND('',#1505,.F.);
#1505=EDGE_LOOP('',(#1506,#1512,#1517,#1335));
#1506=ORIENTED_EDGE('',*,*,#1507,.F.);
#1507=EDGE_CURVE('',#1508,#1337,#1510,.T.);
#1508=VERTEX_POINT('',#1509);
#1509=CARTESIAN_POINT('',(-8.86,-7.67,4.4));
#1510=LINE('',#1511,#176);
#1511=CARTESIAN_POINT('',(-8.86,-7.67,4.3));
#1512=ORIENTED_EDGE('',*,*,#1513,.F.);
#1513=EDGE_CURVE('',#1475,#1508,#1514,.T.);
#1514=CIRCLE('',#1515,1.);
#1515=AXIS2_PLACEMENT_3D('',#1516,#13,#37);
#1516=CARTESIAN_POINT('',(-8.86,-6.67,4.4));
#1517=ORIENTED_EDGE('',*,*,#1474,.T.);
#1518=CYLINDRICAL_SURFACE('',#1519,1.);
#1519=AXIS2_PLACEMENT_3D('',#1520,#13,#45);
#1520=CARTESIAN_POINT('',(-8.86,-6.67,4.3));
#1521=ADVANCED_FACE('',(#1522),#1529,.F.);
#1522=FACE_BOUND('',#1523,.F.);
#1523=EDGE_LOOP('',(#1488,#1524,#1527,#1528));
#1524=ORIENTED_EDGE('',*,*,#1525,.F.);
#1525=EDGE_CURVE('',#1508,#1490,#1526,.T.);
#1526=LINE('',#1509,#68);
#1527=ORIENTED_EDGE('',*,*,#1507,.T.);
#1528=ORIENTED_EDGE('',*,*,#1353,.T.);
#1529=PLANE('',#1530);
#1530=AXIS2_PLACEMENT_3D('',#1531,#61,#14);
#1531=CARTESIAN_POINT('',(-9.86,-7.67,4.3));
#1532=ADVANCED_FACE('',(#1533),#1548,.F.);
#1533=FACE_BOUND('',#1534,.F.);
#1534=EDGE_LOOP('',(#1535,#1367,#1542,#1543));
#1535=ORIENTED_EDGE('',*,*,#1536,.F.);
#1536=EDGE_CURVE('',#1362,#1537,#1539,.T.);
#1537=VERTEX_POINT('',#1538);
#1538=CARTESIAN_POINT('',(-5.36,-1.42,4.4));
#1539=LINE('',#1540,#1541);
#1540=CARTESIAN_POINT('',(-5.36,-1.42,4.8));
#1541=VECTOR('',#91,1.);
#1542=ORIENTED_EDGE('',*,*,#1536,.T.);
#1543=ORIENTED_EDGE('',*,*,#1544,.T.);
#1544=EDGE_CURVE('',#1537,#1537,#1545,.T.);
#1545=CIRCLE('',#1546,1.6);
#1546=AXIS2_PLACEMENT_3D('',#1547,#13,#14);
#1547=CARTESIAN_POINT('',(-6.96,-1.42,4.4));
#1548=CYLINDRICAL_SURFACE('',#1549,1.6);
#1549=AXIS2_PLACEMENT_3D('',#1550,#13,#14);
#1550=CARTESIAN_POINT('',(-6.96,-1.42,4.8));
#1551=ADVANCED_FACE('',(#1552),#1566,.F.);
#1552=FACE_BOUND('',#1553,.F.);
#1553=EDGE_LOOP('',(#1554,#1386,#1560,#1561));
#1554=ORIENTED_EDGE('',*,*,#1555,.F.);
#1555=EDGE_CURVE('',#1381,#1556,#1558,.T.);
#1556=VERTEX_POINT('',#1557);
#1557=CARTESIAN_POINT('',(19.64,-1.42,4.4));
#1558=LINE('',#1559,#1541);
#1559=CARTESIAN_POINT('',(19.64,-1.42,4.8));
#1560=ORIENTED_EDGE('',*,*,#1555,.T.);
#1561=ORIENTED_EDGE('',*,*,#1562,.T.);
#1562=EDGE_CURVE('',#1556,#1556,#1563,.T.);
#1563=CIRCLE('',#1564,1.6);
#1564=AXIS2_PLACEMENT_3D('',#1565,#13,#14);
#1565=CARTESIAN_POINT('',(18.04,-1.42,4.4));
#1566=CYLINDRICAL_SURFACE('',#1567,1.6);
#1567=AXIS2_PLACEMENT_3D('',#1568,#13,#14);
#1568=CARTESIAN_POINT('',(18.04,-1.42,4.8));
#1569=ADVANCED_FACE('',(#1570),#1589,.T.);
#1570=FACE_BOUND('',#1571,.T.);
#1571=EDGE_LOOP('',(#1572,#1579,#1584,#1404));
#1572=ORIENTED_EDGE('',*,*,#1573,.T.);
#1573=EDGE_CURVE('',#1406,#1574,#1576,.T.);
#1574=VERTEX_POINT('',#1575);
#1575=CARTESIAN_POINT('',(19.94,4.73,4.3));
#1576=CIRCLE('',#1577,0.1);
#1577=AXIS2_PLACEMENT_3D('',#1578,#37,#61);
#1578=CARTESIAN_POINT('',(19.94,4.73,4.4));
#1579=ORIENTED_EDGE('',*,*,#1580,.T.);
#1580=EDGE_CURVE('',#1574,#1581,#1583,.T.);
#1581=VERTEX_POINT('',#1582);
#1582=CARTESIAN_POINT('',(-8.86,4.73,4.3));
#1583=LINE('',#1575,#36);
#1584=ORIENTED_EDGE('',*,*,#1585,.F.);
#1585=EDGE_CURVE('',#1400,#1581,#1586,.T.);
#1586=CIRCLE('',#1587,0.1);
#1587=AXIS2_PLACEMENT_3D('',#1588,#37,#61);
#1588=CARTESIAN_POINT('',(-8.86,4.73,4.4));
#1589=CYLINDRICAL_SURFACE('',#1577,0.1);
#1590=ADVANCED_FACE('',(#1591),#1603,.T.);
#1591=FACE_BOUND('',#1592,.F.);
#1592=EDGE_LOOP('',(#1593,#1426,#1572,#1600));
#1593=ORIENTED_EDGE('',*,*,#1594,.F.);
#1594=EDGE_CURVE('',#1422,#1595,#1597,.T.);
#1595=VERTEX_POINT('',#1596);
#1596=CARTESIAN_POINT('',(20.84,3.83,4.3));
#1597=CIRCLE('',#1598,0.1);
#1598=AXIS2_PLACEMENT_3D('',#1599,#61,#14);
#1599=CARTESIAN_POINT('',(20.84,3.83,4.4));
#1600=ORIENTED_EDGE('',*,*,#1601,.F.);
#1601=EDGE_CURVE('',#1595,#1574,#1602,.T.);
#1602=CIRCLE('',#1433,0.9);
#1603=TOROIDAL_SURFACE('',#1604,0.9,0.1);
#1604=AXIS2_PLACEMENT_3D('',#1430,#91,#14);
#1605=ADVANCED_FACE('',(#1606),#1618,.T.);
#1606=FACE_BOUND('',#1607,.F.);
#1607=EDGE_LOOP('',(#1584,#1438,#1608,#1615));
#1608=ORIENTED_EDGE('',*,*,#1609,.T.);
#1609=EDGE_CURVE('',#1440,#1610,#1612,.T.);
#1610=VERTEX_POINT('',#1611);
#1611=CARTESIAN_POINT('',(-9.76,3.83,4.3));
#1612=CIRCLE('',#1613,0.1);
#1613=AXIS2_PLACEMENT_3D('',#1614,#45,#37);
#1614=CARTESIAN_POINT('',(-9.76,3.83,4.4));
#1615=ORIENTED_EDGE('',*,*,#1616,.F.);
#1616=EDGE_CURVE('',#1581,#1610,#1617,.T.);
#1617=CIRCLE('',#1451,0.9);
#1618=TOROIDAL_SURFACE('',#1619,0.9,0.1);
#1619=AXIS2_PLACEMENT_3D('',#1444,#91,#61);
#1620=ADVANCED_FACE('',(#1621),#1633,.T.);
#1621=FACE_BOUND('',#1622,.T.);
#1622=EDGE_LOOP('',(#1623,#1630,#1593,#1456));
#1623=ORIENTED_EDGE('',*,*,#1624,.T.);
#1624=EDGE_CURVE('',#1458,#1625,#1627,.T.);
#1625=VERTEX_POINT('',#1626);
#1626=CARTESIAN_POINT('',(20.84,-6.67,4.3));
#1627=CIRCLE('',#1628,0.1);
#1628=AXIS2_PLACEMENT_3D('',#1629,#61,#14);
#1629=CARTESIAN_POINT('',(20.84,-6.67,4.4));
#1630=ORIENTED_EDGE('',*,*,#1631,.T.);
#1631=EDGE_CURVE('',#1625,#1595,#1632,.T.);
#1632=LINE('',#1626,#1202);
#1633=CYLINDRICAL_SURFACE('',#1628,0.1);
#1634=ADVANCED_FACE('',(#1635),#1647,.T.);
#1635=FACE_BOUND('',#1636,.T.);
#1636=EDGE_LOOP('',(#1608,#1637,#1642,#1479));
#1637=ORIENTED_EDGE('',*,*,#1638,.T.);
#1638=EDGE_CURVE('',#1610,#1639,#1641,.T.);
#1639=VERTEX_POINT('',#1640);
#1640=CARTESIAN_POINT('',(-9.76,-6.67,4.3));
#1641=LINE('',#1611,#1177);
#1642=ORIENTED_EDGE('',*,*,#1643,.F.);
#1643=EDGE_CURVE('',#1475,#1639,#1644,.T.);
#1644=CIRCLE('',#1645,0.1);
#1645=AXIS2_PLACEMENT_3D('',#1646,#45,#37);
#1646=CARTESIAN_POINT('',(-9.76,-6.67,4.4));
#1647=CYLINDRICAL_SURFACE('',#1613,0.1);
#1648=ADVANCED_FACE('',(#1649),#1661,.T.);
#1649=FACE_BOUND('',#1650,.F.);
#1650=EDGE_LOOP('',(#1651,#1494,#1623,#1658));
#1651=ORIENTED_EDGE('',*,*,#1652,.F.);
#1652=EDGE_CURVE('',#1490,#1653,#1655,.T.);
#1653=VERTEX_POINT('',#1654);
#1654=CARTESIAN_POINT('',(19.94,-7.57,4.3));
#1655=CIRCLE('',#1656,0.1);
#1656=AXIS2_PLACEMENT_3D('',#1657,#14,#45);
#1657=CARTESIAN_POINT('',(19.94,-7.57,4.4));
#1658=ORIENTED_EDGE('',*,*,#1659,.F.);
#1659=EDGE_CURVE('',#1653,#1625,#1660,.T.);
#1660=CIRCLE('',#1501,0.9);
#1661=TOROIDAL_SURFACE('',#1662,0.9,0.1);
#1662=AXIS2_PLACEMENT_3D('',#1498,#91,#45);
#1663=ADVANCED_FACE('',(#1664),#1678,.T.);
#1664=FACE_BOUND('',#1665,.F.);
#1665=EDGE_LOOP('',(#1642,#1666,#1667,#1674));
#1666=ORIENTED_EDGE('',*,*,#1513,.T.);
#1667=ORIENTED_EDGE('',*,*,#1668,.T.);
#1668=EDGE_CURVE('',#1508,#1669,#1671,.T.);
#1669=VERTEX_POINT('',#1670);
#1670=CARTESIAN_POINT('',(-8.86,-7.57,4.3));
#1671=CIRCLE('',#1672,0.1);
#1672=AXIS2_PLACEMENT_3D('',#1673,#14,#45);
#1673=CARTESIAN_POINT('',(-8.86,-7.57,4.4));
#1674=ORIENTED_EDGE('',*,*,#1675,.F.);
#1675=EDGE_CURVE('',#1639,#1669,#1676,.T.);
#1676=CIRCLE('',#1677,0.9);
#1677=AXIS2_PLACEMENT_3D('',#1520,#13,#37);
#1678=TOROIDAL_SURFACE('',#1679,0.9,0.1);
#1679=AXIS2_PLACEMENT_3D('',#1516,#91,#37);
#1680=ADVANCED_FACE('',(#1681),#1686,.T.);
#1681=FACE_BOUND('',#1682,.T.);
#1682=EDGE_LOOP('',(#1667,#1683,#1651,#1524));
#1683=ORIENTED_EDGE('',*,*,#1684,.T.);
#1684=EDGE_CURVE('',#1669,#1653,#1685,.T.);
#1685=LINE('',#1670,#68);
#1686=CYLINDRICAL_SURFACE('',#1672,0.1);
#1687=ADVANCED_FACE('',(#1688),#1703,.T.);
#1688=FACE_BOUND('',#1689,.F.);
#1689=EDGE_LOOP('',(#1690,#1697,#1702,#1543));
#1690=ORIENTED_EDGE('',*,*,#1691,.F.);
#1691=EDGE_CURVE('',#1692,#1537,#1694,.T.);
#1692=VERTEX_POINT('',#1693);
#1693=CARTESIAN_POINT('',(-5.26,-1.42,4.3));
#1694=CIRCLE('',#1695,0.1);
#1695=AXIS2_PLACEMENT_3D('',#1696,#61,#14);
#1696=CARTESIAN_POINT('',(-5.26,-1.42,4.4));
#1697=ORIENTED_EDGE('',*,*,#1698,.F.);
#1698=EDGE_CURVE('',#1692,#1692,#1699,.T.);
#1699=CIRCLE('',#1700,1.7);
#1700=AXIS2_PLACEMENT_3D('',#1701,#13,#14);
#1701=CARTESIAN_POINT('',(-6.96,-1.42,4.3));
#1702=ORIENTED_EDGE('',*,*,#1691,.T.);
#1703=TOROIDAL_SURFACE('',#1704,1.7,0.1);
#1704=AXIS2_PLACEMENT_3D('',#1547,#91,#14);
#1705=ADVANCED_FACE('',(#1706),#1721,.T.);
#1706=FACE_BOUND('',#1707,.F.);
#1707=EDGE_LOOP('',(#1708,#1715,#1720,#1561));
#1708=ORIENTED_EDGE('',*,*,#1709,.F.);
#1709=EDGE_CURVE('',#1710,#1556,#1712,.T.);
#1710=VERTEX_POINT('',#1711);
#1711=CARTESIAN_POINT('',(19.74,-1.42,4.3));
#1712=CIRCLE('',#1713,0.1);
#1713=AXIS2_PLACEMENT_3D('',#1714,#61,#14);
#1714=CARTESIAN_POINT('',(19.74,-1.42,4.4));
#1715=ORIENTED_EDGE('',*,*,#1716,.F.);
#1716=EDGE_CURVE('',#1710,#1710,#1717,.T.);
#1717=CIRCLE('',#1718,1.7);
#1718=AXIS2_PLACEMENT_3D('',#1719,#13,#14);
#1719=CARTESIAN_POINT('',(18.04,-1.42,4.3));
#1720=ORIENTED_EDGE('',*,*,#1709,.T.);
#1721=TOROIDAL_SURFACE('',#1722,1.7,0.1);
#1722=AXIS2_PLACEMENT_3D('',#1565,#91,#14);
#1723=ADVANCED_FACE('',(#1724,#1730,#1732,#1786),#1788,.F.);
#1724=FACE_BOUND('',#1725,.F.);
#1725=EDGE_LOOP('',(#1579,#1726,#1637,#1727,#1683,#1728,#1630,#1729));
#1726=ORIENTED_EDGE('',*,*,#1616,.T.);
#1727=ORIENTED_EDGE('',*,*,#1675,.T.);
#1728=ORIENTED_EDGE('',*,*,#1659,.T.);
#1729=ORIENTED_EDGE('',*,*,#1601,.T.);
#1730=FACE_BOUND('',#1731,.F.);
#1731=EDGE_LOOP('',(#1697));
#1732=FACE_BOUND('',#1733,.F.);
#1733=EDGE_LOOP('',(#1734,#1742,#1749,#1755,#1762,#1768,#1775,#1781));
#1734=ORIENTED_EDGE('',*,*,#1735,.F.);
#1735=EDGE_CURVE('',#1736,#1738,#1740,.T.);
#1736=VERTEX_POINT('',#1737);
#1737=CARTESIAN_POINT('',(14.14,3.73,4.3));
#1738=VERTEX_POINT('',#1739);
#1739=CARTESIAN_POINT('',(-3.06,3.73,4.3));
#1740=LINE('',#1741,#36);
#1741=CARTESIAN_POINT('',(15.14,3.73,4.3));
#1742=ORIENTED_EDGE('',*,*,#1743,.T.);
#1743=EDGE_CURVE('',#1736,#1744,#1746,.T.);
#1744=VERTEX_POINT('',#1745);
#1745=CARTESIAN_POINT('',(15.14,2.73,4.3));
#1746=CIRCLE('',#1747,1.);
#1747=AXIS2_PLACEMENT_3D('',#1748,#91,#45);
#1748=CARTESIAN_POINT('',(14.14,2.73,4.3));
#1749=ORIENTED_EDGE('',*,*,#1750,.F.);
#1750=EDGE_CURVE('',#1751,#1744,#1753,.T.);
#1751=VERTEX_POINT('',#1752);
#1752=CARTESIAN_POINT('',(15.14,-5.57,4.3));
#1753=LINE('',#1754,#1202);
#1754=CARTESIAN_POINT('',(15.14,-6.57,4.3));
#1755=ORIENTED_EDGE('',*,*,#1756,.F.);
#1756=EDGE_CURVE('',#1757,#1751,#1759,.T.);
#1757=VERTEX_POINT('',#1758);
#1758=CARTESIAN_POINT('',(14.14,-6.57,4.3));
#1759=CIRCLE('',#1760,1.);
#1760=AXIS2_PLACEMENT_3D('',#1761,#13,#45);
#1761=CARTESIAN_POINT('',(14.14,-5.57,4.3));
#1762=ORIENTED_EDGE('',*,*,#1763,.F.);
#1763=EDGE_CURVE('',#1764,#1757,#1766,.T.);
#1764=VERTEX_POINT('',#1765);
#1765=CARTESIAN_POINT('',(-3.06,-6.57,4.3));
#1766=LINE('',#1767,#68);
#1767=CARTESIAN_POINT('',(-4.06,-6.57,4.3));
#1768=ORIENTED_EDGE('',*,*,#1769,.T.);
#1769=EDGE_CURVE('',#1764,#1770,#1772,.T.);
#1770=VERTEX_POINT('',#1771);
#1771=CARTESIAN_POINT('',(-4.06,-5.57,4.3));
#1772=CIRCLE('',#1773,1.);
#1773=AXIS2_PLACEMENT_3D('',#1774,#91,#45);
#1774=CARTESIAN_POINT('',(-3.06,-5.57,4.3));
#1775=ORIENTED_EDGE('',*,*,#1776,.F.);
#1776=EDGE_CURVE('',#1777,#1770,#1779,.T.);
#1777=VERTEX_POINT('',#1778);
#1778=CARTESIAN_POINT('',(-4.06,2.73,4.3));
#1779=LINE('',#1780,#1177);
#1780=CARTESIAN_POINT('',(-4.06,3.73,4.3));
#1781=ORIENTED_EDGE('',*,*,#1782,.T.);
#1782=EDGE_CURVE('',#1777,#1738,#1783,.T.);
#1783=CIRCLE('',#1784,1.);
#1784=AXIS2_PLACEMENT_3D('',#1785,#91,#45);
#1785=CARTESIAN_POINT('',(-3.06,2.73,4.3));
#1786=FACE_BOUND('',#1787,.F.);
#1787=EDGE_LOOP('',(#1715));
#1788=PLANE('',#1789);
#1789=AXIS2_PLACEMENT_3D('',#1790,#13,#14);
#1790=CARTESIAN_POINT('',(5.54,-1.42,4.3));
#1791=ADVANCED_FACE('',(#1792),#1810,.F.);
#1792=FACE_BOUND('',#1793,.F.);
#1793=EDGE_LOOP('',(#1794,#1800,#1801,#1807));
#1794=ORIENTED_EDGE('',*,*,#1795,.T.);
#1795=EDGE_CURVE('',#1796,#1736,#1798,.T.);
#1796=VERTEX_POINT('',#1797);
#1797=CARTESIAN_POINT('',(14.14,3.73,1.3));
#1798=LINE('',#1799,#176);
#1799=CARTESIAN_POINT('',(14.14,3.73,0.3));
#1800=ORIENTED_EDGE('',*,*,#1735,.T.);
#1801=ORIENTED_EDGE('',*,*,#1802,.F.);
#1802=EDGE_CURVE('',#1803,#1738,#1805,.T.);
#1803=VERTEX_POINT('',#1804);
#1804=CARTESIAN_POINT('',(-3.06,3.73,1.3));
#1805=LINE('',#1806,#176);
#1806=CARTESIAN_POINT('',(-3.06,3.73,0.3));
#1807=ORIENTED_EDGE('',*,*,#1808,.F.);
#1808=EDGE_CURVE('',#1796,#1803,#1809,.T.);
#1809=LINE('',#1797,#36);
#1810=PLANE('',#1811);
#1811=AXIS2_PLACEMENT_3D('',#1812,#45,#37);
#1812=CARTESIAN_POINT('',(15.14,3.73,0.3));
#1813=ADVANCED_FACE('',(#1814),#1829,.T.);
#1814=FACE_BOUND('',#1815,.F.);
#1815=EDGE_LOOP('',(#1816,#1822,#1827,#1828));
#1816=ORIENTED_EDGE('',*,*,#1817,.F.);
#1817=EDGE_CURVE('',#1818,#1777,#1820,.T.);
#1818=VERTEX_POINT('',#1819);
#1819=CARTESIAN_POINT('',(-4.06,2.73,1.3));
#1820=LINE('',#1821,#176);
#1821=CARTESIAN_POINT('',(-4.06,2.73,0.3));
#1822=ORIENTED_EDGE('',*,*,#1823,.F.);
#1823=EDGE_CURVE('',#1803,#1818,#1824,.T.);
#1824=CIRCLE('',#1825,1.);
#1825=AXIS2_PLACEMENT_3D('',#1826,#13,#61);
#1826=CARTESIAN_POINT('',(-3.06,2.73,1.3));
#1827=ORIENTED_EDGE('',*,*,#1802,.T.);
#1828=ORIENTED_EDGE('',*,*,#1782,.F.);
#1829=CYLINDRICAL_SURFACE('',#1830,1.);
#1830=AXIS2_PLACEMENT_3D('',#1831,#13,#37);
#1831=CARTESIAN_POINT('',(-3.06,2.73,0.3));
#1832=ADVANCED_FACE('',(#1833),#1846,.F.);
#1833=FACE_BOUND('',#1834,.F.);
#1834=EDGE_LOOP('',(#1835,#1836,#1837,#1843));
#1835=ORIENTED_EDGE('',*,*,#1817,.T.);
#1836=ORIENTED_EDGE('',*,*,#1776,.T.);
#1837=ORIENTED_EDGE('',*,*,#1838,.F.);
#1838=EDGE_CURVE('',#1839,#1770,#1841,.T.);
#1839=VERTEX_POINT('',#1840);
#1840=CARTESIAN_POINT('',(-4.06,-5.57,1.3));
#1841=LINE('',#1842,#176);
#1842=CARTESIAN_POINT('',(-4.06,-5.57,0.3));
#1843=ORIENTED_EDGE('',*,*,#1844,.F.);
#1844=EDGE_CURVE('',#1818,#1839,#1845,.T.);
#1845=LINE('',#1819,#1177);
#1846=PLANE('',#1847);
#1847=AXIS2_PLACEMENT_3D('',#1848,#14,#45);
#1848=CARTESIAN_POINT('',(-4.06,3.73,0.3));
#1849=ADVANCED_FACE('',(#1850),#1865,.T.);
#1850=FACE_BOUND('',#1851,.F.);
#1851=EDGE_LOOP('',(#1852,#1858,#1863,#1864));
#1852=ORIENTED_EDGE('',*,*,#1853,.F.);
#1853=EDGE_CURVE('',#1854,#1764,#1856,.T.);
#1854=VERTEX_POINT('',#1855);
#1855=CARTESIAN_POINT('',(-3.06,-6.57,1.3));
#1856=LINE('',#1857,#176);
#1857=CARTESIAN_POINT('',(-3.06,-6.57,0.3));
#1858=ORIENTED_EDGE('',*,*,#1859,.F.);
#1859=EDGE_CURVE('',#1839,#1854,#1860,.T.);
#1860=CIRCLE('',#1861,1.);
#1861=AXIS2_PLACEMENT_3D('',#1862,#13,#37);
#1862=CARTESIAN_POINT('',(-3.06,-5.57,1.3));
#1863=ORIENTED_EDGE('',*,*,#1838,.T.);
#1864=ORIENTED_EDGE('',*,*,#1769,.F.);
#1865=CYLINDRICAL_SURFACE('',#1866,1.);
#1866=AXIS2_PLACEMENT_3D('',#1867,#13,#45);
#1867=CARTESIAN_POINT('',(-3.06,-5.57,0.3));
#1868=ADVANCED_FACE('',(#1869),#1882,.F.);
#1869=FACE_BOUND('',#1870,.F.);
#1870=EDGE_LOOP('',(#1871,#1877,#1880,#1881));
#1871=ORIENTED_EDGE('',*,*,#1872,.F.);
#1872=EDGE_CURVE('',#1873,#1757,#1875,.T.);
#1873=VERTEX_POINT('',#1874);
#1874=CARTESIAN_POINT('',(14.14,-6.57,1.3));
#1875=LINE('',#1876,#176);
#1876=CARTESIAN_POINT('',(14.14,-6.57,0.3));
#1877=ORIENTED_EDGE('',*,*,#1878,.F.);
#1878=EDGE_CURVE('',#1854,#1873,#1879,.T.);
#1879=LINE('',#1855,#68);
#1880=ORIENTED_EDGE('',*,*,#1853,.T.);
#1881=ORIENTED_EDGE('',*,*,#1763,.T.);
#1882=PLANE('',#1883);
#1883=AXIS2_PLACEMENT_3D('',#1884,#61,#14);
#1884=CARTESIAN_POINT('',(-4.06,-6.57,0.3));
#1885=ADVANCED_FACE('',(#1886),#1899,.T.);
#1886=FACE_BOUND('',#1887,.T.);
#1887=EDGE_LOOP('',(#1871,#1888,#1895,#1755));
#1888=ORIENTED_EDGE('',*,*,#1889,.T.);
#1889=EDGE_CURVE('',#1873,#1890,#1892,.T.);
#1890=VERTEX_POINT('',#1891);
#1891=CARTESIAN_POINT('',(15.14,-5.57,1.3));
#1892=CIRCLE('',#1893,1.);
#1893=AXIS2_PLACEMENT_3D('',#1894,#13,#45);
#1894=CARTESIAN_POINT('',(14.14,-5.57,1.3));
#1895=ORIENTED_EDGE('',*,*,#1896,.T.);
#1896=EDGE_CURVE('',#1890,#1751,#1897,.T.);
#1897=LINE('',#1898,#176);
#1898=CARTESIAN_POINT('',(15.14,-5.57,0.3));
#1899=CYLINDRICAL_SURFACE('',#1900,1.);
#1900=AXIS2_PLACEMENT_3D('',#1901,#13,#45);
#1901=CARTESIAN_POINT('',(14.14,-5.57,0.3));
#1902=ADVANCED_FACE('',(#1903),#1915,.F.);
#1903=FACE_BOUND('',#1904,.F.);
#1904=EDGE_LOOP('',(#1905,#1911,#1895,#1914));
#1905=ORIENTED_EDGE('',*,*,#1906,.F.);
#1906=EDGE_CURVE('',#1907,#1744,#1909,.T.);
#1907=VERTEX_POINT('',#1908);
#1908=CARTESIAN_POINT('',(15.14,2.73,1.3));
#1909=LINE('',#1910,#176);
#1910=CARTESIAN_POINT('',(15.14,2.73,0.3));
#1911=ORIENTED_EDGE('',*,*,#1912,.F.);
#1912=EDGE_CURVE('',#1890,#1907,#1913,.T.);
#1913=LINE('',#1891,#1202);
#1914=ORIENTED_EDGE('',*,*,#1750,.T.);
#1915=PLANE('',#1916);
#1916=AXIS2_PLACEMENT_3D('',#1917,#37,#61);
#1917=CARTESIAN_POINT('',(15.14,-6.57,0.3));
#1918=ADVANCED_FACE('',(#1919),#1929,.T.);
#1919=FACE_BOUND('',#1920,.F.);
#1920=EDGE_LOOP('',(#1921,#1922,#1927,#1928));
#1921=ORIENTED_EDGE('',*,*,#1795,.F.);
#1922=ORIENTED_EDGE('',*,*,#1923,.F.);
#1923=EDGE_CURVE('',#1907,#1796,#1924,.T.);
#1924=CIRCLE('',#1925,1.);
#1925=AXIS2_PLACEMENT_3D('',#1926,#13,#14);
#1926=CARTESIAN_POINT('',(14.14,2.73,1.3));
#1927=ORIENTED_EDGE('',*,*,#1906,.T.);
#1928=ORIENTED_EDGE('',*,*,#1743,.F.);
#1929=CYLINDRICAL_SURFACE('',#1930,1.);
#1930=AXIS2_PLACEMENT_3D('',#1931,#13,#61);
#1931=CARTESIAN_POINT('',(14.14,2.73,0.3));
#1932=ADVANCED_FACE('',(#1933),#1949,.T.);
#1933=FACE_BOUND('',#1934,.F.);
#1934=EDGE_LOOP('',(#1935,#1940,#1941,#1946));
#1935=ORIENTED_EDGE('',*,*,#1936,.T.);
#1936=EDGE_CURVE('',#1937,#1796,#1938,.T.);
#1937=VERTEX_POINT('',#1931);
#1938=CIRCLE('',#1939,1.);
#1939=AXIS2_PLACEMENT_3D('',#1926,#14,#91);
#1940=ORIENTED_EDGE('',*,*,#1808,.T.);
#1941=ORIENTED_EDGE('',*,*,#1942,.F.);
#1942=EDGE_CURVE('',#1943,#1803,#1944,.T.);
#1943=VERTEX_POINT('',#1831);
#1944=CIRCLE('',#1945,1.);
#1945=AXIS2_PLACEMENT_3D('',#1826,#14,#91);
#1946=ORIENTED_EDGE('',*,*,#1947,.F.);
#1947=EDGE_CURVE('',#1937,#1943,#1948,.T.);
#1948=LINE('',#1931,#36);
#1949=CYLINDRICAL_SURFACE('',#1950,1.);
#1950=AXIS2_PLACEMENT_3D('',#1926,#37,#91);
#1951=ADVANCED_FACE('',(#1952),#1958,.T.);
#1952=FACE_BOUND('',#1953,.T.);
#1953=EDGE_LOOP('',(#1941,#1954,#1822));
#1954=ORIENTED_EDGE('',*,*,#1955,.T.);
#1955=EDGE_CURVE('',#1943,#1818,#1956,.T.);
#1956=CIRCLE('',#1957,1.);
#1957=AXIS2_PLACEMENT_3D('',#1826,#61,#37);
#1958=SPHERICAL_SURFACE('',#1825,1.);
#1959=ADVANCED_FACE('',(#1960),#1971,.T.);
#1960=FACE_BOUND('',#1961,.F.);
#1961=EDGE_LOOP('',(#1954,#1962,#1963,#1968));
#1962=ORIENTED_EDGE('',*,*,#1844,.T.);
#1963=ORIENTED_EDGE('',*,*,#1964,.F.);
#1964=EDGE_CURVE('',#1965,#1839,#1966,.T.);
#1965=VERTEX_POINT('',#1867);
#1966=CIRCLE('',#1967,1.);
#1967=AXIS2_PLACEMENT_3D('',#1862,#61,#91);
#1968=ORIENTED_EDGE('',*,*,#1969,.F.);
#1969=EDGE_CURVE('',#1943,#1965,#1970,.T.);
#1970=LINE('',#1831,#1177);
#1971=CYLINDRICAL_SURFACE('',#1972,1.);
#1972=AXIS2_PLACEMENT_3D('',#1826,#45,#91);
#1973=ADVANCED_FACE('',(#1974),#1980,.T.);
#1974=FACE_BOUND('',#1975,.T.);
#1975=EDGE_LOOP('',(#1963,#1976,#1858));
#1976=ORIENTED_EDGE('',*,*,#1977,.T.);
#1977=EDGE_CURVE('',#1965,#1854,#1978,.T.);
#1978=CIRCLE('',#1979,1.);
#1979=AXIS2_PLACEMENT_3D('',#1862,#37,#45);
#1980=SPHERICAL_SURFACE('',#1861,1.);
#1981=ADVANCED_FACE('',(#1982),#1993,.T.);
#1982=FACE_BOUND('',#1983,.F.);
#1983=EDGE_LOOP('',(#1976,#1984,#1985,#1990));
#1984=ORIENTED_EDGE('',*,*,#1878,.T.);
#1985=ORIENTED_EDGE('',*,*,#1986,.F.);
#1986=EDGE_CURVE('',#1987,#1873,#1988,.T.);
#1987=VERTEX_POINT('',#1901);
#1988=CIRCLE('',#1989,1.);
#1989=AXIS2_PLACEMENT_3D('',#1894,#37,#91);
#1990=ORIENTED_EDGE('',*,*,#1991,.F.);
#1991=EDGE_CURVE('',#1965,#1987,#1992,.T.);
#1992=LINE('',#1867,#68);
#1993=CYLINDRICAL_SURFACE('',#1994,1.);
#1994=AXIS2_PLACEMENT_3D('',#1862,#14,#91);
#1995=ADVANCED_FACE('',(#1996),#2003,.T.);
#1996=FACE_BOUND('',#1997,.T.);
#1997=EDGE_LOOP('',(#1985,#1998,#2002));
#1998=ORIENTED_EDGE('',*,*,#1999,.T.);
#1999=EDGE_CURVE('',#1987,#1890,#2000,.T.);
#2000=CIRCLE('',#2001,1.);
#2001=AXIS2_PLACEMENT_3D('',#1894,#45,#14);
#2002=ORIENTED_EDGE('',*,*,#1889,.F.);
#2003=SPHERICAL_SURFACE('',#1893,1.);
#2004=ADVANCED_FACE('',(#2005),#2015,.T.);
#2005=FACE_BOUND('',#2006,.F.);
#2006=EDGE_LOOP('',(#1998,#2007,#2008,#2012));
#2007=ORIENTED_EDGE('',*,*,#1912,.T.);
#2008=ORIENTED_EDGE('',*,*,#2009,.F.);
#2009=EDGE_CURVE('',#1937,#1907,#2010,.T.);
#2010=CIRCLE('',#2011,1.);
#2011=AXIS2_PLACEMENT_3D('',#1926,#45,#91);
#2012=ORIENTED_EDGE('',*,*,#2013,.F.);
#2013=EDGE_CURVE('',#1987,#1937,#2014,.T.);
#2014=LINE('',#1901,#1202);
#2015=CYLINDRICAL_SURFACE('',#2016,1.);
#2016=AXIS2_PLACEMENT_3D('',#1894,#61,#91);
#2017=ADVANCED_FACE('',(#2018),#2020,.T.);
#2018=FACE_BOUND('',#2019,.T.);
#2019=EDGE_LOOP('',(#2008,#1935,#1922));
#2020=SPHERICAL_SURFACE('',#1925,1.);
#2021=ADVANCED_FACE('',(#2022,#2028),#2054,.F.);
#2022=FACE_BOUND('',#2023,.F.);
#2023=EDGE_LOOP('',(#2024,#2025,#2026,#2027));
#2024=ORIENTED_EDGE('',*,*,#1947,.T.);
#2025=ORIENTED_EDGE('',*,*,#1969,.T.);
#2026=ORIENTED_EDGE('',*,*,#1991,.T.);
#2027=ORIENTED_EDGE('',*,*,#2013,.T.);
#2028=FACE_BOUND('',#2029,.F.);
#2029=EDGE_LOOP('',(#2030,#2038,#2044,#2050));
#2030=ORIENTED_EDGE('',*,*,#2031,.F.);
#2031=EDGE_CURVE('',#2032,#2034,#2036,.T.);
#2032=VERTEX_POINT('',#2033);
#2033=CARTESIAN_POINT('',(-2.56,-5.07,0.3));
#2034=VERTEX_POINT('',#2035);
#2035=CARTESIAN_POINT('',(13.64,-5.07,0.3));
#2036=LINE('',#2037,#68);
#2037=CARTESIAN_POINT('',(1.49,-5.07,0.3));
#2038=ORIENTED_EDGE('',*,*,#2039,.F.);
#2039=EDGE_CURVE('',#2040,#2032,#2042,.T.);
#2040=VERTEX_POINT('',#2041);
#2041=CARTESIAN_POINT('',(-2.56,2.23,0.3));
#2042=LINE('',#2043,#1177);
#2043=CARTESIAN_POINT('',(-2.56,0.405,0.3));
#2044=ORIENTED_EDGE('',*,*,#2045,.F.);
#2045=EDGE_CURVE('',#2046,#2040,#2048,.T.);
#2046=VERTEX_POINT('',#2047);
#2047=CARTESIAN_POINT('',(13.64,2.23,0.3));
#2048=LINE('',#2049,#36);
#2049=CARTESIAN_POINT('',(9.59,2.23,0.3));
#2050=ORIENTED_EDGE('',*,*,#2051,.F.);
#2051=EDGE_CURVE('',#2034,#2046,#2052,.T.);
#2052=LINE('',#2053,#1202);
#2053=CARTESIAN_POINT('',(13.64,-3.245,0.3));
#2054=PLANE('',#2055);
#2055=AXIS2_PLACEMENT_3D('',#2056,#13,#14);
#2056=CARTESIAN_POINT('',(5.54,-1.42,0.3));
#2057=ADVANCED_FACE('',(#2058),#2074,.F.);
#2058=FACE_BOUND('',#2059,.F.);
#2059=EDGE_LOOP('',(#2060,#2067,#2070,#2071));
#2060=ORIENTED_EDGE('',*,*,#2061,.F.);
#2061=EDGE_CURVE('',#2062,#2064,#2066,.T.);
#2062=VERTEX_POINT('',#2063);
#2063=CARTESIAN_POINT('',(-2.56,-5.07,0.));
#2064=VERTEX_POINT('',#2065);
#2065=CARTESIAN_POINT('',(13.64,-5.07,0.));
#2066=LINE('',#2063,#68);
#2067=ORIENTED_EDGE('',*,*,#2068,.T.);
#2068=EDGE_CURVE('',#2062,#2032,#2069,.T.);
#2069=LINE('',#2063,#176);
#2070=ORIENTED_EDGE('',*,*,#2031,.T.);
#2071=ORIENTED_EDGE('',*,*,#2072,.F.);
#2072=EDGE_CURVE('',#2064,#2034,#2073,.T.);
#2073=LINE('',#2065,#176);
#2074=PLANE('',#2075);
#2075=AXIS2_PLACEMENT_3D('',#2063,#61,#14);
#2076=ADVANCED_FACE('',(#2077),#2089,.F.);
#2077=FACE_BOUND('',#2078,.F.);
#2078=EDGE_LOOP('',(#2079,#2084,#2085,#2086));
#2079=ORIENTED_EDGE('',*,*,#2080,.F.);
#2080=EDGE_CURVE('',#2064,#2081,#2083,.T.);
#2081=VERTEX_POINT('',#2082);
#2082=CARTESIAN_POINT('',(13.64,2.23,0.));
#2083=LINE('',#2065,#1202);
#2084=ORIENTED_EDGE('',*,*,#2072,.T.);
#2085=ORIENTED_EDGE('',*,*,#2051,.T.);
#2086=ORIENTED_EDGE('',*,*,#2087,.F.);
#2087=EDGE_CURVE('',#2081,#2046,#2088,.T.);
#2088=LINE('',#2082,#176);
#2089=PLANE('',#2090);
#2090=AXIS2_PLACEMENT_3D('',#2065,#37,#61);
#2091=ADVANCED_FACE('',(#2092),#2104,.F.);
#2092=FACE_BOUND('',#2093,.F.);
#2093=EDGE_LOOP('',(#2094,#2099,#2100,#2101));
#2094=ORIENTED_EDGE('',*,*,#2095,.F.);
#2095=EDGE_CURVE('',#2081,#2096,#2098,.T.);
#2096=VERTEX_POINT('',#2097);
#2097=CARTESIAN_POINT('',(-2.56,2.23,0.));
#2098=LINE('',#2082,#36);
#2099=ORIENTED_EDGE('',*,*,#2087,.T.);
#2100=ORIENTED_EDGE('',*,*,#2045,.T.);
#2101=ORIENTED_EDGE('',*,*,#2102,.F.);
#2102=EDGE_CURVE('',#2096,#2040,#2103,.T.);
#2103=LINE('',#2097,#176);
#2104=PLANE('',#2105);
#2105=AXIS2_PLACEMENT_3D('',#2082,#45,#37);
#2106=ADVANCED_FACE('',(#2107),#2115,.F.);
#2107=FACE_BOUND('',#2108,.F.);
#2108=EDGE_LOOP('',(#2109,#2112,#2113,#2114));
#2109=ORIENTED_EDGE('',*,*,#2110,.F.);
#2110=EDGE_CURVE('',#2096,#2062,#2111,.T.);
#2111=LINE('',#2097,#1177);
#2112=ORIENTED_EDGE('',*,*,#2102,.T.);
#2113=ORIENTED_EDGE('',*,*,#2039,.T.);
#2114=ORIENTED_EDGE('',*,*,#2068,.F.);
#2115=PLANE('',#2116);
#2116=AXIS2_PLACEMENT_3D('',#2097,#14,#45);
#2117=ADVANCED_FACE('',(#2118,#2124,#2133,#2142,#2151,#2160,#2167,#2176,#2185,#2194),#2203,.F.);
#2118=FACE_BOUND('',#2119,.F.);
#2119=EDGE_LOOP('',(#2120,#2121,#2122,#2123));
#2120=ORIENTED_EDGE('',*,*,#2061,.T.);
#2121=ORIENTED_EDGE('',*,*,#2080,.T.);
#2122=ORIENTED_EDGE('',*,*,#2095,.T.);
#2123=ORIENTED_EDGE('',*,*,#2110,.T.);
#2124=FACE_BOUND('',#2125,.F.);
#2125=EDGE_LOOP('',(#2126));
#2126=ORIENTED_EDGE('',*,*,#2127,.F.);
#2127=EDGE_CURVE('',#2128,#2128,#2130,.T.);
#2128=VERTEX_POINT('',#2129);
#2129=CARTESIAN_POINT('',(1.705,-2.84,0.));
#2130=CIRCLE('',#2131,0.32);
#2131=AXIS2_PLACEMENT_3D('',#2132,#13,#14);
#2132=CARTESIAN_POINT('',(1.385,-2.84,0.));
#2133=FACE_BOUND('',#2134,.F.);
#2134=EDGE_LOOP('',(#2135));
#2135=ORIENTED_EDGE('',*,*,#2136,.F.);
#2136=EDGE_CURVE('',#2137,#2137,#2139,.T.);
#2137=VERTEX_POINT('',#2138);
#2138=CARTESIAN_POINT('',(4.475,-2.84,0.));
#2139=CIRCLE('',#2140,0.32);
#2140=AXIS2_PLACEMENT_3D('',#2141,#13,#14);
#2141=CARTESIAN_POINT('',(4.155,-2.84,0.));
#2142=FACE_BOUND('',#2143,.F.);
#2143=EDGE_LOOP('',(#2144));
#2144=ORIENTED_EDGE('',*,*,#2145,.F.);
#2145=EDGE_CURVE('',#2146,#2146,#2148,.T.);
#2146=VERTEX_POINT('',#2147);
#2147=CARTESIAN_POINT('',(7.245,-2.84,0.));
#2148=CIRCLE('',#2149,0.32);
#2149=AXIS2_PLACEMENT_3D('',#2150,#13,#14);
#2150=CARTESIAN_POINT('',(6.925,-2.84,0.));
#2151=FACE_BOUND('',#2152,.F.);
#2152=EDGE_LOOP('',(#2153));
#2153=ORIENTED_EDGE('',*,*,#2154,.F.);
#2154=EDGE_CURVE('',#2155,#2155,#2157,.T.);
#2155=VERTEX_POINT('',#2156);
#2156=CARTESIAN_POINT('',(10.015,-2.84,0.));
#2157=CIRCLE('',#2158,0.32);
#2158=AXIS2_PLACEMENT_3D('',#2159,#13,#14);
#2159=CARTESIAN_POINT('',(9.695,-2.84,0.));
#2160=FACE_BOUND('',#2161,.F.);
#2161=EDGE_LOOP('',(#2162));
#2162=ORIENTED_EDGE('',*,*,#2163,.F.);
#2163=EDGE_CURVE('',#2164,#2164,#2166,.T.);
#2164=VERTEX_POINT('',#2165);
#2165=CARTESIAN_POINT('',(0.32,0.,0.));
#2166=CIRCLE('',#11,0.32);
#2167=FACE_BOUND('',#2168,.F.);
#2168=EDGE_LOOP('',(#2169));
#2169=ORIENTED_EDGE('',*,*,#2170,.F.);
#2170=EDGE_CURVE('',#2171,#2171,#2173,.T.);
#2171=VERTEX_POINT('',#2172);
#2172=CARTESIAN_POINT('',(3.09,0.,0.));
#2173=CIRCLE('',#2174,0.32);
#2174=AXIS2_PLACEMENT_3D('',#2175,#13,#14);
#2175=CARTESIAN_POINT('',(2.77,0.,0.));
#2176=FACE_BOUND('',#2177,.F.);
#2177=EDGE_LOOP('',(#2178));
#2178=ORIENTED_EDGE('',*,*,#2179,.F.);
#2179=EDGE_CURVE('',#2180,#2180,#2182,.T.);
#2180=VERTEX_POINT('',#2181);
#2181=CARTESIAN_POINT('',(5.86,0.,0.));
#2182=CIRCLE('',#2183,0.32);
#2183=AXIS2_PLACEMENT_3D('',#2184,#13,#14);
#2184=CARTESIAN_POINT('',(5.54,0.,0.));
#2185=FACE_BOUND('',#2186,.F.);
#2186=EDGE_LOOP('',(#2187));
#2187=ORIENTED_EDGE('',*,*,#2188,.F.);
#2188=EDGE_CURVE('',#2189,#2189,#2191,.T.);
#2189=VERTEX_POINT('',#2190);
#2190=CARTESIAN_POINT('',(8.63,0.,0.));
#2191=CIRCLE('',#2192,0.32);
#2192=AXIS2_PLACEMENT_3D('',#2193,#13,#14);
#2193=CARTESIAN_POINT('',(8.31,0.,0.));
#2194=FACE_BOUND('',#2195,.F.);
#2195=EDGE_LOOP('',(#2196));
#2196=ORIENTED_EDGE('',*,*,#2197,.F.);
#2197=EDGE_CURVE('',#2198,#2198,#2200,.T.);
#2198=VERTEX_POINT('',#2199);
#2199=CARTESIAN_POINT('',(11.4,0.,0.));
#2200=CIRCLE('',#2201,0.32);
#2201=AXIS2_PLACEMENT_3D('',#2202,#13,#14);
#2202=CARTESIAN_POINT('',(11.08,0.,0.));
#2203=PLANE('',#2204);
#2204=AXIS2_PLACEMENT_3D('',#2205,#13,#14);
#2205=CARTESIAN_POINT('',(5.54,-1.42,0.));
#2206=ADVANCED_FACE('',(#2207),#2221,.T.);
#2207=FACE_BOUND('',#2208,.T.);
#2208=EDGE_LOOP('',(#2126,#2209,#2215,#2220));
#2209=ORIENTED_EDGE('',*,*,#2210,.T.);
#2210=EDGE_CURVE('',#2128,#2211,#2213,.T.);
#2211=VERTEX_POINT('',#2212);
#2212=CARTESIAN_POINT('',(1.705,-2.84,-3.74));
#2213=LINE('',#2214,#1541);
#2214=CARTESIAN_POINT('',(1.705,-2.84,0.4));
#2215=ORIENTED_EDGE('',*,*,#2216,.T.);
#2216=EDGE_CURVE('',#2211,#2211,#2217,.T.);
#2217=CIRCLE('',#2218,0.32);
#2218=AXIS2_PLACEMENT_3D('',#2219,#13,#14);
#2219=CARTESIAN_POINT('',(1.385,-2.84,-3.74));
#2220=ORIENTED_EDGE('',*,*,#2210,.F.);
#2221=CYLINDRICAL_SURFACE('',#2222,0.32);
#2222=AXIS2_PLACEMENT_3D('',#2223,#13,#14);
#2223=CARTESIAN_POINT('',(1.385,-2.84,0.4));
#2224=ADVANCED_FACE('',(#2225),#2239,.T.);
#2225=FACE_BOUND('',#2226,.T.);
#2226=EDGE_LOOP('',(#2135,#2227,#2233,#2238));
#2227=ORIENTED_EDGE('',*,*,#2228,.T.);
#2228=EDGE_CURVE('',#2137,#2229,#2231,.T.);
#2229=VERTEX_POINT('',#2230);
#2230=CARTESIAN_POINT('',(4.475,-2.84,-3.74));
#2231=LINE('',#2232,#1541);
#2232=CARTESIAN_POINT('',(4.475,-2.84,0.4));
#2233=ORIENTED_EDGE('',*,*,#2234,.T.);
#2234=EDGE_CURVE('',#2229,#2229,#2235,.T.);
#2235=CIRCLE('',#2236,0.32);
#2236=AXIS2_PLACEMENT_3D('',#2237,#13,#14);
#2237=CARTESIAN_POINT('',(4.155,-2.84,-3.74));
#2238=ORIENTED_EDGE('',*,*,#2228,.F.);
#2239=CYLINDRICAL_SURFACE('',#2240,0.32);
#2240=AXIS2_PLACEMENT_3D('',#2241,#13,#14);
#2241=CARTESIAN_POINT('',(4.155,-2.84,0.4));
#2242=ADVANCED_FACE('',(#2243),#2257,.T.);
#2243=FACE_BOUND('',#2244,.T.);
#2244=EDGE_LOOP('',(#2144,#2245,#2251,#2256));
#2245=ORIENTED_EDGE('',*,*,#2246,.T.);
#2246=EDGE_CURVE('',#2146,#2247,#2249,.T.);
#2247=VERTEX_POINT('',#2248);
#2248=CARTESIAN_POINT('',(7.245,-2.84,-3.74));
#2249=LINE('',#2250,#1541);
#2250=CARTESIAN_POINT('',(7.245,-2.84,0.4));
#2251=ORIENTED_EDGE('',*,*,#2252,.T.);
#2252=EDGE_CURVE('',#2247,#2247,#2253,.T.);
#2253=CIRCLE('',#2254,0.32);
#2254=AXIS2_PLACEMENT_3D('',#2255,#13,#14);
#2255=CARTESIAN_POINT('',(6.925,-2.84,-3.74));
#2256=ORIENTED_EDGE('',*,*,#2246,.F.);
#2257=CYLINDRICAL_SURFACE('',#2258,0.32);
#2258=AXIS2_PLACEMENT_3D('',#2259,#13,#14);
#2259=CARTESIAN_POINT('',(6.925,-2.84,0.4));
#2260=ADVANCED_FACE('',(#2261),#2275,.T.);
#2261=FACE_BOUND('',#2262,.T.);
#2262=EDGE_LOOP('',(#2153,#2263,#2269,#2274));
#2263=ORIENTED_EDGE('',*,*,#2264,.T.);
#2264=EDGE_CURVE('',#2155,#2265,#2267,.T.);
#2265=VERTEX_POINT('',#2266);
#2266=CARTESIAN_POINT('',(10.015,-2.84,-3.74));
#2267=LINE('',#2268,#1541);
#2268=CARTESIAN_POINT('',(10.015,-2.84,0.4));
#2269=ORIENTED_EDGE('',*,*,#2270,.T.);
#2270=EDGE_CURVE('',#2265,#2265,#2271,.T.);
#2271=CIRCLE('',#2272,0.32);
#2272=AXIS2_PLACEMENT_3D('',#2273,#13,#14);
#2273=CARTESIAN_POINT('',(9.695,-2.84,-3.74));
#2274=ORIENTED_EDGE('',*,*,#2264,.F.);
#2275=CYLINDRICAL_SURFACE('',#2276,0.32);
#2276=AXIS2_PLACEMENT_3D('',#2277,#13,#14);
#2277=CARTESIAN_POINT('',(9.695,-2.84,0.4));
#2278=ADVANCED_FACE('',(#2279),#2293,.T.);
#2279=FACE_BOUND('',#2280,.T.);
#2280=EDGE_LOOP('',(#2162,#2281,#2287,#2292));
#2281=ORIENTED_EDGE('',*,*,#2282,.T.);
#2282=EDGE_CURVE('',#2164,#2283,#2285,.T.);
#2283=VERTEX_POINT('',#2284);
#2284=CARTESIAN_POINT('',(0.32,0.,-3.74));
#2285=LINE('',#2286,#1541);
#2286=CARTESIAN_POINT('',(0.32,0.,0.4));
#2287=ORIENTED_EDGE('',*,*,#2288,.T.);
#2288=EDGE_CURVE('',#2283,#2283,#2289,.T.);
#2289=CIRCLE('',#2290,0.32);
#2290=AXIS2_PLACEMENT_3D('',#2291,#13,#14);
#2291=CARTESIAN_POINT('',(0.,0.,-3.74));
#2292=ORIENTED_EDGE('',*,*,#2282,.F.);
#2293=CYLINDRICAL_SURFACE('',#2294,0.32);
#2294=AXIS2_PLACEMENT_3D('',#2295,#13,#14);
#2295=CARTESIAN_POINT('',(0.,0.,0.4));
#2296=ADVANCED_FACE('',(#2297),#2311,.T.);
#2297=FACE_BOUND('',#2298,.T.);
#2298=EDGE_LOOP('',(#2169,#2299,#2305,#2310));
#2299=ORIENTED_EDGE('',*,*,#2300,.T.);
#2300=EDGE_CURVE('',#2171,#2301,#2303,.T.);
#2301=VERTEX_POINT('',#2302);
#2302=CARTESIAN_POINT('',(3.09,0.,-3.74));
#2303=LINE('',#2304,#1541);
#2304=CARTESIAN_POINT('',(3.09,0.,0.4));
#2305=ORIENTED_EDGE('',*,*,#2306,.T.);
#2306=EDGE_CURVE('',#2301,#2301,#2307,.T.);
#2307=CIRCLE('',#2308,0.32);
#2308=AXIS2_PLACEMENT_3D('',#2309,#13,#14);
#2309=CARTESIAN_POINT('',(2.77,0.,-3.74));
#2310=ORIENTED_EDGE('',*,*,#2300,.F.);
#2311=CYLINDRICAL_SURFACE('',#2312,0.32);
#2312=AXIS2_PLACEMENT_3D('',#2313,#13,#14);
#2313=CARTESIAN_POINT('',(2.77,0.,0.4));
#2314=ADVANCED_FACE('',(#2315),#2329,.T.);
#2315=FACE_BOUND('',#2316,.T.);
#2316=EDGE_LOOP('',(#2178,#2317,#2323,#2328));
#2317=ORIENTED_EDGE('',*,*,#2318,.T.);
#2318=EDGE_CURVE('',#2180,#2319,#2321,.T.);
#2319=VERTEX_POINT('',#2320);
#2320=CARTESIAN_POINT('',(5.86,0.,-3.74));
#2321=LINE('',#2322,#1541);
#2322=CARTESIAN_POINT('',(5.86,0.,0.4));
#2323=ORIENTED_EDGE('',*,*,#2324,.T.);
#2324=EDGE_CURVE('',#2319,#2319,#2325,.T.);
#2325=CIRCLE('',#2326,0.32);
#2326=AXIS2_PLACEMENT_3D('',#2327,#13,#14);
#2327=CARTESIAN_POINT('',(5.54,0.,-3.74));
#2328=ORIENTED_EDGE('',*,*,#2318,.F.);
#2329=CYLINDRICAL_SURFACE('',#2330,0.32);
#2330=AXIS2_PLACEMENT_3D('',#2331,#13,#14);
#2331=CARTESIAN_POINT('',(5.54,0.,0.4));
#2332=ADVANCED_FACE('',(#2333),#2347,.T.);
#2333=FACE_BOUND('',#2334,.T.);
#2334=EDGE_LOOP('',(#2187,#2335,#2341,#2346));
#2335=ORIENTED_EDGE('',*,*,#2336,.T.);
#2336=EDGE_CURVE('',#2189,#2337,#2339,.T.);
#2337=VERTEX_POINT('',#2338);
#2338=CARTESIAN_POINT('',(8.63,0.,-3.74));
#2339=LINE('',#2340,#1541);
#2340=CARTESIAN_POINT('',(8.63,0.,0.4));
#2341=ORIENTED_EDGE('',*,*,#2342,.T.);
#2342=EDGE_CURVE('',#2337,#2337,#2343,.T.);
#2343=CIRCLE('',#2344,0.32);
#2344=AXIS2_PLACEMENT_3D('',#2345,#13,#14);
#2345=CARTESIAN_POINT('',(8.31,0.,-3.74));
#2346=ORIENTED_EDGE('',*,*,#2336,.F.);
#2347=CYLINDRICAL_SURFACE('',#2348,0.32);
#2348=AXIS2_PLACEMENT_3D('',#2349,#13,#14);
#2349=CARTESIAN_POINT('',(8.31,0.,0.4));
#2350=ADVANCED_FACE('',(#2351),#2365,.T.);
#2351=FACE_BOUND('',#2352,.T.);
#2352=EDGE_LOOP('',(#2196,#2353,#2359,#2364));
#2353=ORIENTED_EDGE('',*,*,#2354,.T.);
#2354=EDGE_CURVE('',#2198,#2355,#2357,.T.);
#2355=VERTEX_POINT('',#2356);
#2356=CARTESIAN_POINT('',(11.4,0.,-3.74));
#2357=LINE('',#2358,#1541);
#2358=CARTESIAN_POINT('',(11.4,0.,0.4));
#2359=ORIENTED_EDGE('',*,*,#2360,.T.);
#2360=EDGE_CURVE('',#2355,#2355,#2361,.T.);
#2361=CIRCLE('',#2362,0.32);
#2362=AXIS2_PLACEMENT_3D('',#2363,#13,#14);
#2363=CARTESIAN_POINT('',(11.08,0.,-3.74));
#2364=ORIENTED_EDGE('',*,*,#2354,.F.);
#2365=CYLINDRICAL_SURFACE('',#2366,0.32);
#2366=AXIS2_PLACEMENT_3D('',#2367,#13,#14);
#2367=CARTESIAN_POINT('',(11.08,0.,0.4));
#2368=ADVANCED_FACE('',(#2369),#2385,.T.);
#2369=FACE_BOUND('',#2370,.F.);
#2370=EDGE_LOOP('',(#2371,#2378,#2379,#2380));
#2371=ORIENTED_EDGE('',*,*,#2372,.F.);
#2372=EDGE_CURVE('',#2211,#2373,#2375,.T.);
#2373=VERTEX_POINT('',#2374);
#2374=CARTESIAN_POINT('',(1.545,-2.84,-3.9));
#2375=CIRCLE('',#2376,0.16);
#2376=AXIS2_PLACEMENT_3D('',#2377,#61,#14);
#2377=CARTESIAN_POINT('',(1.545,-2.84,-3.74));
#2378=ORIENTED_EDGE('',*,*,#2216,.F.);
#2379=ORIENTED_EDGE('',*,*,#2372,.T.);
#2380=ORIENTED_EDGE('',*,*,#2381,.T.);
#2381=EDGE_CURVE('',#2373,#2373,#2382,.T.);
#2382=CIRCLE('',#2383,0.16);
#2383=AXIS2_PLACEMENT_3D('',#2384,#13,#14);
#2384=CARTESIAN_POINT('',(1.385,-2.84,-3.9));
#2385=TOROIDAL_SURFACE('',#2386,0.16,0.16);
#2386=AXIS2_PLACEMENT_3D('',#2219,#91,#14);
#2387=ADVANCED_FACE('',(#2388),#2404,.T.);
#2388=FACE_BOUND('',#2389,.F.);
#2389=EDGE_LOOP('',(#2390,#2397,#2398,#2399));
#2390=ORIENTED_EDGE('',*,*,#2391,.F.);
#2391=EDGE_CURVE('',#2229,#2392,#2394,.T.);
#2392=VERTEX_POINT('',#2393);
#2393=CARTESIAN_POINT('',(4.315,-2.84,-3.9));
#2394=CIRCLE('',#2395,0.16);
#2395=AXIS2_PLACEMENT_3D('',#2396,#61,#14);
#2396=CARTESIAN_POINT('',(4.315,-2.84,-3.74));
#2397=ORIENTED_EDGE('',*,*,#2234,.F.);
#2398=ORIENTED_EDGE('',*,*,#2391,.T.);
#2399=ORIENTED_EDGE('',*,*,#2400,.T.);
#2400=EDGE_CURVE('',#2392,#2392,#2401,.T.);
#2401=CIRCLE('',#2402,0.16);
#2402=AXIS2_PLACEMENT_3D('',#2403,#13,#14);
#2403=CARTESIAN_POINT('',(4.155,-2.84,-3.9));
#2404=TOROIDAL_SURFACE('',#2405,0.16,0.16);
#2405=AXIS2_PLACEMENT_3D('',#2237,#91,#14);
#2406=ADVANCED_FACE('',(#2407),#2423,.T.);
#2407=FACE_BOUND('',#2408,.F.);
#2408=EDGE_LOOP('',(#2409,#2416,#2417,#2418));
#2409=ORIENTED_EDGE('',*,*,#2410,.F.);
#2410=EDGE_CURVE('',#2247,#2411,#2413,.T.);
#2411=VERTEX_POINT('',#2412);
#2412=CARTESIAN_POINT('',(7.085,-2.84,-3.9));
#2413=CIRCLE('',#2414,0.16);
#2414=AXIS2_PLACEMENT_3D('',#2415,#61,#14);
#2415=CARTESIAN_POINT('',(7.085,-2.84,-3.74));
#2416=ORIENTED_EDGE('',*,*,#2252,.F.);
#2417=ORIENTED_EDGE('',*,*,#2410,.T.);
#2418=ORIENTED_EDGE('',*,*,#2419,.T.);
#2419=EDGE_CURVE('',#2411,#2411,#2420,.T.);
#2420=CIRCLE('',#2421,0.16);
#2421=AXIS2_PLACEMENT_3D('',#2422,#13,#14);
#2422=CARTESIAN_POINT('',(6.925,-2.84,-3.9));
#2423=TOROIDAL_SURFACE('',#2424,0.16,0.16);
#2424=AXIS2_PLACEMENT_3D('',#2255,#91,#14);
#2425=ADVANCED_FACE('',(#2426),#2442,.T.);
#2426=FACE_BOUND('',#2427,.F.);
#2427=EDGE_LOOP('',(#2428,#2435,#2436,#2437));
#2428=ORIENTED_EDGE('',*,*,#2429,.F.);
#2429=EDGE_CURVE('',#2265,#2430,#2432,.T.);
#2430=VERTEX_POINT('',#2431);
#2431=CARTESIAN_POINT('',(9.855,-2.84,-3.9));
#2432=CIRCLE('',#2433,0.16);
#2433=AXIS2_PLACEMENT_3D('',#2434,#61,#14);
#2434=CARTESIAN_POINT('',(9.855,-2.84,-3.74));
#2435=ORIENTED_EDGE('',*,*,#2270,.F.);
#2436=ORIENTED_EDGE('',*,*,#2429,.T.);
#2437=ORIENTED_EDGE('',*,*,#2438,.T.);
#2438=EDGE_CURVE('',#2430,#2430,#2439,.T.);
#2439=CIRCLE('',#2440,0.16);
#2440=AXIS2_PLACEMENT_3D('',#2441,#13,#14);
#2441=CARTESIAN_POINT('',(9.695,-2.84,-3.9));
#2442=TOROIDAL_SURFACE('',#2443,0.16,0.16);
#2443=AXIS2_PLACEMENT_3D('',#2273,#91,#14);
#2444=ADVANCED_FACE('',(#2445),#2461,.T.);
#2445=FACE_BOUND('',#2446,.F.);
#2446=EDGE_LOOP('',(#2447,#2454,#2455,#2456));
#2447=ORIENTED_EDGE('',*,*,#2448,.F.);
#2448=EDGE_CURVE('',#2283,#2449,#2451,.T.);
#2449=VERTEX_POINT('',#2450);
#2450=CARTESIAN_POINT('',(0.16,0.,-3.9));
#2451=CIRCLE('',#2452,0.16);
#2452=AXIS2_PLACEMENT_3D('',#2453,#61,#14);
#2453=CARTESIAN_POINT('',(0.16,0.,-3.74));
#2454=ORIENTED_EDGE('',*,*,#2288,.F.);
#2455=ORIENTED_EDGE('',*,*,#2448,.T.);
#2456=ORIENTED_EDGE('',*,*,#2457,.T.);
#2457=EDGE_CURVE('',#2449,#2449,#2458,.T.);
#2458=CIRCLE('',#2459,0.16);
#2459=AXIS2_PLACEMENT_3D('',#2460,#13,#14);
#2460=CARTESIAN_POINT('',(0.,0.,-3.9));
#2461=TOROIDAL_SURFACE('',#2462,0.16,0.16);
#2462=AXIS2_PLACEMENT_3D('',#2291,#91,#14);
#2463=ADVANCED_FACE('',(#2464),#2480,.T.);
#2464=FACE_BOUND('',#2465,.F.);
#2465=EDGE_LOOP('',(#2466,#2473,#2474,#2475));
#2466=ORIENTED_EDGE('',*,*,#2467,.F.);
#2467=EDGE_CURVE('',#2301,#2468,#2470,.T.);
#2468=VERTEX_POINT('',#2469);
#2469=CARTESIAN_POINT('',(2.93,0.,-3.9));
#2470=CIRCLE('',#2471,0.16);
#2471=AXIS2_PLACEMENT_3D('',#2472,#61,#14);
#2472=CARTESIAN_POINT('',(2.93,0.,-3.74));
#2473=ORIENTED_EDGE('',*,*,#2306,.F.);
#2474=ORIENTED_EDGE('',*,*,#2467,.T.);
#2475=ORIENTED_EDGE('',*,*,#2476,.T.);
#2476=EDGE_CURVE('',#2468,#2468,#2477,.T.);
#2477=CIRCLE('',#2478,0.16);
#2478=AXIS2_PLACEMENT_3D('',#2479,#13,#14);
#2479=CARTESIAN_POINT('',(2.77,0.,-3.9));
#2480=TOROIDAL_SURFACE('',#2481,0.16,0.16);
#2481=AXIS2_PLACEMENT_3D('',#2309,#91,#14);
#2482=ADVANCED_FACE('',(#2483),#2499,.T.);
#2483=FACE_BOUND('',#2484,.F.);
#2484=EDGE_LOOP('',(#2485,#2492,#2493,#2494));
#2485=ORIENTED_EDGE('',*,*,#2486,.F.);
#2486=EDGE_CURVE('',#2319,#2487,#2489,.T.);
#2487=VERTEX_POINT('',#2488);
#2488=CARTESIAN_POINT('',(5.7,0.,-3.9));
#2489=CIRCLE('',#2490,0.16);
#2490=AXIS2_PLACEMENT_3D('',#2491,#61,#14);
#2491=CARTESIAN_POINT('',(5.7,0.,-3.74));
#2492=ORIENTED_EDGE('',*,*,#2324,.F.);
#2493=ORIENTED_EDGE('',*,*,#2486,.T.);
#2494=ORIENTED_EDGE('',*,*,#2495,.T.);
#2495=EDGE_CURVE('',#2487,#2487,#2496,.T.);
#2496=CIRCLE('',#2497,0.16);
#2497=AXIS2_PLACEMENT_3D('',#2498,#13,#14);
#2498=CARTESIAN_POINT('',(5.54,0.,-3.9));
#2499=TOROIDAL_SURFACE('',#2500,0.16,0.16);
#2500=AXIS2_PLACEMENT_3D('',#2327,#91,#14);
#2501=ADVANCED_FACE('',(#2502),#2518,.T.);
#2502=FACE_BOUND('',#2503,.F.);
#2503=EDGE_LOOP('',(#2504,#2511,#2512,#2513));
#2504=ORIENTED_EDGE('',*,*,#2505,.F.);
#2505=EDGE_CURVE('',#2337,#2506,#2508,.T.);
#2506=VERTEX_POINT('',#2507);
#2507=CARTESIAN_POINT('',(8.47,0.,-3.9));
#2508=CIRCLE('',#2509,0.16);
#2509=AXIS2_PLACEMENT_3D('',#2510,#61,#14);
#2510=CARTESIAN_POINT('',(8.47,0.,-3.74));
#2511=ORIENTED_EDGE('',*,*,#2342,.F.);
#2512=ORIENTED_EDGE('',*,*,#2505,.T.);
#2513=ORIENTED_EDGE('',*,*,#2514,.T.);
#2514=EDGE_CURVE('',#2506,#2506,#2515,.T.);
#2515=CIRCLE('',#2516,0.16);
#2516=AXIS2_PLACEMENT_3D('',#2517,#13,#14);
#2517=CARTESIAN_POINT('',(8.31,0.,-3.9));
#2518=TOROIDAL_SURFACE('',#2519,0.16,0.16);
#2519=AXIS2_PLACEMENT_3D('',#2345,#91,#14);
#2520=ADVANCED_FACE('',(#2521),#2537,.T.);
#2521=FACE_BOUND('',#2522,.F.);
#2522=EDGE_LOOP('',(#2523,#2530,#2531,#2532));
#2523=ORIENTED_EDGE('',*,*,#2524,.F.);
#2524=EDGE_CURVE('',#2355,#2525,#2527,.T.);
#2525=VERTEX_POINT('',#2526);
#2526=CARTESIAN_POINT('',(11.24,0.,-3.9));
#2527=CIRCLE('',#2528,0.16);
#2528=AXIS2_PLACEMENT_3D('',#2529,#61,#14);
#2529=CARTESIAN_POINT('',(11.24,0.,-3.74));
#2530=ORIENTED_EDGE('',*,*,#2360,.F.);
#2531=ORIENTED_EDGE('',*,*,#2524,.T.);
#2532=ORIENTED_EDGE('',*,*,#2533,.T.);
#2533=EDGE_CURVE('',#2525,#2525,#2534,.T.);
#2534=CIRCLE('',#2535,0.16);
#2535=AXIS2_PLACEMENT_3D('',#2536,#13,#14);
#2536=CARTESIAN_POINT('',(11.08,0.,-3.9));
#2537=TOROIDAL_SURFACE('',#2538,0.16,0.16);
#2538=AXIS2_PLACEMENT_3D('',#2363,#91,#14);
#2539=ADVANCED_FACE('',(#2540),#2542,.F.);
#2540=FACE_BOUND('',#2541,.F.);
#2541=EDGE_LOOP('',(#2380));
#2542=PLANE('',#2383);
#2543=ADVANCED_FACE('',(#2544),#2546,.F.);
#2544=FACE_BOUND('',#2545,.F.);
#2545=EDGE_LOOP('',(#2399));
#2546=PLANE('',#2402);
#2547=ADVANCED_FACE('',(#2548),#2550,.F.);
#2548=FACE_BOUND('',#2549,.F.);
#2549=EDGE_LOOP('',(#2418));
#2550=PLANE('',#2421);
#2551=ADVANCED_FACE('',(#2552),#2554,.F.);
#2552=FACE_BOUND('',#2553,.F.);
#2553=EDGE_LOOP('',(#2437));
#2554=PLANE('',#2440);
#2555=ADVANCED_FACE('',(#2556),#2558,.F.);
#2556=FACE_BOUND('',#2557,.F.);
#2557=EDGE_LOOP('',(#2456));
#2558=PLANE('',#2459);
#2559=ADVANCED_FACE('',(#2560),#2562,.F.);
#2560=FACE_BOUND('',#2561,.F.);
#2561=EDGE_LOOP('',(#2475));
#2562=PLANE('',#2478);
#2563=ADVANCED_FACE('',(#2564),#2566,.F.);
#2564=FACE_BOUND('',#2565,.F.);
#2565=EDGE_LOOP('',(#2494));
#2566=PLANE('',#2497);
#2567=ADVANCED_FACE('',(#2568),#2570,.F.);
#2568=FACE_BOUND('',#2569,.F.);
#2569=EDGE_LOOP('',(#2513));
#2570=PLANE('',#2516);
#2571=ADVANCED_FACE('',(#2572),#2574,.F.);
#2572=FACE_BOUND('',#2573,.F.);
#2573=EDGE_LOOP('',(#2532));
#2574=PLANE('',#2535);
#2575=ORIENTED_CLOSED_SHELL('',*,#2576,.F.);
#2576=CLOSED_SHELL('',(#2577,#2844,#2874,#2890,#2912,#2928,#2951,#2967,#2989,#2998,#3011,#3024,#3037,#3050,#3063,#3076,#3089,#3102,#3115));
#2577=ADVANCED_FACE('',(#2578,#2760,#2769,#2778,#2787,#2796,#2805,#2814,#2823,#2832),#2841,.F.);
#2578=FACE_BOUND('',#2579,.F.);
#2579=EDGE_LOOP('',(#2580,#2671,#2676,#2701,#2706,#2727,#2732,#2757));
#2580=ORIENTED_EDGE('',*,*,#2581,.F.);
#2581=EDGE_CURVE('',#2582,#2584,#2586,.T.);
#2582=VERTEX_POINT('',#2583);
#2583=CARTESIAN_POINT('',(11.286887157304,-4.801662479036,4.8));
#2584=VERTEX_POINT('',#2585);
#2585=CARTESIAN_POINT('',(12.005726357235,-4.20638250574,4.8));
#2586=B_SPLINE_CURVE_WITH_KNOTS('',5,(#2583,#2587,#2588,#2589,#2590,#2591,#2592,#2593,#2594,#2595,#2596,#2597,#2598,#2599,#2600,#2601,#2602,#2603,#2604,#2605,#2606,#2607,#2608,#2609,#2610,#2611,#2612,#2613,#2614,#2615,#2616,#2617,#2618,#2619,#2620,#2621,#2622,#2623,#2624,#2625,#2626,#2627,#2628,#2629,#2630,#2631,#2632,#2633,#2634,#2635,#2636,#2637,#2638,#2639,#2640,#2641,#2642,#2643,#2644,#2645,#2646,#2647,#2648,#2649,#2650,#2651,#2652,#2653,#2654,#2655,#2656,#2657,#2658,#2659,#2660,#2661,#2662,#2663,#2664,#2665,#2666,#2667,#2668,#2669,#2670,#2585),.UNSPECIFIED.,.F.,.F.,(6,4,4,4,4,4,4,4,4,4,4,4,4,4,4,4,4,4,4,4,4,6),(0.,0.278998950451,0.332999029563,0.365999078123,0.441999187794,0.462999218714,0.481999246691,0.581999385103,0.632999459898,0.660999501114,0.681999532035,0.704999565898,0.735999611522,0.765999655678,0.78799968807,0.829999749802,0.859999793957,0.896999848381,0.918999880773,0.947999923459,0.979999970551,1.),.UNSPECIFIED.);
#2587=CARTESIAN_POINT('',(11.343362479393,-4.801662479036,4.8));
#2588=CARTESIAN_POINT('',(11.399839136611,-4.796213400883,4.8));
#2589=CARTESIAN_POINT('',(11.455612253971,-4.785315241699,4.8));
#2590=CARTESIAN_POINT('',(11.509985961891,-4.769103975547,4.8));
#2591=CARTESIAN_POINT('',(11.572433984338,-4.743730268293,4.8));
#2592=CARTESIAN_POINT('',(11.582483896186,-4.739426482361,4.8));
#2593=CARTESIAN_POINT('',(11.592452257735,-4.734935498167,4.8));
#2594=CARTESIAN_POINT('',(11.602334435502,-4.730259403206,4.8));
#2595=CARTESIAN_POINT('',(11.618109530862,-4.722431102649,4.8));
#2596=CARTESIAN_POINT('',(11.624059300887,-4.719393460441,4.8));
#2597=CARTESIAN_POINT('',(11.62997414476,-4.716288047167,4.8));
#2598=CARTESIAN_POINT('',(11.635853035495,-4.713115402015,4.8));
#2599=CARTESIAN_POINT('',(11.655149083542,-4.702415848601,4.8));
#2600=CARTESIAN_POINT('',(11.668407137554,-4.694601996791,4.8));
#2601=CARTESIAN_POINT('',(11.681456714857,-4.686441411634,4.8));
#2602=CARTESIAN_POINT('',(11.694285804747,-4.677941604054,4.8));
#2603=CARTESIAN_POINT('',(11.710363537833,-4.66667060269,4.8));
#2604=CARTESIAN_POINT('',(11.713826563373,-4.664205210642,4.8));
#2605=CARTESIAN_POINT('',(11.717271623242,-4.661714711907,4.8));
#2606=CARTESIAN_POINT('',(11.72069847519,-4.659199281613,4.8));
#2607=CARTESIAN_POINT('',(11.7271906739,-4.654360837406,4.8));
#2608=CARTESIAN_POINT('',(11.730259367177,-4.652042313811,4.8));
#2609=CARTESIAN_POINT('',(11.733312781814,-4.649703659929,4.8));
#2610=CARTESIAN_POINT('',(11.736350742048,-4.647345010379,4.8));
#2611=CARTESIAN_POINT('',(11.755280082162,-4.632448038502,4.8));
#2612=CARTESIAN_POINT('',(11.770754184767,-4.619379459437,4.8));
#2613=CARTESIAN_POINT('',(11.785769968285,-4.605780768248,4.8));
#2614=CARTESIAN_POINT('',(11.800303517787,-4.591673622929,4.8));
#2615=CARTESIAN_POINT('',(11.821487155928,-4.569639269224,4.8));
#2616=CARTESIAN_POINT('',(11.828510639272,-4.562071013311,4.8));
#2617=CARTESIAN_POINT('',(11.835399897915,-4.554379656621,4.8));
#2618=CARTESIAN_POINT('',(11.842152075412,-4.546568388165,4.8));
#2619=CARTESIAN_POINT('',(11.852394738964,-4.5342879304,4.8));
#2620=CARTESIAN_POINT('',(11.85598290382,-4.529900210416,4.8));
#2621=CARTESIAN_POINT('',(11.859528468469,-4.525477881998,4.8));
#2622=CARTESIAN_POINT('',(11.863030989702,-4.521021497958,4.8));
#2623=CARTESIAN_POINT('',(11.869084318994,-4.513164210986,4.8));
#2624=CARTESIAN_POINT('',(11.871654147787,-4.50977796176,4.8));
#2625=CARTESIAN_POINT('',(11.874199338937,-4.506373108834,4.8));
#2626=CARTESIAN_POINT('',(11.876719713475,-4.502949891628,4.8));
#2627=CARTESIAN_POINT('',(11.881948133801,-4.495739466089,4.8));
#2628=CARTESIAN_POINT('',(11.884651192514,-4.491948641506,4.8));
#2629=CARTESIAN_POINT('',(11.887324041477,-4.488136396388,4.8));
#2630=CARTESIAN_POINT('',(11.889966455237,-4.484303052293,4.8));
#2631=CARTESIAN_POINT('',(11.896098409322,-4.475254253685,4.8));
#2632=CARTESIAN_POINT('',(11.899562915297,-4.470021834468,4.8));
#2633=CARTESIAN_POINT('',(11.902971191847,-4.464752472906,4.8));
#2634=CARTESIAN_POINT('',(11.906322716746,-4.459446976383,4.8));
#2635=CARTESIAN_POINT('',(11.912804986696,-4.44893763487,4.8));
#2636=CARTESIAN_POINT('',(11.915939366187,-4.443736031527,4.8));
#2637=CARTESIAN_POINT('',(11.919019665953,-4.438502095342,4.8));
#2638=CARTESIAN_POINT('',(11.922045443977,-4.433236577374,4.8));
#2639=CARTESIAN_POINT('',(11.927194882386,-4.424056255535,4.8));
#2640=CARTESIAN_POINT('',(11.929343941053,-4.420155698043,4.8));
#2641=CARTESIAN_POINT('',(11.931463281673,-4.416238865165,4.8));
#2642=CARTESIAN_POINT('',(11.933552740688,-4.412306059178,4.8));
#2643=CARTESIAN_POINT('',(11.939543776171,-4.400819588418,4.8));
#2644=CARTESIAN_POINT('',(11.943365906642,-4.393224486464,4.8));
#2645=CARTESIAN_POINT('',(11.94707744427,-4.385574400068,4.8));
#2646=CARTESIAN_POINT('',(11.950677345273,-4.377871480634,4.8));
#2647=CARTESIAN_POINT('',(11.956655544872,-4.364579645064,4.8));
#2648=CARTESIAN_POINT('',(11.959089003328,-4.359015537582,4.8));
#2649=CARTESIAN_POINT('',(11.961464646195,-4.353426382404,4.8));
#2650=CARTESIAN_POINT('',(11.963782132575,-4.347812981562,4.8));
#2651=CARTESIAN_POINT('',(11.968827245153,-4.33522404471,4.8));
#2652=CARTESIAN_POINT('',(11.971524396456,-4.328236295469,4.8));
#2653=CARTESIAN_POINT('',(11.974131983753,-4.321214414496,4.8));
#2654=CARTESIAN_POINT('',(11.976649437901,-4.314159934414,4.8));
#2655=CARTESIAN_POINT('',(11.980519185843,-4.302861383376,4.8));
#2656=CARTESIAN_POINT('',(11.981930089453,-4.29863738611,4.8));
#2657=CARTESIAN_POINT('',(11.983308828438,-4.294402735797,4.8));
#2658=CARTESIAN_POINT('',(11.984655296394,-4.290157759242,4.8));
#2659=CARTESIAN_POINT('',(11.987701608682,-4.280293955016,4.8));
#2660=CARTESIAN_POINT('',(11.989377574998,-4.27466775287,4.8));
#2661=CARTESIAN_POINT('',(11.990997058501,-4.269024930731,4.8));
#2662=CARTESIAN_POINT('',(11.992559842033,-4.263366245255,4.8));
#2663=CARTESIAN_POINT('',(11.995727386041,-4.25143172609,4.8));
#2664=CARTESIAN_POINT('',(11.997319764788,-4.245152606062,4.8));
#2665=CARTESIAN_POINT('',(11.998842588472,-4.238856119869,4.8));
#2666=CARTESIAN_POINT('',(12.000295608467,-4.232543295517,4.8));
#2667=CARTESIAN_POINT('',(12.002542967923,-4.222260085881,4.8));
#2668=CARTESIAN_POINT('',(12.003379981655,-4.218299026841,4.8));
#2669=CARTESIAN_POINT('',(12.004189584958,-4.214332241682,4.8));
#2670=CARTESIAN_POINT('',(12.004971726198,-4.210359983409,4.8));
#2671=ORIENTED_EDGE('',*,*,#2672,.T.);
#2672=EDGE_CURVE('',#2582,#2673,#2675,.T.);
#2673=VERTEX_POINT('',#2674);
#2674=CARTESIAN_POINT('',(-0.206887157304,-4.801662479036,4.8));
#2675=LINE('',#2583,#36);
#2676=ORIENTED_EDGE('',*,*,#2677,.F.);
#2677=EDGE_CURVE('',#2678,#2673,#2680,.T.);
#2678=VERTEX_POINT('',#2679);
#2679=CARTESIAN_POINT('',(-0.925726357235,-4.20638250574,4.8));
#2680=B_SPLINE_CURVE_WITH_KNOTS('',6,(#2679,#2681,#2682,#2683,#2684,#2685,#2686,#2687,#2688,#2689,#2690,#2691,#2692,#2693,#2694,#2695,#2696,#2697,#2698,#2699,#2700,#2674),.UNSPECIFIED.,.F.,.F.,(7,5,5,5,7),(0.,0.426994464441,0.596997012314,0.669998158249,1.),.UNSPECIFIED.);
#2681=CARTESIAN_POINT('',(-0.91230059851,-4.277146432593,4.8));
#2682=CARTESIAN_POINT('',(-0.89051401363,-4.346331920034,4.8));
#2683=CARTESIAN_POINT('',(-0.860600919643,-4.412686881963,4.8));
#2684=CARTESIAN_POINT('',(-0.823045532159,-4.475035635241,4.8));
#2685=CARTESIAN_POINT('',(-0.77853930794,-4.532311135754,4.8));
#2686=CARTESIAN_POINT('',(-0.707848620858,-4.604031768095,4.8));
#2687=CARTESIAN_POINT('',(-0.686757857621,-4.623508488517,4.8));
#2688=CARTESIAN_POINT('',(-0.664762409936,-4.641981792625,4.8));
#2689=CARTESIAN_POINT('',(-0.641922161057,-4.659399763652,4.8));
#2690=CARTESIAN_POINT('',(-0.618300877531,-4.675715335872,4.8));
#2691=CARTESIAN_POINT('',(-0.583516608893,-4.697400887384,4.8));
#2692=CARTESIAN_POINT('',(-0.572935436652,-4.703704439596,4.8));
#2693=CARTESIAN_POINT('',(-0.562228025959,-4.709793626426,4.8));
#2694=CARTESIAN_POINT('',(-0.551399812912,-4.715665307805,4.8));
#2695=CARTESIAN_POINT('',(-0.540456336214,-4.721316528406,4.8));
#2696=CARTESIAN_POINT('',(-0.479437678504,-4.751281754997,4.8));
#2697=CARTESIAN_POINT('',(-0.427230051345,-4.77125806854,4.8));
#2698=CARTESIAN_POINT('',(-0.373304948115,-4.786415830262,4.8));
#2699=CARTESIAN_POINT('',(-0.318219934253,-4.796580265644,4.8));
#2700=CARTESIAN_POINT('',(-0.262552524188,-4.801662479036,4.8));
#2701=ORIENTED_EDGE('',*,*,#2702,.T.);
#2702=EDGE_CURVE('',#2678,#2703,#2705,.T.);
#2703=VERTEX_POINT('',#2704);
#2704=CARTESIAN_POINT('',(-1.93127430244,1.09361749426,4.8));
#2705=LINE('',#2679,#52);
#2706=ORIENTED_EDGE('',*,*,#2707,.F.);
#2707=EDGE_CURVE('',#2708,#2703,#2710,.T.);
#2708=VERTEX_POINT('',#2709);
#2709=CARTESIAN_POINT('',(-1.21243510251,1.961662479036,4.8));
#2710=B_SPLINE_CURVE_WITH_KNOTS('',5,(#2709,#2711,#2712,#2713,#2714,#2715,#2716,#2717,#2718,#2719,#2720,#2721,#2722,#2723,#2724,#2725,#2726,#2704),.UNSPECIFIED.,.F.,.F.,(6,4,4,4,6),(0.,0.25,0.5,0.75,1.),.UNSPECIFIED.);
#2711=CARTESIAN_POINT('',(-1.276758421409,1.961662479036,4.8));
#2712=CARTESIAN_POINT('',(-1.34108428323,1.954593662321,4.8));
#2713=CARTESIAN_POINT('',(-1.404369557558,1.940456017035,4.8));
#2714=CARTESIAN_POINT('',(-1.465588329296,1.91947872799,4.8));
#2715=CARTESIAN_POINT('',(-1.582004950865,1.864732699464,4.8));
#2716=CARTESIAN_POINT('',(-1.637207403046,1.830961795685,4.8));
#2717=CARTESIAN_POINT('',(-1.688460028167,1.791236899472,4.8));
#2718=CARTESIAN_POINT('',(-1.734931971936,1.746201989557,4.8));
#2719=CARTESIAN_POINT('',(-1.816983880318,1.647118985223,4.8));
#2720=CARTESIAN_POINT('',(-1.852567088724,1.593066973713,4.8));
#2721=CARTESIAN_POINT('',(-1.882042224855,1.535307859185,4.8));
#2722=CARTESIAN_POINT('',(-1.904931468437,1.474777972376,4.8));
#2723=CARTESIAN_POINT('',(-1.937017849053,1.35019698829,4.8));
#2724=CARTESIAN_POINT('',(-1.946216254573,1.286140965898,4.8));
#2725=CARTESIAN_POINT('',(-1.948309691617,1.221329574289,4.8));
#2726=CARTESIAN_POINT('',(-1.943264223559,1.156813468386,4.8));
#2727=ORIENTED_EDGE('',*,*,#2728,.T.);
#2728=EDGE_CURVE('',#2708,#2729,#2731,.T.);
#2729=VERTEX_POINT('',#2730);
#2730=CARTESIAN_POINT('',(12.29243510251,1.961662479036,4.8));
#2731=LINE('',#2709,#68);
#2732=ORIENTED_EDGE('',*,*,#2733,.F.);
#2733=EDGE_CURVE('',#2734,#2729,#2736,.T.);
#2734=VERTEX_POINT('',#2735);
#2735=CARTESIAN_POINT('',(13.01127430244,1.09361749426,4.8));
#2736=B_SPLINE_CURVE_WITH_KNOTS('',6,(#2735,#2737,#2738,#2739,#2740,#2741,#2742,#2743,#2744,#2745,#2746,#2747,#2748,#2749,#2750,#2751,#2752,#2753,#2754,#2755,#2756,#2730),.UNSPECIFIED.,.F.,.F.,(7,5,5,5,7),(0.,0.15500464566,0.260007902272,0.630003951136,1.),.UNSPECIFIED.);
#2737=CARTESIAN_POINT('',(13.017469140977,1.126268989799,4.8));
#2738=CARTESIAN_POINT('',(13.021884276381,1.159258504518,4.8));
#2739=CARTESIAN_POINT('',(13.024496607655,1.192463840102,4.8));
#2740=CARTESIAN_POINT('',(13.025294227923,1.225762224266,4.8));
#2741=CARTESIAN_POINT('',(13.024276424431,1.259030310746,4.8));
#2742=CARTESIAN_POINT('',(13.019541493855,1.314576178189,4.8));
#2743=CARTESIAN_POINT('',(13.016801018835,1.336937621852,4.8));
#2744=CARTESIAN_POINT('',(13.013235531591,1.359190147583,4.8));
#2745=CARTESIAN_POINT('',(13.008850634047,1.381295809171,4.8));
#2746=CARTESIAN_POINT('',(13.003654251944,1.403217076904,4.8));
#2747=CARTESIAN_POINT('',(12.976523055713,1.501379472814,4.8));
#2748=CARTESIAN_POINT('',(12.945437673158,1.575104467968,4.8));
#2749=CARTESIAN_POINT('',(12.904849884942,1.644444851371,4.8));
#2750=CARTESIAN_POINT('',(12.85556847914,1.707901926351,4.8));
#2751=CARTESIAN_POINT('',(12.798684056711,1.76416770995,4.8));
#2752=CARTESIAN_POINT('',(12.672432893457,1.860257744783,4.8));
#2753=CARTESIAN_POINT('',(12.603046290605,1.900097113048,4.8));
#2754=CARTESIAN_POINT('',(12.528753740444,1.93069244461,4.8));
#2755=CARTESIAN_POINT('',(12.451106496822,1.951341000992,4.8));
#2756=CARTESIAN_POINT('',(12.37176455955,1.961662479036,4.8));
#2757=ORIENTED_EDGE('',*,*,#2758,.T.);
#2758=EDGE_CURVE('',#2734,#2584,#2759,.T.);
#2759=LINE('',#2735,#80);
#2760=FACE_BOUND('',#2761,.F.);
#2761=EDGE_LOOP('',(#2762));
#2762=ORIENTED_EDGE('',*,*,#2763,.F.);
#2763=EDGE_CURVE('',#2764,#2764,#2766,.T.);
#2764=VERTEX_POINT('',#2765);
#2765=CARTESIAN_POINT('',(10.015,-2.84,4.8));
#2766=CIRCLE('',#2767,0.32);
#2767=AXIS2_PLACEMENT_3D('',#2768,#91,#14);
#2768=CARTESIAN_POINT('',(9.695,-2.84,4.8));
#2769=FACE_BOUND('',#2770,.F.);
#2770=EDGE_LOOP('',(#2771));
#2771=ORIENTED_EDGE('',*,*,#2772,.F.);
#2772=EDGE_CURVE('',#2773,#2773,#2775,.T.);
#2773=VERTEX_POINT('',#2774);
#2774=CARTESIAN_POINT('',(7.245,-2.84,4.8));
#2775=CIRCLE('',#2776,0.32);
#2776=AXIS2_PLACEMENT_3D('',#2777,#91,#14);
#2777=CARTESIAN_POINT('',(6.925,-2.84,4.8));
#2778=FACE_BOUND('',#2779,.F.);
#2779=EDGE_LOOP('',(#2780));
#2780=ORIENTED_EDGE('',*,*,#2781,.F.);
#2781=EDGE_CURVE('',#2782,#2782,#2784,.T.);
#2782=VERTEX_POINT('',#2783);
#2783=CARTESIAN_POINT('',(4.475,-2.84,4.8));
#2784=CIRCLE('',#2785,0.32);
#2785=AXIS2_PLACEMENT_3D('',#2786,#91,#14);
#2786=CARTESIAN_POINT('',(4.155,-2.84,4.8));
#2787=FACE_BOUND('',#2788,.F.);
#2788=EDGE_LOOP('',(#2789));
#2789=ORIENTED_EDGE('',*,*,#2790,.F.);
#2790=EDGE_CURVE('',#2791,#2791,#2793,.T.);
#2791=VERTEX_POINT('',#2792);
#2792=CARTESIAN_POINT('',(1.705,-2.84,4.8));
#2793=CIRCLE('',#2794,0.32);
#2794=AXIS2_PLACEMENT_3D('',#2795,#91,#14);
#2795=CARTESIAN_POINT('',(1.385,-2.84,4.8));
#2796=FACE_BOUND('',#2797,.F.);
#2797=EDGE_LOOP('',(#2798));
#2798=ORIENTED_EDGE('',*,*,#2799,.F.);
#2799=EDGE_CURVE('',#2800,#2800,#2802,.T.);
#2800=VERTEX_POINT('',#2801);
#2801=CARTESIAN_POINT('',(11.4,0.,4.8));
#2802=CIRCLE('',#2803,0.32);
#2803=AXIS2_PLACEMENT_3D('',#2804,#91,#14);
#2804=CARTESIAN_POINT('',(11.08,0.,4.8));
#2805=FACE_BOUND('',#2806,.F.);
#2806=EDGE_LOOP('',(#2807));
#2807=ORIENTED_EDGE('',*,*,#2808,.F.);
#2808=EDGE_CURVE('',#2809,#2809,#2811,.T.);
#2809=VERTEX_POINT('',#2810);
#2810=CARTESIAN_POINT('',(8.63,0.,4.8));
#2811=CIRCLE('',#2812,0.32);
#2812=AXIS2_PLACEMENT_3D('',#2813,#91,#14);
#2813=CARTESIAN_POINT('',(8.31,0.,4.8));
#2814=FACE_BOUND('',#2815,.F.);
#2815=EDGE_LOOP('',(#2816));
#2816=ORIENTED_EDGE('',*,*,#2817,.F.);
#2817=EDGE_CURVE('',#2818,#2818,#2820,.T.);
#2818=VERTEX_POINT('',#2819);
#2819=CARTESIAN_POINT('',(5.86,0.,4.8));
#2820=CIRCLE('',#2821,0.32);
#2821=AXIS2_PLACEMENT_3D('',#2822,#91,#14);
#2822=CARTESIAN_POINT('',(5.54,0.,4.8));
#2823=FACE_BOUND('',#2824,.F.);
#2824=EDGE_LOOP('',(#2825));
#2825=ORIENTED_EDGE('',*,*,#2826,.F.);
#2826=EDGE_CURVE('',#2827,#2827,#2829,.T.);
#2827=VERTEX_POINT('',#2828);
#2828=CARTESIAN_POINT('',(3.09,0.,4.8));
#2829=CIRCLE('',#2830,0.32);
#2830=AXIS2_PLACEMENT_3D('',#2831,#91,#14);
#2831=CARTESIAN_POINT('',(2.77,0.,4.8));
#2832=FACE_BOUND('',#2833,.F.);
#2833=EDGE_LOOP('',(#2834));
#2834=ORIENTED_EDGE('',*,*,#2835,.F.);
#2835=EDGE_CURVE('',#2836,#2836,#2838,.T.);
#2836=VERTEX_POINT('',#2837);
#2837=CARTESIAN_POINT('',(0.32,0.,4.8));
#2838=CIRCLE('',#2839,0.32);
#2839=AXIS2_PLACEMENT_3D('',#2840,#91,#14);
#2840=CARTESIAN_POINT('',(0.,0.,4.8));
#2841=PLANE('',#2842);
#2842=AXIS2_PLACEMENT_3D('',#2843,#91,#37);
#2843=CARTESIAN_POINT('',(5.54,-1.181841134212,4.8));
#2844=ADVANCED_FACE('',(#2845),#2866,.T.);
#2845=FACE_BOUND('',#2846,.T.);
#2846=EDGE_LOOP('',(#2847,#2580,#2855,#2862));
#2847=ORIENTED_EDGE('',*,*,#2848,.F.);
#2848=EDGE_CURVE('',#2584,#2849,#2851,.T.);
#2849=VERTEX_POINT('',#2850);
#2850=CARTESIAN_POINT('',(11.679876668467,-4.144560338762,4.7));
#2851=CIRCLE('',#2852,0.6);
#2852=AXIS2_PLACEMENT_3D('',#2853,#2854,#29);
#2853=CARTESIAN_POINT('',(11.679876668467,-4.144560338762,5.3));
#2854=DIRECTION('',(0.186400846904,0.982473777906,0.));
#2855=ORIENTED_EDGE('',*,*,#2856,.T.);
#2856=EDGE_CURVE('',#2582,#2857,#2859,.T.);
#2857=VERTEX_POINT('',#2858);
#2858=CARTESIAN_POINT('',(11.286887157304,-4.47,4.7));
#2859=CIRCLE('',#2860,0.6);
#2860=AXIS2_PLACEMENT_3D('',#2861,#14,#45);
#2861=CARTESIAN_POINT('',(11.286887157304,-4.47,5.3));
#2862=ORIENTED_EDGE('',*,*,#2863,.F.);
#2863=EDGE_CURVE('',#2849,#2857,#2864,.T.);
#2864=CIRCLE('',#2865,0.4);
#2865=AXIS2_PLACEMENT_3D('',#190,#91,#29);
#2866=SURFACE_OF_REVOLUTION('',#2867,#2872);
#2867=B_SPLINE_CURVE_WITH_KNOTS('',5,(#2585,#2868,#2869,#2870,#2871,#2850),.UNSPECIFIED.,.F.,.F.,(6,6),(0.985110783338,1.570796326795),.PIECEWISE_BEZIER_KNOTS.);
#2868=CARTESIAN_POINT('',(11.94818428838,-4.195465277608,4.761150016144));
#2869=CARTESIAN_POINT('',(11.885053689561,-4.183487759887,4.730875000496));
#2870=CARTESIAN_POINT('',(11.817977824153,-4.170761722409,4.710290090423));
#2871=CARTESIAN_POINT('',(11.748927151092,-4.15766101252,4.7));
#2872=AXIS1_PLACEMENT('',#2873,#91);
#2873=CARTESIAN_POINT('',(11.286887157304,-4.07,5.3));
#2874=ADVANCED_FACE('',(#2875),#2888,.T.);
#2875=FACE_BOUND('',#2876,.F.);
#2876=EDGE_LOOP('',(#2877,#2878,#2885,#2847));
#2877=ORIENTED_EDGE('',*,*,#2758,.F.);
#2878=ORIENTED_EDGE('',*,*,#2879,.T.);
#2879=EDGE_CURVE('',#2734,#2880,#2882,.T.);
#2880=VERTEX_POINT('',#2881);
#2881=CARTESIAN_POINT('',(12.685424613672,1.155439661238,4.7));
#2882=CIRCLE('',#2883,0.6);
#2883=AXIS2_PLACEMENT_3D('',#2884,#2854,#29);
#2884=CARTESIAN_POINT('',(12.685424613672,1.155439661238,5.3));
#2885=ORIENTED_EDGE('',*,*,#2886,.T.);
#2886=EDGE_CURVE('',#2880,#2849,#2887,.T.);
#2887=LINE('',#2881,#80);
#2888=CYLINDRICAL_SURFACE('',#2889,0.6);
#2889=AXIS2_PLACEMENT_3D('',#2884,#81,#29);
#2890=ADVANCED_FACE('',(#2891),#2904,.T.);
#2891=FACE_BOUND('',#2892,.T.);
#2892=EDGE_LOOP('',(#2893,#2732,#2878,#2900));
#2893=ORIENTED_EDGE('',*,*,#2894,.F.);
#2894=EDGE_CURVE('',#2729,#2895,#2897,.T.);
#2895=VERTEX_POINT('',#2896);
#2896=CARTESIAN_POINT('',(12.29243510251,1.63,4.7));
#2897=CIRCLE('',#2898,0.6);
#2898=AXIS2_PLACEMENT_3D('',#2899,#37,#61);
#2899=CARTESIAN_POINT('',(12.29243510251,1.63,5.3));
#2900=ORIENTED_EDGE('',*,*,#2901,.F.);
#2901=EDGE_CURVE('',#2895,#2880,#2902,.T.);
#2902=CIRCLE('',#2903,0.4);
#2903=AXIS2_PLACEMENT_3D('',#224,#91,#61);
#2904=SURFACE_OF_REVOLUTION('',#2905,#2910);
#2905=B_SPLINE_CURVE_WITH_KNOTS('',5,(#2730,#2906,#2907,#2908,#2909,#2896),.UNSPECIFIED.,.F.,.F.,(6,6),(0.985110783338,1.570796326795),.PIECEWISE_BEZIER_KNOTS.);
#2906=CARTESIAN_POINT('',(12.29243510251,1.90309392469,4.761150016144));
#2907=CARTESIAN_POINT('',(12.29243510251,1.838837147319,4.730875000496));
#2908=CARTESIAN_POINT('',(12.29243510251,1.770564724262,4.710290090423));
#2909=CARTESIAN_POINT('',(12.29243510251,1.700282265215,4.7));
#2910=AXIS1_PLACEMENT('',#2911,#91);
#2911=CARTESIAN_POINT('',(12.29243510251,1.23,5.3));
#2912=ADVANCED_FACE('',(#2913),#2926,.T.);
#2913=FACE_BOUND('',#2914,.F.);
#2914=EDGE_LOOP('',(#2915,#2916,#2923,#2893));
#2915=ORIENTED_EDGE('',*,*,#2728,.F.);
#2916=ORIENTED_EDGE('',*,*,#2917,.T.);
#2917=EDGE_CURVE('',#2708,#2918,#2920,.T.);
#2918=VERTEX_POINT('',#2919);
#2919=CARTESIAN_POINT('',(-1.21243510251,1.63,4.7));
#2920=CIRCLE('',#2921,0.6);
#2921=AXIS2_PLACEMENT_3D('',#2922,#37,#61);
#2922=CARTESIAN_POINT('',(-1.21243510251,1.63,5.3));
#2923=ORIENTED_EDGE('',*,*,#2924,.T.);
#2924=EDGE_CURVE('',#2918,#2895,#2925,.T.);
#2925=LINE('',#2919,#68);
#2926=CYLINDRICAL_SURFACE('',#2927,0.6);
#2927=AXIS2_PLACEMENT_3D('',#2922,#14,#61);
#2928=ADVANCED_FACE('',(#2929),#2943,.T.);
#2929=FACE_BOUND('',#2930,.T.);
#2930=EDGE_LOOP('',(#2931,#2706,#2916,#2939));
#2931=ORIENTED_EDGE('',*,*,#2932,.F.);
#2932=EDGE_CURVE('',#2703,#2933,#2935,.T.);
#2933=VERTEX_POINT('',#2934);
#2934=CARTESIAN_POINT('',(-1.605424613672,1.155439661238,4.7));
#2935=CIRCLE('',#2936,0.6);
#2936=AXIS2_PLACEMENT_3D('',#2937,#2938,#279);
#2937=CARTESIAN_POINT('',(-1.605424613672,1.155439661238,5.3));
#2938=DIRECTION('',(0.186400846904,-0.982473777906,0.));
#2939=ORIENTED_EDGE('',*,*,#2940,.F.);
#2940=EDGE_CURVE('',#2933,#2918,#2941,.T.);
#2941=CIRCLE('',#2942,0.4);
#2942=AXIS2_PLACEMENT_3D('',#260,#91,#279);
#2943=SURFACE_OF_REVOLUTION('',#2944,#2949);
#2944=B_SPLINE_CURVE_WITH_KNOTS('',5,(#2704,#2945,#2946,#2947,#2948,#2934),.UNSPECIFIED.,.F.,.F.,(6,6),(0.985110783338,1.570796326795),.PIECEWISE_BEZIER_KNOTS.);
#2945=CARTESIAN_POINT('',(-1.873732233586,1.104534722392,4.761150016144));
#2946=CARTESIAN_POINT('',(-1.810601634766,1.116512240113,4.730875000496));
#2947=CARTESIAN_POINT('',(-1.743525769358,1.129238277591,4.710290090423));
#2948=CARTESIAN_POINT('',(-1.674475096298,1.14233898748,4.7));
#2949=AXIS1_PLACEMENT('',#2950,#91);
#2950=CARTESIAN_POINT('',(-1.21243510251,1.23,5.3));
#2951=ADVANCED_FACE('',(#2952),#2965,.T.);
#2952=FACE_BOUND('',#2953,.F.);
#2953=EDGE_LOOP('',(#2954,#2955,#2962,#2931));
#2954=ORIENTED_EDGE('',*,*,#2702,.F.);
#2955=ORIENTED_EDGE('',*,*,#2956,.T.);
#2956=EDGE_CURVE('',#2678,#2957,#2959,.T.);
#2957=VERTEX_POINT('',#2958);
#2958=CARTESIAN_POINT('',(-0.599876668467,-4.144560338762,4.7));
#2959=CIRCLE('',#2960,0.6);
#2960=AXIS2_PLACEMENT_3D('',#2961,#2938,#279);
#2961=CARTESIAN_POINT('',(-0.599876668467,-4.144560338762,5.3));
#2962=ORIENTED_EDGE('',*,*,#2963,.T.);
#2963=EDGE_CURVE('',#2957,#2933,#2964,.T.);
#2964=LINE('',#2958,#52);
#2965=CYLINDRICAL_SURFACE('',#2966,0.6);
#2966=AXIS2_PLACEMENT_3D('',#2961,#53,#279);
#2967=ADVANCED_FACE('',(#2968),#2981,.T.);
#2968=FACE_BOUND('',#2969,.T.);
#2969=EDGE_LOOP('',(#2970,#2676,#2955,#2977));
#2970=ORIENTED_EDGE('',*,*,#2971,.F.);
#2971=EDGE_CURVE('',#2673,#2972,#2974,.T.);
#2972=VERTEX_POINT('',#2973);
#2973=CARTESIAN_POINT('',(-0.206887157304,-4.47,4.7));
#2974=CIRCLE('',#2975,0.6);
#2975=AXIS2_PLACEMENT_3D('',#2976,#14,#45);
#2976=CARTESIAN_POINT('',(-0.206887157304,-4.47,5.3));
#2977=ORIENTED_EDGE('',*,*,#2978,.F.);
#2978=EDGE_CURVE('',#2972,#2957,#2979,.T.);
#2979=CIRCLE('',#2980,0.4);
#2980=AXIS2_PLACEMENT_3D('',#296,#91,#45);
#2981=SURFACE_OF_REVOLUTION('',#2982,#2987);
#2982=B_SPLINE_CURVE_WITH_KNOTS('',5,(#2674,#2983,#2984,#2985,#2986,#2973),.UNSPECIFIED.,.F.,.F.,(6,6),(0.985110783338,1.570796326795),.PIECEWISE_BEZIER_KNOTS.);
#2983=CARTESIAN_POINT('',(-0.206887157304,-4.74309392469,4.761150016144));
#2984=CARTESIAN_POINT('',(-0.206887157304,-4.678837147319,4.730875000496));
#2985=CARTESIAN_POINT('',(-0.206887157304,-4.610564724262,4.710290090423));
#2986=CARTESIAN_POINT('',(-0.206887157304,-4.540282265215,4.7));
#2987=AXIS1_PLACEMENT('',#2988,#91);
#2988=CARTESIAN_POINT('',(-0.206887157304,-4.07,5.3));
#2989=ADVANCED_FACE('',(#2990),#2996,.T.);
#2990=FACE_BOUND('',#2991,.F.);
#2991=EDGE_LOOP('',(#2992,#2855,#2993,#2970));
#2992=ORIENTED_EDGE('',*,*,#2672,.F.);
#2993=ORIENTED_EDGE('',*,*,#2994,.T.);
#2994=EDGE_CURVE('',#2857,#2972,#2995,.T.);
#2995=LINE('',#2858,#36);
#2996=CYLINDRICAL_SURFACE('',#2997,0.6);
#2997=AXIS2_PLACEMENT_3D('',#2861,#37,#45);
#2998=ADVANCED_FACE('',(#2999),#324,.F.);
#2999=FACE_BOUND('',#3000,.T.);
#3000=EDGE_LOOP('',(#3001,#3008,#2762,#3010));
#3001=ORIENTED_EDGE('',*,*,#3002,.T.);
#3002=EDGE_CURVE('',#3003,#3003,#3005,.T.);
#3003=VERTEX_POINT('',#3004);
#3004=CARTESIAN_POINT('',(10.015,-2.84,4.7));
#3005=CIRCLE('',#3006,0.32);
#3006=AXIS2_PLACEMENT_3D('',#3007,#91,#14);
#3007=CARTESIAN_POINT('',(9.695,-2.84,4.7));
#3008=ORIENTED_EDGE('',*,*,#3009,.T.);
#3009=EDGE_CURVE('',#3003,#2764,#316,.T.);
#3010=ORIENTED_EDGE('',*,*,#3009,.F.);
#3011=ADVANCED_FACE('',(#3012),#343,.F.);
#3012=FACE_BOUND('',#3013,.T.);
#3013=EDGE_LOOP('',(#3014,#3021,#2771,#3023));
#3014=ORIENTED_EDGE('',*,*,#3015,.T.);
#3015=EDGE_CURVE('',#3016,#3016,#3018,.T.);
#3016=VERTEX_POINT('',#3017);
#3017=CARTESIAN_POINT('',(7.245,-2.84,4.7));
#3018=CIRCLE('',#3019,0.32);
#3019=AXIS2_PLACEMENT_3D('',#3020,#91,#14);
#3020=CARTESIAN_POINT('',(6.925,-2.84,4.7));
#3021=ORIENTED_EDGE('',*,*,#3022,.T.);
#3022=EDGE_CURVE('',#3016,#2773,#335,.T.);
#3023=ORIENTED_EDGE('',*,*,#3022,.F.);
#3024=ADVANCED_FACE('',(#3025),#362,.F.);
#3025=FACE_BOUND('',#3026,.T.);
#3026=EDGE_LOOP('',(#3027,#3034,#2780,#3036));
#3027=ORIENTED_EDGE('',*,*,#3028,.T.);
#3028=EDGE_CURVE('',#3029,#3029,#3031,.T.);
#3029=VERTEX_POINT('',#3030);
#3030=CARTESIAN_POINT('',(4.475,-2.84,4.7));
#3031=CIRCLE('',#3032,0.32);
#3032=AXIS2_PLACEMENT_3D('',#3033,#91,#14);
#3033=CARTESIAN_POINT('',(4.155,-2.84,4.7));
#3034=ORIENTED_EDGE('',*,*,#3035,.T.);
#3035=EDGE_CURVE('',#3029,#2782,#354,.T.);
#3036=ORIENTED_EDGE('',*,*,#3035,.F.);
#3037=ADVANCED_FACE('',(#3038),#381,.F.);
#3038=FACE_BOUND('',#3039,.T.);
#3039=EDGE_LOOP('',(#3040,#3047,#2789,#3049));
#3040=ORIENTED_EDGE('',*,*,#3041,.T.);
#3041=EDGE_CURVE('',#3042,#3042,#3044,.T.);
#3042=VERTEX_POINT('',#3043);
#3043=CARTESIAN_POINT('',(1.705,-2.84,4.7));
#3044=CIRCLE('',#3045,0.32);
#3045=AXIS2_PLACEMENT_3D('',#3046,#91,#14);
#3046=CARTESIAN_POINT('',(1.385,-2.84,4.7));
#3047=ORIENTED_EDGE('',*,*,#3048,.T.);
#3048=EDGE_CURVE('',#3042,#2791,#373,.T.);
#3049=ORIENTED_EDGE('',*,*,#3048,.F.);
#3050=ADVANCED_FACE('',(#3051),#400,.F.);
#3051=FACE_BOUND('',#3052,.T.);
#3052=EDGE_LOOP('',(#3053,#3060,#2798,#3062));
#3053=ORIENTED_EDGE('',*,*,#3054,.T.);
#3054=EDGE_CURVE('',#3055,#3055,#3057,.T.);
#3055=VERTEX_POINT('',#3056);
#3056=CARTESIAN_POINT('',(11.4,0.,4.7));
#3057=CIRCLE('',#3058,0.32);
#3058=AXIS2_PLACEMENT_3D('',#3059,#91,#14);
#3059=CARTESIAN_POINT('',(11.08,0.,4.7));
#3060=ORIENTED_EDGE('',*,*,#3061,.T.);
#3061=EDGE_CURVE('',#3055,#2800,#392,.T.);
#3062=ORIENTED_EDGE('',*,*,#3061,.F.);
#3063=ADVANCED_FACE('',(#3064),#419,.F.);
#3064=FACE_BOUND('',#3065,.T.);
#3065=EDGE_LOOP('',(#3066,#3073,#2807,#3075));
#3066=ORIENTED_EDGE('',*,*,#3067,.T.);
#3067=EDGE_CURVE('',#3068,#3068,#3070,.T.);
#3068=VERTEX_POINT('',#3069);
#3069=CARTESIAN_POINT('',(8.63,0.,4.7));
#3070=CIRCLE('',#3071,0.32);
#3071=AXIS2_PLACEMENT_3D('',#3072,#91,#14);
#3072=CARTESIAN_POINT('',(8.31,0.,4.7));
#3073=ORIENTED_EDGE('',*,*,#3074,.T.);
#3074=EDGE_CURVE('',#3068,#2809,#411,.T.);
#3075=ORIENTED_EDGE('',*,*,#3074,.F.);
#3076=ADVANCED_FACE('',(#3077),#438,.F.);
#3077=FACE_BOUND('',#3078,.T.);
#3078=EDGE_LOOP('',(#3079,#3086,#2816,#3088));
#3079=ORIENTED_EDGE('',*,*,#3080,.T.);
#3080=EDGE_CURVE('',#3081,#3081,#3083,.T.);
#3081=VERTEX_POINT('',#3082);
#3082=CARTESIAN_POINT('',(5.86,0.,4.7));
#3083=CIRCLE('',#3084,0.32);
#3084=AXIS2_PLACEMENT_3D('',#3085,#91,#14);
#3085=CARTESIAN_POINT('',(5.54,0.,4.7));
#3086=ORIENTED_EDGE('',*,*,#3087,.T.);
#3087=EDGE_CURVE('',#3081,#2818,#430,.T.);
#3088=ORIENTED_EDGE('',*,*,#3087,.F.);
#3089=ADVANCED_FACE('',(#3090),#457,.F.);
#3090=FACE_BOUND('',#3091,.T.);
#3091=EDGE_LOOP('',(#3092,#3099,#2825,#3101));
#3092=ORIENTED_EDGE('',*,*,#3093,.T.);
#3093=EDGE_CURVE('',#3094,#3094,#3096,.T.);
#3094=VERTEX_POINT('',#3095);
#3095=CARTESIAN_POINT('',(3.09,0.,4.7));
#3096=CIRCLE('',#3097,0.32);
#3097=AXIS2_PLACEMENT_3D('',#3098,#91,#14);
#3098=CARTESIAN_POINT('',(2.77,0.,4.7));
#3099=ORIENTED_EDGE('',*,*,#3100,.T.);
#3100=EDGE_CURVE('',#3094,#2827,#449,.T.);
#3101=ORIENTED_EDGE('',*,*,#3100,.F.);
#3102=ADVANCED_FACE('',(#3103),#476,.F.);
#3103=FACE_BOUND('',#3104,.T.);
#3104=EDGE_LOOP('',(#3105,#3112,#2834,#3114));
#3105=ORIENTED_EDGE('',*,*,#3106,.T.);
#3106=EDGE_CURVE('',#3107,#3107,#3109,.T.);
#3107=VERTEX_POINT('',#3108);
#3108=CARTESIAN_POINT('',(0.32,0.,4.7));
#3109=CIRCLE('',#3110,0.32);
#3110=AXIS2_PLACEMENT_3D('',#3111,#91,#14);
#3111=CARTESIAN_POINT('',(0.,0.,4.7));
#3112=ORIENTED_EDGE('',*,*,#3113,.T.);
#3113=EDGE_CURVE('',#3107,#2836,#468,.T.);
#3114=ORIENTED_EDGE('',*,*,#3113,.F.);
#3115=ADVANCED_FACE('',(#3116,#3122,#3124,#3126,#3128,#3130,#3132,#3134,#3136,#3138),#1226,.F.);
#3116=FACE_BOUND('',#3117,.F.);
#3117=EDGE_LOOP('',(#2862,#3118,#2900,#3119,#2939,#3120,#2977,#3121));
#3118=ORIENTED_EDGE('',*,*,#2886,.F.);
#3119=ORIENTED_EDGE('',*,*,#2924,.F.);
#3120=ORIENTED_EDGE('',*,*,#2963,.F.);
#3121=ORIENTED_EDGE('',*,*,#2994,.F.);
#3122=FACE_BOUND('',#3123,.F.);
#3123=EDGE_LOOP('',(#3040));
#3124=FACE_BOUND('',#3125,.F.);
#3125=EDGE_LOOP('',(#3027));
#3126=FACE_BOUND('',#3127,.F.);
#3127=EDGE_LOOP('',(#3014));
#3128=FACE_BOUND('',#3129,.F.);
#3129=EDGE_LOOP('',(#3001));
#3130=FACE_BOUND('',#3131,.F.);
#3131=EDGE_LOOP('',(#3105));
#3132=FACE_BOUND('',#3133,.F.);
#3133=EDGE_LOOP('',(#3092));
#3134=FACE_BOUND('',#3135,.F.);
#3135=EDGE_LOOP('',(#3079));
#3136=FACE_BOUND('',#3137,.F.);
#3137=EDGE_LOOP('',(#3066));
#3138=FACE_BOUND('',#3139,.F.);
#3139=EDGE_LOOP('',(#3053));
#3140=( GEOMETRIC_REPRESENTATION_CONTEXT(3) GLOBAL_UNCERTAINTY_ASSIGNED_CONTEXT((#3144)) GLOBAL_UNIT_ASSIGNED_CONTEXT((#3141,#3142,#3143)) REPRESENTATION_CONTEXT('Context #1','3D Context with UNIT and UNCERTAINTY') );
#3141=( LENGTH_UNIT() NAMED_UNIT(*) SI_UNIT(.MILLI.,.METRE.) );
#3142=( NAMED_UNIT(*) PLANE_ANGLE_UNIT() SI_UNIT($,.RADIAN.) );
#3143=( NAMED_UNIT(*) SI_UNIT($,.STERADIAN.) SOLID_ANGLE_UNIT() );
#3144=UNCERTAINTY_MEASURE_WITH_UNIT(LENGTH_MEASURE(1.E-07),#3141,'distance_accuracy_value','confusion accuracy');
#3145=MECHANICAL_DESIGN_GEOMETRIC_PRESENTATION_REPRESENTATION('',(#3146,#3156,#3165,#3166,#3167,#3168,#3169,#3170,#3171,#3172,#3173,#3174,#3175,#3176,#3177,#3178,#3179,#3180,#3181,#3182,#3183,#3184,#3185,#3186,#3187,#3188,#3189,#3190,#3191,#3192,#3193,#3194,#3195,#3196,#3197,#3198,#3199,#3200,#3201,#3202,#3203,#3204,#3205,#3206,#3207,#3208,#3209,#3210,#3211,#3212,#3213,#3214,#3215,#3216,#3217,#3218,#3219,#3220,#3221,#3222,#3223,#3224,#3225,#3226,#3227,#3228,#3229,#3230,#3231,#3232,#3233,#3234,#3235,#3236,#3237,#3238,#3239,#3240,#3241,#3242,#3243,#3244,#3245,#3246,#3247,#3248,#3249,#3250,#3251,#3252,#3253,#3254,#3255,#3256,#3257,#3258,#3259,#3260,#3261,#3262,#3263,#3264,#3265,#3266,#3267,#3268,#3269,#3270,#3271,#3272,#3273,#3274,#3275,#3276,#3277,#3278,#3279,#3280,#3281,#3282,#3283,#3284,#3285,#3286,#3287,#3288,#3289,#3290,#3291,#3292,#3293,#3294,#3295,#3296,#3297,#3298,#3299,#3300,#3301,#3302,#3303,#3304,#3305,#3306,#3307,#3308,#3309,#3310,#3311,#3312,#3313,#3314,#3315,#3316,#3317,#3318,#3319,#3320,#3321,#3322,#3323,#3324,#3325,#3326,#3327,#3328,#3329,#3330,#3331,#3332,#3333,#3334,#3335,#3336,#3337,#3338,#3339,#3340,#3341,#3342,#3343,#3344,#3345,#3346,#3347,#3348,#3349,#3350,#3351,#3352,#3353,#3354,#3355,#3356,#3357,#3358,#3359,#3360,#3361,#3362,#3363,#3364,#3365,#3366,#3367,#3368,#3369,#3370,#3371,#3372,#3373,#3374,#3375,#3376,#3377,#3378,#3379),#3140);
#3146=STYLED_ITEM('color',(#3147),#17);
#3147=PRESENTATION_STYLE_ASSIGNMENT((#3148,#3154));
#3148=SURFACE_STYLE_USAGE(.BOTH.,#3149);
#3149=SURFACE_SIDE_STYLE('',(#3150));
#3150=SURFACE_STYLE_FILL_AREA(#3151);
#3151=FILL_AREA_STYLE('',(#3152));
#3152=FILL_AREA_STYLE_COLOUR('',#3153);
#3153=COLOUR_RGB('',0.894999996726,0.890999991539,0.812999995914);
#3154=CURVE_STYLE('',#3155,POSITIVE_LENGTH_MEASURE(0.1),#3153);
#3155=DRAUGHTING_PRE_DEFINED_CURVE_FONT('continuous');
#3156=OVER_RIDING_STYLED_ITEM('overriding color',(#3157),#21,#3146);
#3157=PRESENTATION_STYLE_ASSIGNMENT((#3158,#3164));
#3158=SURFACE_STYLE_USAGE(.BOTH.,#3159);
#3159=SURFACE_SIDE_STYLE('',(#3160));
#3160=SURFACE_STYLE_FILL_AREA(#3161);
#3161=FILL_AREA_STYLE('',(#3162));
#3162=FILL_AREA_STYLE_COLOUR('',#3163);
#3163=COLOUR_RGB('',0.823999987314,0.819999987296,0.781000009244);
#3164=CURVE_STYLE('',#3155,POSITIVE_LENGTH_MEASURE(0.1),#3163);
#3165=OVER_RIDING_STYLED_ITEM('overriding color',(#3157),#77,#3146);
#3166=OVER_RIDING_STYLED_ITEM('overriding color',(#3157),#70,#3146);
#3167=OVER_RIDING_STYLED_ITEM('overriding color',(#3157),#63,#3146);
#3168=OVER_RIDING_STYLED_ITEM('overriding color',(#3157),#55,#3146);
#3169=OVER_RIDING_STYLED_ITEM('overriding color',(#3157),#47,#3146);
#3170=OVER_RIDING_STYLED_ITEM('overriding color',(#3157),#39,#3146);
#3171=OVER_RIDING_STYLED_ITEM('overriding color',(#3157),#31,#3146);
#3172=OVER_RIDING_STYLED_ITEM('overriding color',(#3157),#85,#3146);
#3173=OVER_RIDING_STYLED_ITEM('overriding color',(#3157),#95,#3146);
#3174=OVER_RIDING_STYLED_ITEM('overriding color',(#3157),#104,#3146);
#3175=OVER_RIDING_STYLED_ITEM('overriding color',(#3157),#113,#3146);
#3176=OVER_RIDING_STYLED_ITEM('overriding color',(#3157),#122,#3146);
#3177=OVER_RIDING_STYLED_ITEM('overriding color',(#3157),#131,#3146);
#3178=OVER_RIDING_STYLED_ITEM('overriding color',(#3157),#140,#3146);
#3179=OVER_RIDING_STYLED_ITEM('overriding color',(#3157),#149,#3146);
#3180=OVER_RIDING_STYLED_ITEM('overriding color',(#3157),#158,#3146);
#3181=STYLED_ITEM('color',(#3157),#167);
#3182=STYLED_ITEM('color',(#3157),#191);
#3183=STYLED_ITEM('color',(#3157),#208);
#3184=STYLED_ITEM('color',(#3157),#225);
#3185=STYLED_ITEM('color',(#3157),#242);
#3186=STYLED_ITEM('color',(#3157),#261);
#3187=STYLED_ITEM('color',(#3157),#280);
#3188=STYLED_ITEM('color',(#3157),#297);
#3189=STYLED_ITEM('color',(#3157),#308);
#3190=STYLED_ITEM('color',(#3157),#327);
#3191=STYLED_ITEM('color',(#3157),#346);
#3192=STYLED_ITEM('color',(#3157),#365);
#3193=STYLED_ITEM('color',(#3157),#384);
#3194=STYLED_ITEM('color',(#3157),#403);
#3195=STYLED_ITEM('color',(#3157),#422);
#3196=STYLED_ITEM('color',(#3157),#441);
#3197=STYLED_ITEM('color',(#3157),#460);
#3198=STYLED_ITEM('color',(#3157),#479);
#3199=STYLED_ITEM('color',(#3157),#546);
#3200=STYLED_ITEM('color',(#3157),#563);
#3201=STYLED_ITEM('color',(#3157),#580);
#3202=STYLED_ITEM('color',(#3157),#597);
#3203=STYLED_ITEM('color',(#3157),#614);
#3204=STYLED_ITEM('color',(#3157),#631);
#3205=STYLED_ITEM('color',(#3157),#648);
#3206=STYLED_ITEM('color',(#3157),#665);
#3207=STYLED_ITEM('color',(#3157),#682);
#3208=STYLED_ITEM('color',(#3157),#699);
#3209=STYLED_ITEM('color',(#3157),#723);
#3210=STYLED_ITEM('color',(#3157),#739);
#3211=STYLED_ITEM('color',(#3157),#757);
#3212=STYLED_ITEM('color',(#3157),#776);
#3213=STYLED_ITEM('color',(#3157),#794);
#3214=STYLED_ITEM('color',(#3157),#811);
#3215=STYLED_ITEM('color',(#3157),#828);
#3216=STYLED_ITEM('color',(#3157),#840);
#3217=STYLED_ITEM('color',(#3157),#845);
#3218=STYLED_ITEM('color',(#3157),#850);
#3219=STYLED_ITEM('color',(#3157),#855);
#3220=STYLED_ITEM('color',(#3157),#860);
#3221=STYLED_ITEM('color',(#3157),#865);
#3222=STYLED_ITEM('color',(#3157),#870);
#3223=STYLED_ITEM('color',(#3157),#875);
#3224=STYLED_ITEM('color',(#3157),#880);
#3225=STYLED_ITEM('color',(#3157),#885);
#3226=STYLED_ITEM('color',(#3157),#909);
#3227=STYLED_ITEM('color',(#3157),#926);
#3228=STYLED_ITEM('color',(#3157),#944);
#3229=STYLED_ITEM('color',(#3157),#961);
#3230=STYLED_ITEM('color',(#3157),#978);
#3231=STYLED_ITEM('color',(#3157),#995);
#3232=STYLED_ITEM('color',(#3157),#1011);
#3233=STYLED_ITEM('color',(#3157),#1022);
#3234=STYLED_ITEM('color',(#3157),#1044);
#3235=STYLED_ITEM('color',(#3157),#1060);
#3236=STYLED_ITEM('color',(#3157),#1076);
#3237=STYLED_ITEM('color',(#3157),#1092);
#3238=STYLED_ITEM('color',(#3157),#1108);
#3239=STYLED_ITEM('color',(#3157),#1124);
#3240=STYLED_ITEM('color',(#3157),#1140);
#3241=STYLED_ITEM('color',(#3157),#1149);
#3242=STYLED_ITEM('color',(#3157),#1229);
#3243=STYLED_ITEM('color',(#3157),#1251);
#3244=STYLED_ITEM('color',(#3157),#1268);
#3245=STYLED_ITEM('color',(#3157),#1285);
#3246=STYLED_ITEM('color',(#3157),#1300);
#3247=STYLED_ITEM('color',(#3157),#1315);
#3248=STYLED_ITEM('color',(#3157),#1332);
#3249=STYLED_ITEM('color',(#3157),#1349);
#3250=STYLED_ITEM('color',(#3157),#1357);
#3251=STYLED_ITEM('color',(#3157),#1376);
#3252=STYLED_ITEM('color',(#3157),#1395);
#3253=STYLED_ITEM('color',(#3157),#1417);
#3254=STYLED_ITEM('color',(#3157),#1435);
#3255=STYLED_ITEM('color',(#3157),#1453);
#3256=STYLED_ITEM('color',(#3157),#1469);
#3257=STYLED_ITEM('color',(#3157),#1485);
#3258=STYLED_ITEM('color',(#3157),#1503);
#3259=STYLED_ITEM('color',(#3157),#1521);
#3260=STYLED_ITEM('color',(#3157),#1532);
#3261=STYLED_ITEM('color',(#3157),#1551);
#3262=STYLED_ITEM('color',(#3157),#1569);
#3263=STYLED_ITEM('color',(#3157),#1590);
#3264=STYLED_ITEM('color',(#3157),#1605);
#3265=STYLED_ITEM('color',(#3157),#1620);
#3266=STYLED_ITEM('color',(#3157),#1634);
#3267=STYLED_ITEM('color',(#3157),#1648);
#3268=STYLED_ITEM('color',(#3157),#1663);
#3269=STYLED_ITEM('color',(#3157),#1680);
#3270=STYLED_ITEM('color',(#3157),#1687);
#3271=STYLED_ITEM('color',(#3157),#1705);
#3272=STYLED_ITEM('color',(#3157),#1723);
#3273=STYLED_ITEM('color',(#3157),#1791);
#3274=STYLED_ITEM('color',(#3157),#1813);
#3275=STYLED_ITEM('color',(#3157),#1832);
#3276=STYLED_ITEM('color',(#3157),#1849);
#3277=STYLED_ITEM('color',(#3157),#1868);
#3278=STYLED_ITEM('color',(#3157),#1885);
#3279=STYLED_ITEM('color',(#3157),#1902);
#3280=STYLED_ITEM('color',(#3157),#1918);
#3281=STYLED_ITEM('color',(#3157),#1932);
#3282=STYLED_ITEM('color',(#3157),#1951);
#3283=STYLED_ITEM('color',(#3157),#1959);
#3284=STYLED_ITEM('color',(#3157),#1973);
#3285=STYLED_ITEM('color',(#3157),#1981);
#3286=STYLED_ITEM('color',(#3157),#1995);
#3287=STYLED_ITEM('color',(#3157),#2004);
#3288=STYLED_ITEM('color',(#3157),#2017);
#3289=STYLED_ITEM('color',(#3157),#2021);
#3290=OVER_RIDING_STYLED_ITEM('overriding color',(#3157),#2031,#3289);
#3291=OVER_RIDING_STYLED_ITEM('overriding color',(#3157),#2051,#3289);
#3292=OVER_RIDING_STYLED_ITEM('overriding color',(#3157),#2045,#3289);
#3293=OVER_RIDING_STYLED_ITEM('overriding color',(#3157),#2039,#3289);
#3294=STYLED_ITEM('color',(#3147),#2057);
#3295=STYLED_ITEM('color',(#3147),#2076);
#3296=STYLED_ITEM('color',(#3147),#2091);
#3297=STYLED_ITEM('color',(#3147),#2106);
#3298=STYLED_ITEM('color',(#3147),#2117);
#3299=OVER_RIDING_STYLED_ITEM('overriding color',(#3157),#2127,#3298);
#3300=OVER_RIDING_STYLED_ITEM('overriding color',(#3157),#2136,#3298);
#3301=OVER_RIDING_STYLED_ITEM('overriding color',(#3157),#2145,#3298);
#3302=OVER_RIDING_STYLED_ITEM('overriding color',(#3157),#2154,#3298);
#3303=OVER_RIDING_STYLED_ITEM('overriding color',(#3157),#2163,#3298);
#3304=OVER_RIDING_STYLED_ITEM('overriding color',(#3157),#2170,#3298);
#3305=OVER_RIDING_STYLED_ITEM('overriding color',(#3157),#2179,#3298);
#3306=OVER_RIDING_STYLED_ITEM('overriding color',(#3157),#2188,#3298);
#3307=OVER_RIDING_STYLED_ITEM('overriding color',(#3157),#2197,#3298);
#3308=STYLED_ITEM('color',(#3157),#2206);
#3309=STYLED_ITEM('color',(#3157),#2224);
#3310=STYLED_ITEM('color',(#3157),#2242);
#3311=STYLED_ITEM('color',(#3157),#2260);
#3312=STYLED_ITEM('color',(#3157),#2278);
#3313=STYLED_ITEM('color',(#3157),#2296);
#3314=STYLED_ITEM('color',(#3157),#2314);
#3315=STYLED_ITEM('color',(#3157),#2332);
#3316=STYLED_ITEM('color',(#3157),#2350);
#3317=STYLED_ITEM('color',(#3157),#2368);
#3318=STYLED_ITEM('color',(#3157),#2387);
#3319=STYLED_ITEM('color',(#3157),#2406);
#3320=STYLED_ITEM('color',(#3157),#2425);
#3321=STYLED_ITEM('color',(#3157),#2444);
#3322=STYLED_ITEM('color',(#3157),#2463);
#3323=STYLED_ITEM('color',(#3157),#2482);
#3324=STYLED_ITEM('color',(#3157),#2501);
#3325=STYLED_ITEM('color',(#3157),#2520);
#3326=STYLED_ITEM('color',(#3157),#2539);
#3327=STYLED_ITEM('color',(#3157),#2543);
#3328=STYLED_ITEM('color',(#3157),#2547);
#3329=STYLED_ITEM('color',(#3157),#2551);
#3330=STYLED_ITEM('color',(#3157),#2555);
#3331=STYLED_ITEM('color',(#3157),#2559);
#3332=STYLED_ITEM('color',(#3157),#2563);
#3333=STYLED_ITEM('color',(#3157),#2567);
#3334=STYLED_ITEM('color',(#3157),#2571);
#3335=STYLED_ITEM('color',(#3147),#2577);
#3336=OVER_RIDING_STYLED_ITEM('overriding color',(#3157),#2581,#3335);
#3337=OVER_RIDING_STYLED_ITEM('overriding color',(#3157),#2758,#3335);
#3338=OVER_RIDING_STYLED_ITEM('overriding color',(#3157),#2733,#3335);
#3339=OVER_RIDING_STYLED_ITEM('overriding color',(#3157),#2728,#3335);
#3340=OVER_RIDING_STYLED_ITEM('overriding color',(#3157),#2707,#3335);
#3341=OVER_RIDING_STYLED_ITEM('overriding color',(#3157),#2702,#3335);
#3342=OVER_RIDING_STYLED_ITEM('overriding color',(#3157),#2677,#3335);
#3343=OVER_RIDING_STYLED_ITEM('overriding color',(#3157),#2672,#3335);
#3344=OVER_RIDING_STYLED_ITEM('overriding color',(#3157),#2763,#3335);
#3345=OVER_RIDING_STYLED_ITEM('overriding color',(#3157),#2772,#3335);
#3346=OVER_RIDING_STYLED_ITEM('overriding color',(#3157),#2781,#3335);
#3347=OVER_RIDING_STYLED_ITEM('overriding color',(#3157),#2790,#3335);
#3348=OVER_RIDING_STYLED_ITEM('overriding color',(#3157),#2799,#3335);
#3349=OVER_RIDING_STYLED_ITEM('overriding color',(#3157),#2808,#3335);
#3350=OVER_RIDING_STYLED_ITEM('overriding color',(#3157),#2817,#3335);
#3351=OVER_RIDING_STYLED_ITEM('overriding color',(#3157),#2826,#3335);
#3352=OVER_RIDING_STYLED_ITEM('overriding color',(#3157),#2835,#3335);
#3353=STYLED_ITEM('color',(#3157),#2844);
#3354=STYLED_ITEM('color',(#3157),#2874);
#3355=STYLED_ITEM('color',(#3157),#2890);
#3356=STYLED_ITEM('color',(#3157),#2912);
#3357=STYLED_ITEM('color',(#3157),#2928);
#3358=STYLED_ITEM('color',(#3157),#2951);
#3359=STYLED_ITEM('color',(#3157),#2967);
#3360=STYLED_ITEM('color',(#3157),#2989);
#3361=STYLED_ITEM('color',(#3157),#2998);
#3362=OVER_RIDING_STYLED_ITEM('overriding color',(#3157),#3002,#3361);
#3363=STYLED_ITEM('color',(#3157),#3011);
#3364=OVER_RIDING_STYLED_ITEM('overriding color',(#3157),#3015,#3363);
#3365=STYLED_ITEM('color',(#3157),#3024);
#3366=OVER_RIDING_STYLED_ITEM('overriding color',(#3157),#3028,#3365);
#3367=STYLED_ITEM('color',(#3157),#3037);
#3368=OVER_RIDING_STYLED_ITEM('overriding color',(#3157),#3041,#3367);
#3369=STYLED_ITEM('color',(#3157),#3050);
#3370=OVER_RIDING_STYLED_ITEM('overriding color',(#3157),#3054,#3369);
#3371=STYLED_ITEM('color',(#3157),#3063);
#3372=OVER_RIDING_STYLED_ITEM('overriding color',(#3157),#3067,#3371);
#3373=STYLED_ITEM('color',(#3157),#3076);
#3374=OVER_RIDING_STYLED_ITEM('overriding color',(#3157),#3080,#3373);
#3375=STYLED_ITEM('color',(#3157),#3089);
#3376=OVER_RIDING_STYLED_ITEM('overriding color',(#3157),#3093,#3375);
#3377=STYLED_ITEM('color',(#3157),#3102);
#3378=OVER_RIDING_STYLED_ITEM('overriding color',(#3157),#3106,#3377);
#3379=STYLED_ITEM('color',(#3157),#3115);
ENDSEC;
END-ISO-10303-21;
